:020000041000EA
:1000000000B5324B212058609868022188439860DF
:10001000D860186158612E4B002199600221596106
:100020000121F02299502B49196001219960352056
:1000300000F044F80222904214D00621196600F024
:1000400034F8196E01211966002018661A6600F04E
:100050002CF8196E196E196E052000F02FF8012189
:100060000842F9D1002199601B49196000215960AB
:100070001A491B48016001219960EB211966A021F2
:10008000196600F012F800219960164914480160C1
:100090000121996001BC002800D000471248134993
:1000A000086003C880F30888084703B5996A0420EC
:1000B0000142FBD001200142F8D103BD02B5186610
:1000C0001866FFF7F2FF186E186E02BD00000240BE
:1000D000000000180000070000035F00212200005C
:1000E000F4000018222000A00001001008ED00E03C
:1000F00000000000000000000000000074B24E7A12
:1001000000200420F7010010CB010010CD010010E9
:10011000C9010010C9010010C9010010C901001077
:10012000C9010010C9010010C9010010CF01001061
:10013000C9010010C9010010D1010010D301001045
:10014000C1010010C1010010C1010010C101001067
:10015000C1010010C1010010C1010010C101001057
:10016000C1010010C1010010C1010010C101001047
:10017000C1010010C1010010C1010010C101001037
:10018000C1010010C1010010C1010010C101001027
:10019000C1010010C1010010C1010010C101001017
:1001A000C1010010C1010010C1010010C101001007
:1001B000C1010010C1010010C1010010C1010010F7
:1001C000EFF30580103800BE00BE00BE00BE00BECA
:1001D00000BE00BEF2EB887174BA00109CBA001029
:1001E0003802001090A31AE71E481F49086006C88D
:1001F00081F3088810471D480068002801D019487D
:10020000F3E70DA40ECC002902D000F012F8F9E7B4
:100210001749184A002000E001C19142FCD116495B
:100220008847164988471649884700BEFDE701C937
:1002300001C29A42FBD370479CBA0010C000002054
:100240009844002074FE00100000042000000420E8
:1002500074FE0010001004200010042000000000B4
:10026000704700000000000008ED00E0000000D032
:100270009844002038780020C14D0010D5020010AD
:10028000B94D0010F8B5C04606480749091A8B1049
:10029000C90FC91810B5491003D0044B002B00D06A
:1002A000984710BD984400209844002000000000AA
:1002B000054B10B5002B03D00449054800E000BFF2
:1002C000FFF7E2FF10BDC04600000000E05B002029
:1002D00078B1001000B585B0154803AB02AA01A99A
:1002E00002F0BCF8002803D11248114900F078FD53
:1002F000039A0299019801F0D5FF0A2001F006FC4B
:1003000005F0A6FD05F002FD0B4805F075FD012383
:100310006A460020938103A906F00AFA0120002111
:10032000404206F07FFA002007F0C4F8F6E7C04626
:10033000C0D4010078B10010410300107047C046DE
:10034000F0B50A2087B001F0E1FB02AA1100394B99
:10035000802631CB31C11B6801200B60642108F07D
:10036000D7F902236A4601A90120938008F0D4F945
:1003700004F064FE0021022005F002F900F0BCFB4D
:10038000192000F007FDD02380226C271B06920461
:10039000294C2A4D5A62760001200021404208F083
:1003A00083FC00F009FB002007F028F80028F3D0B8
:1003B00021680020721A691807F02EF82368C01807
:1003C00020606D28E8D9EB5DFF2B02D0002323606D
:1003D000E2E7923BEB5CAA2BF8D1D02380221848AD
:1003E0001B0692045A6103002A0052CA52C352CA21
:1003F00052C352CA52C313492B000A002433D0CB34
:10040000D0C2D0CBD0C2D0CBD0C20F4A4835130017
:10041000D0CDD0C3D0CDD0C3D0CDD0C300F074FBED
:10042000642001F073FB0121012002F09FF930BF2D
:10043000FDE7C0467CB40010FC760020FC7500206F
:10044000E45500208C5B0020B05B0020F0B5CE4668
:10045000474680B5C9B005AE05000F0032001D4B00
:1004600013CB13C23900280009F0FEFD12236B44A0
:10047000994604AB9846040019004A46280008F043
:100480002BF94B464246A00080591B88128812491E
:1004900002900197009508A804F032FC013C02008C
:1004A00008A9002007F044F8E4B2002007F002F8A1
:1004B000012C04D949B0C0BCB946B046F0BD3900E2
:1004C000280009F0E7FD0028F4D11E22034907F0B7
:1004D0002FF8EFE78CB40010ACB10010E0B10010C1
:1004E00010B5094CC0B00B0002002100684604F0B2
:1004F00007FC69460200002007F01AF8002006F009
:10050000D9FF40B010BDC04600B2001070B5040065
:100510000D00160009F0A8FD012816D0022806D00B
:100520002900200009F0B6FD002809D070BD300078
:1005300000F08EF92900200009F0ACFD0028F5D16B
:100540001E22044906F0F4FFF0E7300000F050F8F6
:10055000E6E7C046E0B1001000487047D8B500108B
:10056000004870479CB4001070B5002823D00428C0
:100570002CD8174B8000C55828000AF0BBFBC0B22E
:10058000041C1F2812D8E4B2002808D00023114A06
:10059000E95C01331180D9B202328C42F8D8C02212
:1005A0000134E3B25B00920013430CE01F24E4B279
:1005B0000028EBD1F3E7064B02221968054802F048
:1005C00045FFC1239B000448038070BD0020FCE769
:1005D000203E00209E4C00209C4C0020004870478C
:1005E00000B500107047C046002070477047C046F5
:1005F000F0B5DE4657464E464546934BE0B59A4623
:1006000019000123914C83B0019400229B460734CA
:1006100003E001320231202A1DD04B78012B58D043
:10062000022BF6D10678019BB046DF799B684546E0
:100630001B023B435F460E7897402E4247D1BB4397
:100640001F0A2370677001321F0C1B0EA770E37026
:100650000231202AE1D141235246D35C012B00D143
:10066000D3E00022022B00D1AAE043235146CB5C09
:10067000012B00D1B2E00024022B00D17AE0452307
:100680005146C95C012900D182E0002302294DD0E6
:10069000472155466E5C012E55D00021022E34D0E4
:1006A000A2423BD0501EFE22024001987F3A427087
:1006B0008B4238D05A1EFE23134002007F3B13703A
:1006C00003B0F0BCBB46B246A946A046F0BD3B43D2
:1006D000B6E7019D0E78EF79AD6893402D022F4368
:1006E0008578B542F3D0C578B542F0D00579B542EA
:1006F000EDD04579B542EAD08579B542E7D0C579E4
:10070000B542E4D09F433B009AE746310078695CEC
:100710000140481E8141C9B2A242C3D100220198C2
:1007200042708B42C6D100230200C8E755464433CD
:100730000178EB5C55460B40591E8B4147216E5C9E
:10074000DBB2012EA9D101396E5C8178B14273D040
:10075000C178B14270D00179B1426DD04179B142D6
:100760006AD08179B14267D0C179891B4842414141
:10077000C9B295E7422154460378645C51461C4057
:10078000631E9C414523C95CE4B2012900D07CE78B
:100790005146013BCB5C8178994253D0C178994254
:1007A00050D0017999424DD0417999424AD081790E
:1007B000994247D0C179CB1A59424B41DBB267E726
:1007C0005146403203788A5C51461A40531E9A4182
:1007D0004323CB5CD2B2012B00D04CE74133CB5C3E
:1007E000817899422CD0C178994229D001799942D7
:1007F00026D04179994223D08179994220D0C47979
:10080000E41A63425C41E4B239E73F33D35C827857
:100810009A4213D0C2789A4210D002799A420DD0EF
:1008200042799A420AD082799A4207D0C279D21A82
:1008300053425A41D2B218E7012131E7012214E7AD
:1008400001241CE7012323E7A84700205457002078
:10085000F0B50600012002243056345783B000283A
:100860004ADC00D078E04B4FB870002C2DDC59D119
:1008700001213C71BC68FB7924021C430020002349
:100880008C46454A03E001330232202B0ED05178CA
:100890000329F8D160463178157898400D4211D07F
:1008A0000443012001330232202BF0D1002807D06D
:1008B000220A3A722202FC71120E240E7A72BC7263
:1008C00003B0F0BD84430120ECE7200002F018FCE7
:1008D000324A334B02F0A9FB02F056FC314A324B4C
:1008E00002F0A3FB02000B003048314902F079FB13
:1008F00002F01EFC44B2BBE702F002FC274A284B80
:1009000002F093FB02F040FC264A274B02F08DFBDD
:1009100002000B002548264902F063FB02F008FCA8
:1009200040B2A0E7200002F0EBFB1C4A214B02F092
:100930007CFB02F029FC1B4A1B4B02F076FB0200F9
:100940000B001A481A4902F04CFB80231B06C918F9
:1009500002F0EEFB44B28BE702F0D2FB0F4A154BDC
:1009600002F063FB02F010FC0E4A0F4B02F05DFB3D
:1009700002000B000D480E4902F033FB802300906B
:100980000191009A1B061000019AD11802F0D0FBC9
:1009900040B268E754570020A8470020E4E177B24E
:1009A0001F52A7BFE10B93A9820B6040D5E76A2BCA
:1009B000F6D35F401F52A73FF0B5C64600B586B0DC
:1009C00001F050FA022304000D0023492600CB5603
:1009D0002F009C4604232148CB5698460268436862
:1009E000B61A9F41002F02D11D4B9E420BD9002207
:1009F000046045601B4B9A56624521D01A4A6046F6
:100A0000187043461370012300228868CC790002D5
:100A10002043CB568A5605908879049005200856C5
:100A2000039040460290C978002049B20191614686
:100A30000091032106F066FF06B080BCB846F0BD09
:100A40000020094A10564045D9D1002080468446EE
:100A500088700871D3E7C0465457002088460020AC
:100A60004FC300003278002033780020F0B59DB0ED
:100A7000040024220021684602F0E2FC1C492422E2
:100A8000684602F0E3FC1B4B0AAA23CB23C223CB0C
:100A900023C223CB23C223CB23C223CB23C223CB0A
:100AA00023C224226946002006F042FD6A46200047
:100AB000541E032227254B27012394466D446F447F
:100AC000E25C0121002A0AD1EA5C0131002A06D148
:100AD000FA5C11004E1EB141664649423140013375
:100AE000027041700230252BEAD11DB0F0BDC04626
:100AF00000F01F1024F01F1010B50248FFF7B6FFDA
:100B000010BDC046A847002070B514008022060022
:100B10000D00C0B000216846520002F091FC310087
:100B20002422684602F092FC2900242209A802F03F
:100B30008DFC2422210012A802F088FC05F0AEF9F9
:100B4000EFF3108472B68021074849010AF09CFA3D
:100B500080226946044852000AF07EFA84F3108825
:100B600005F0BEF940B070BD00F01F00130000207A
:100B700010B5642900D010BD10221900024802F0FF
:100B800065FC0120F7E7C046343E002010B502485E
:100B900004F07CFD012010BD343E002010B501386A
:100BA000C0B204F067FE10BD10B50138C0B204F049
:100BB00081FE10BD0138C0B243000D4A1B181B0155
:100BC0009B18D02230B5120699785068DC785368AB
:100BD00001221500A5408A402B405C426341104031
:100BE000424250415B001843431E9841C0B230BDA1
:100BF000847500200138C0B24300044A1B181B0151
:100C00009B18587B012358407047C04684750020CC
:100C100010B50138C0B204F071FE10BD7047C04677
:100C2000F0B50D0083B001AF0400390028001600B4
:100C300008F01CFC7A780023002A04D0FB78013BE2
:100C40005A425341DBB2013C32002900E0B204F0C9
:100C500071FE03B0F0BDC04610B582B06C46248A68
:100C600001380094C0B204F0F1FE02B010BDC046DD
:100C700010B50138C0B204F031FF10BD10B5013815
:100C8000C0B204F0B3FE10BD094A83009A1810B533
:100C900014684022544080322240064CC000A446D2
:100CA00063441A60044B9C466044416010BDC046DA
:100CB00004C0014004D0014000400140074B8000C7
:100CC000C3181B68C90092000A435A400C23134002
:100CD000034A9446604403607047C04604C0014024
:100CE00004D00140064BC000C3181B6809045940DA
:100CF000C0239B021940034B9C466044016070472F
:100D00000440014004500140064BC000C3181B685A
:100D100009025940C0239B001940034B9C46604484
:100D2000016070470440014004500140064BC00080
:100D3000C3181B6809035940C0239B011940034B8A
:100D40009C466044016070470440014004500140EB
:100D5000054B8000C3181B684B4001211940034B11
:100D60009C4660440160704704C0014004D00140CB
:100D7000064B8000C3181B68054A09015940944678
:100D8000302360440B4003607047C04604C00140FC
:100D900004D001400123D022834012069362936164
:100DA000094A83009A1811684022514080320A4053
:100DB0000649C0008C4663441A60054B9C460523D7
:100DC000604443607047C04604C0014004D0014005
:100DD000004001408023DB051868000F7047C046C3
:100DE0000FB400B5084883B004F078F9049B002BD9
:100DF00007D005A91800019103F0AAFF034804F0E9
:100E00006DF9012003F0BCFF74B2001084B2001031
:100E1000EFF3108072B6034A1368002BFCD0BFF3C7
:100E20005F8F70472C0100D0BFF35F8F0022024B11
:100E30001A6080F3108870472C0100D070B5EFF372
:100E4000108C72B60D4D2B68002BFCD0BFF35F8F5A
:100E50000724CB08C618C05C01230C40A3401C002B
:100E60000440034207D118433070BFF35F8F2C60FA
:100E70008CF3108870BD1000FFF7B2FF2C0100D07A
:100E8000F8B54746CE46884680B5EFF3108C72B66B
:100E90001C4D2C68002CFCD0BFF35F8F9A4222D8E7
:100EA00007210126894602E00132934218D34D46BC
:100EB00037001540AF40D4080119045D2742F3D133
:100EC00010003C430C70BFF35F8F00220D4B1A6083
:100ED0008CF3108800280EDBC0BCB946B046F8BDC4
:100EE00001204042EFE7BFF35F8F00232B608CF3BC
:100EF0001088012040424346002BEDD00898FFF7B0
:100F00006FFFC0462C0100D0044A1078431CDBB2AE
:100F1000172B00D9102313707047C046443E0020A1
:100F200010B5064B064C82B00100009318221F2317
:100F30002000FFF7A5FF02B010BDC04688B2001028
:100F4000105700200021044B044ABFF35F8F02C3F7
:100F50009342FAD17047C046000100D0800100D012
:100F6000054B064A1360064A136053609360D360D2
:100F700013615361936170478080808000E400E0DA
:100F800004E400E01F2318401E3B8340002905D0E5
:100F9000C021044A49005350136070478022014920
:100FA0008B50FAE700E100E001228240034B1B680E
:100FB00013405A1E9341D8B27047C04600E100E08A
:100FC00070B50D00EFF3108672B60F4A1368002B50
:100FD000FCD0BFF35F8F0D4B10309B6884001B5912
:100FE0000B4A934203D09D4201D001F053FC074BC2
:100FF0009B681D51BFF35F8FBFF35F8F0022024BD1
:101000001A6086F3108870BD240100D000ED00E066
:10101000C1010010F0B557464E46DE464546E0B5E4
:1010200085B0060000911700EFF3108B72B66A4A84
:101030001368002BFCD0BFF35F8F0025674B5D5713
:101040009A46002D00DAA9E06B00654C01935B190C
:101050009B009846A146C1444B4652469B791036A8
:101060001370604BB6009B6899590B1B2F2B33D91B
:101070005D4B994200D0ACE0019B42469C465B4BE5
:101080006544AD0063535A4B0232A218043B9B1ACD
:101090001B05584A5B0D651913436B80564B0121A4
:1010A000AB80FF23AB71009BEF71AB604B460B43F2
:1010B00019004C4B9B689951BFF35F8FBFF35F8F53
:1010C0000022454B1A608BF3108805B0F0BCBB467C
:1010D000B246A946A046F0BD01200A008243D3795A
:1010E0008C46BB4231D84546130044491B1B5B412B
:1010F0005943090D3D4B63533D4B02356519043B84
:101100005B1B1B053B4D5B0D2B43AA464D466B807D
:101110000425AC465546E044131F44441B1B1B05E5
:101120005B0D1D434B46997100999D80996049461E
:10113000DF71334B01431360BBE75800C0188000D8
:101140002018C179B9422FD902000623D356002BAB
:10115000F3DA02932B4B61460393131D9A46042343
:101160005B429C46E14450464B461B1A1B055B0DF7
:101170009C46204B957198466346404603439380B6
:10118000019B5A199200039BA418A380029B1C4A3E
:10119000A371009B2260E771A3608AE701F07AFBEC
:1011A000002553465D574FE7908802934005131D75
:1011B0009A46031561469C464046D4446346043033
:1011C0002018181AE0230005400D1B021843039055
:1011D000C5E701F05FFB4FE7240100D03178002024
:1011E000483E002000ED00E0C101001000A1FFFF1B
:1011F000783E002000E0FFFF01BDFFFFAAAA00002B
:101200000148804701BD0000F0B5DE4657464E4616
:101210004546E0B50C0083B0EFF3108872B6634A20
:101220001368002BFCD0BFF35F8F614B61499A6854
:10123000030010339F00D55901938D4243D0A5423E
:1012400054D05D4EAA1B2F2A3DD85C4B9B461B6891
:10125000994601231A009C4682404B4613401F22A8
:1012600099466346024093409A4680225B46504628
:101270009850BFF35F8FEFF305839B46002B37D069
:10128000019B5B4501D001F005FB01232A009A4335
:101290009068844208D176E04B005B189B00F318FD
:1012A0009868844236D01A00062151560029F3DA94
:1012B000844254D04B46002B27D0C02251463F4B8E
:1012C0005200995019603A4B9B68DD51BFF35F8F14
:1012D000BFF35F8F0022354B1A6088F3108803B08C
:1012E000F0BCBB46B246A946A046F0BD0D00EAE7F9
:1012F0002A0063469A4390688442D5D1062010564E
:10130000130000280ADA0D0031E0802351462B4AF1
:10131000D150D8E706201856002821DB42001118CA
:10132000890074188B46A1689960E179D97106210A
:1013300061569971002924DBA488F11A64052415EB
:101340005C44091909051E4C490D21439980131865
:101350001C4A9B001178F31899711070AAE71300CA
:101360005946002914D1FF319171174991801549CF
:101370000A789A71154A9B1B5B415A43120D0A70F9
:1013800098E71149E2E70620105613000028C5DA55
:101390000F4A1049D21A083A5002400D0143998071
:1013A0000D4952080A43DA8084E7C046240100D080
:1013B00000ED00E0C1010010483E002000E100E027
:1013C00000E0FFFF3178002001BDFFFFAAAA000066
:1013D000823E002000F0FFFF00F8FFFF70B50124FF
:1013E0000443EFF30581EFF3108C72B6214A1368C2
:1013F000002BFCD0BFF35F8F1F4B05001F4AED1A77
:101400006D416A43120D1E4D8900AE6852B2765886
:10141000A6421CD00621595691421CD01221595681
:10142000914222D01E215956914220D02A2159564C
:101430000324914210D0134B19781A708171BFF3B5
:101440005F8F00220B4B1A608CF3108870BDAB6865
:101450000D4C5C50EFE700246100091989005B180E
:10146000FF21997109499980E5E70124F4E70224F5
:10147000F2E7C046240100D0483E0020AAAA00009E
:1014800000ED00E031780020C101001001BDFFFF38
:10149000024B9C4661448900016070474000003463
:1014A00070B5114C114DAC420FD2FF262368002BB2
:1014B0000CD0FFF729FD01002000FFF7E9FFA6800F
:1014C000BFF35F8F0834AC42F0D370BDFFF71CFD53
:1014D00001002000FFF7DCFF2671BFF35F8F0834A7
:1014E000AC42E3D3F1E7C046884400209844002092
:1014F00010B50400FFF708FD01002000FFF7C8FF4A
:10150000FF232371BFF35F8F10BDC04610B50400E9
:101510000120FFF705FD034BC3189B002360BFF3B9
:101520005F8F10BD400000340A4B1968EFF3108044
:1015300072B60A68002AFCD0BFF35F8F1B68BFF346
:101540005F8F00221A6080F3108840BF00200021C6
:101550007047C04604780020F0B5DE4657464E4638
:101560004546E0B587B0EFF30583032201251A4015
:10157000954091008846A946B34B03925C58B34B03
:101580001D60B34B04934B46B24843630823E55EAA
:10159000002D37DAA3881BB2002B00DBADE0A37966
:1015A000002B00D0EEE00823E05E002820DB4300A3
:1015B00062691B18DB00D3189E68DD68731C00D1BC
:1015C00011E1A44801004144826A0B69B71A9B1AD1
:1015D0009F4215D30123026A039883401A420FD019
:1015E0009C4800F037FC8D4202DCCCD18642CAD93F
:1015F00040BF07B0F0BCBB46B246A946A046F0BD0E
:101600000E61EDE762696B0092465B19DB009A445C
:1016100053469E68DF6800F01DFC8F42BADC00D1A3
:1016200003E1002F00DAE8E05246534652691B6995
:101630009346049A934200D1D9E052460821605E55
:101640005288000459461043984700900191009930
:10165000019A0B001000134300D1CEE013000A00E2
:10166000B61A9F41002806DB7A4800F0F3FB009E83
:10167000019F36184F4153469E60DF6000229A5EFC
:10168000002A00DA86E7530099186069C9004118FA
:1016900002938B68C9689B46B94200DD7AE702D1A4
:1016A000B34200D976E708239C46A44405956546D5
:1016B0002281A446029B2C0006E053009918C90021
:1016C00041188D68C968AB469B18DB00C318B94246
:1016D00006DC00D1B3E01C000023E25E002AECDA55
:1016E000230064469C4653461A806346059D1D8030
:1016F000A3881BB2002B00DA51E72269EFF31081B7
:1017000072B61368002BFCD0BFF35F8F0123A7884C
:101710005B42A3803FB22369BFF35F8F00221A6050
:1017200081F31088002F00DA39E723000833220004
:101730009A4666697B00DB19DB00F318996850460E
:101740008C460824115FDD68002910DB029306E057
:10175000AB4244D00023E15E2000002906DB4C00B0
:101760006418E4003419E368AB42F1DD029B0780A2
:1017700000201F5E1980002FDCDA1400A379002BF3
:1017800000D110E70023A37126000823E15E08368C
:101790004B1C00D12CE70800A246656902E03E0020
:1017A0004B1C1AD04B005B18DB00EF180A008C466C
:1017B000E95E7B881BB2002BF1DA01235B42DC1768
:1017C000BB60FC60824205D0534631801B893B8060
:1017D00053461A8160464B1CE4D15446E5E6A368A3
:1017E0006345B7D9C2E76B1C00D0EAE6F8E65B4672
:1017F00058461B69984700281BD153461B8822690D
:101800002381EFF3108372B611680029FCD0BFF377
:101810005F8F514662880A8022696580BFF35F8FBF
:101820000021116083F31088B4E6864200D8F8E600
:10183000B0E65B461A685B680092019307E7B34520
:1018400000D848E74CE7C046E47500203C700540EE
:10185000591500100040054070B52E4C2569002D2B
:1018600004D00A212C48FFF713FE70BD2B4E032134
:10187000300000F0E5FAE660FFF746FB284B032254
:101880009C46D02322701B061B6801216370254BE8
:101890006044A3600F23800020610220638063699D
:1018A0004942A18019800231198647311D8358525F
:1018B00018315A5275325C399952183201319952A5
:1018C00018320131995218320131995208351832C3
:1018D0009D52023118329952183201319952183200
:1018E000013199521832013199521832013199520D
:1018F0001832013199520C4B0C49DC6001303562D1
:10190000FFF75EFB01210320FFF73CFB084B1D6046
:10191000A7E7C046903E0020047800200040054024
:1019200040000034FFFF1000E4750020591500103E
:1019300038600540F0B5C646060000B518200F0017
:10194000904601F035FD051E3FD01821404601F0BC
:101950004DFD39006861300000F072FAEE60FFF76B
:10196000D3FAD0222F70120612681A4B6A709C4666
:101970000122434652429BB26B819B186B804346C7
:101980006044800028612A81AA80002B0BD05A0075
:101990006C694244D200104B121923800133183471
:1019A0009BB29442F9D10124BC400C4BBA003800E0
:1019B0000B493462D550FFF703FB01213800FFF7D4
:1019C000E1FA084B9C4666443460280080BCB84667
:1019D000F0BDC04640000034FFFF0000E475002069
:1019E000591500103820000070B501000469EFF3AC
:1019F000108C72B620680028FCD0BFF35F8F0220E5
:101A00000D5E4C6968004019C00024180869002D5B
:101A100036DB26884E80BFF35F8F002606608CF38E
:101A20001088E36063880498013320615B040598A3
:101A30005B0CA26060611A1C002B1FD093B22804BB
:101A4000628018430A69EFF3108C72B61368002B9A
:101A5000FCD0BFF35F8F8B8823808D800B69BFF331
:101A60005F8F00221A608CF310880B7801329A4045
:101A7000CB6808498C4663441A6070BD0122DDE7DB
:101A8000BFF35F8F002303608CF310880120404276
:101A9000F3E7C0463C20000010B543890A14934286
:101AA0001ADD53009B184269DB00D3180469EFF379
:101AB000108C72B62268002AFCD0BFF35F8F5A8860
:101AC000090494B2090C8A4208D00369BFF35F8FFE
:101AD00000221A608CF31088002010BD80221202B0
:101AE00014435C80012302698371BFF35F8F00217F
:101AF00011608CF31088044902788C469340C268C8
:101B0000012062441360E8E73C200000F0B5C646BF
:101B100000B582B0040000F0A5F9FA2206000F001B
:101B2000200000230021920001F0A2FB80197941DE
:101B300004000D1E02DA01242E4D64420626764270
:101B4000F71736196F41AF4214D811D000F08AF957
:101B500032003B00121A8B41002B15DC002B46D0C3
:101B60002000290000F00AFA02B080BCB846F0BD9F
:101B7000A642EBD90026002700F074F932003B00A2
:101B8000121A8B41002BE9DD00F06CF932003B00AA
:101B9000121A8B41002B0ADB00230193164B3200F3
:101BA000009316483B00FFF71FFF0130D8D00023F9
:101BB0003900B0469C46124A1248536A994204D8EA
:101BC000966A4645CCD29942CAD10668EFF310878F
:101BD00072B63368002BFCD0BFF35F8F0368BFF38E
:101BE0005F8F66461E6087F3108820BFE5E7002AF6
:101BF000B6D0C9E7FFFFFF7F29150010903E0020F7
:101C00000040054004780020F0B557464E46DE46B9
:101C10004546E0B506000F0085B0EFF30583994611
:101C20008B46002B12D0384900204B6ABB4206D3AA
:101C30008A6ADB1B591E8B41B2424041184305B0F2
:101C4000F0BCBB46B246A946A046F0BD2F4B9A4613
:101C5000DB68984653461B784046039300F0FAF839
:101C60004246039B040004339B009B580D001B1A43
:101C700039003000001BA941894510DC0DD020BF80
:101C8000214A0020536A5B45D9D3926ADB1B591E57
:101C90008B41B24240411843D1E78342EFD900F073
:101CA000E1F832003B00121A8B41002B1ADB0023B3
:101CB0000193174B3200009350463B00FFF794FE10
:101CC000011E0FDD104B5A6A5A451BD39B6AB34263
:101CD00016D35046FFF7E0FE0B4A0020536A5B45DF
:101CE000ADD3D2E7084A0020536A5B45A7D3002052
:101CF000926ADB1BB24240415A1E934118439EE751
:101D00005A45E6D120BFE4E700400540903E002060
:101D100029150010F0B5CE464746110080B583B0B6
:101D200004009C460C9D194300D16CE06146DB1712
:101D30000193009353401E00019B4B401F000098ED
:101D40000199361A8F4163460A996B600B9BAC6010
:101D500029612A606B6100F085F8801979410029BA
:101D600002DA0120314940422269EFF3108972B64C
:101D70001368002BFCD0BFF35F8F0223E65E63691C
:101D800072009219D2009B1822699046002E42DB05
:101D90001A886280BFF35F8F002247463A6089F35A
:101DA0001088234A9860D9601A615A885D610132AF
:101DB0005204520C111C002A2BD088B23204024368
:101DC00059802069EFF3108772B601680029FCD0B2
:101DD000BFF35F8FA1881980A6802369BFF35F8F4F
:101DE0000021196087F31088124823788446013156
:101DF00099400120E36863441960EA6003B0C0BC05
:101E0000B946B046F0BD00230126002701229C46BA
:101E100099E70121D1E7BFF35F8F0023136089F3B6
:101E20001088012200205242E7E7C046FFFFFF7FF3
:101E3000591500103C200000004870470040054044
:101E400010B5024A0248FEF7F9FF10BDA4B2001017
:101E5000145700200300416A0A00986A596A8A42AE
:101E6000FAD17047034B596A0A00986A596A91423D
:101E7000FAD170470040054070B504000D00174AC4
:101E8000536A1900966A536A8B42FAD130001900DE
:101E900024184D41AB4216D813D0104B2A005B6A70
:101EA0009D4203D90D494B6A9342FCD3934207D11B
:101EB0000A4A02E0516A994202D1916AA142F9D3D9
:101EC00070BDA642E9D9054B5B6A1C005A1CEFD0D5
:101ED000012201246442E5175242E3E70040054035
:101EE000244B70B598420BD843011B1A224A9B0021
:101EF0001818916AC000936A5B1A9842FBD870BDAB
:101F0000FA2200239200002101F0B2F904000D0032
:101F1000194A536A1900966A536A8B42FAD1300003
:101F2000190024184D41AB4218D9134B5B6A1C00B1
:101F30005A1C0AD0012301246442E5175B420E4972
:101F40004A6A9A42FCD39A42D9D10B4A02E0516ABA
:101F50009942D4D1916AA142F9D3D0E7AB4205D0DE
:101F6000054A2B00526A9542E9D8ECE7A642F7D918
:101F7000DBE7C0469BC4200000400540064A536A88
:101F80009942FCD807D1044B02E05A6A914202D12F
:101F90009A6A9042F9D8704700400540F8B50400AD
:101FA00006200D0000F078F9002844D0374B38495E
:101FB000E3185A1E93418022120494465B429B0D03
:101FC000344A9B0563441360334A136018000A685F
:101FD0009043FBD12D4B314AE31859424B418021AC
:101FE0005B0049000620995200F056F92900C00014
:101FF00000F0BCFD0130C3091ED1402701226262FE
:10200000A362266BF30722D4E36A254B0620E5186A
:1020100000232B60266300F03FF93900800000F0B8
:10202000A5FD7023E26A5A400E3313402B601D4B0E
:1020300023630323A364F8BD1B4A93421ED90023E4
:102040001A4A1B4F6262A362266BF307DCD5194B59
:10205000144AE3181A60656AA36A0620AD01ED18F8
:1020600000F01AF9144900F081FDAD0201002800CA
:1020700000F07CFD0021FFF7FFFEC5E74006800E63
:102080009F011A003F180300B9E7C0460080FCBF5B
:1020900008C0004000E0004000F000402078002030
:1020A0002C10000001030000FEFF0000FFFF0000F5
:1020B000C0FF3F00303000004E0E0000F8B5DE4695
:1020C0004E4657464546E0B58B4605000A9918002E
:1020D000160000F04BFD0A9B6C001F02324B641986
:1020E0009C46A4006444636881469F4200D96760AF
:1020F0002B1FDBB29846012B30D9C02380229B01D5
:10210000E31812011A60294BAD0059599A4600296B
:102110001BD17301E026226853401E4080234246B3
:102120005B01E3181E60012A30D9802380229B01C5
:10213000E31812011A6053464A4667605A51F0BCD0
:10214000BB46B246A946A046F8BD586900F00EFD50
:10215000013043001B18033BFDD2DAE75B46012B3D
:10216000CBD1C02303229B01E3181A60023AA36873
:102170001A42FCD07301E0262268AD0053401E4095
:1021800080230A4A5B019246E3181E605A46216882
:10219000514003220A401A6001225B469A40A3681C
:1021A0001A42FCD0C1E7C046008000401C57002006
:1021B000F0B546464F46D646C0B51F00344B4400E6
:1021C0009C462418A4006444636888461600FF2BCC
:1021D00002D880235B006360031FDBB29A46012BA9
:1021E00030D9C02380229B01E31812011A60294BC9
:1021F00085005959994600291BD17301E0262268B0
:1022000053401E40802352465B01E3181E60012AA2
:1022100030D9802380229B01E31812011A608023A9
:102220005B0063604B465F51E0BCBA46B146A846CE
:10223000F0BD586900F09AFC013043001B18033BC5
:10224000FDD2DAE74346012BCBD1C02303229B0109
:10225000E3181A60023AA3681A42FCD07301E02620
:102260002268850053401E4080230A4A5B01914644
:10227000E3181E6042462168514003220A401A605A
:10228000012342469340A2681342FCD0C1E7C046F6
:10229000008000401C570020014B8000C058704750
:1022A0001C570020F0B54746CE4680B55B4B160064
:1022B0005A680700884683B0FF2A02D8802252005D
:1022C0005A600322564B554D1A600123AC682342D5
:1022D000FCD0202229685140C0320A4051490A608E
:1022E0002A684E4D5A40032313400B600223AC680A
:1022F0002342FCD080224C4B12011A6080235B00E9
:102300006B604A4C99464A4B3A006361012143464F
:102310004848009600F0D8F941463800714300F073
:1023200025FC454B05005A68FF2A01D84A465A60E9
:102330008022424B12011A602169002907D060698E
:1023400000F014FC013043001B18033BFDD2E023D6
:10235000394A3B4811680B40036002231168594019
:1023600001330B400421036093681942FCD08021A3
:10237000344B090119608021334B490051602361BE
:10238000264B5A68FF2A00D8596003220121244BAA
:102390001A60224A93681942FCD0E0231068034077
:1023A00020480360126803234A40022113401B4A5D
:1023B000036093681942FCD080211B4B090119600E
:1023C0008021224B4900516065615A68FF2A00D87C
:1023D000596080221E4B12011A60A169002907D0A2
:1023E000606900F0C3FB013043001B18033BFDD2C2
:1023F000402316490A685A40A0331340154A136017
:102400008022154B12011A6080235B004B60084B41
:10241000A36103B0C0BCB946B046F0BD3C800040EB
:102420003CB000403C9000403CA000401C570020C5
:10243000006CDC02008002403080004030B0004080
:102440003090004030A00040001BB70048800040A2
:1024500048B000404890004048A00040F0B54E46CB
:10246000DE4657464546E0B51600924A85B093468B
:10247000A022520091465A4603969B4606000192BE
:102480000291019B8C4A93420DD901235B429C46E9
:102490008A4AE1449446019B634401934B460F2BC7
:1024A000EFD100208EE01F00854B07249C46674437
:1024B0002300634338001900984600F057FBA246FA
:1024C000651E864250D06C433800210000F04EFB60
:1024D000864259D06B1E9846012D00D1D3E0534659
:1024E000E41A2100380000F041FB864258D0AB1EB0
:1024F0009846022D00D1B9E05346E41A2100380075
:1025000000F034FB864264D0EB1E9846032D66D063
:102510005346E41A2100380000F028FB864200D11F
:1025200072E02B1F9846042D00D174E05346E41A44
:102530002100380000F01AFB864200D17DE0052D15
:1025400000D17FE053463800E11A00F00FFB06246B
:102550008642ADD10029ABD1C8465B46D1460125A4
:102560000298039E26E0A8464146380000F0FEFA95
:10257000002900D197E0651EA2466C433800210077
:1025800000F0F4FA8642A5D12100380000F0EEFAFE
:1025900000299FD1C8465B46D1460298039E09E0B8
:1025A0000029A4D15246C2465B46C84655469146CC
:1025B0000298039E4246434951434A460160012026
:1025C00032601D6005B0F0BCBB46B246A946A046CD
:1025D000F0BD0029E6D0EB1E9846032D98D10921C5
:1025E00038000324092500F0C1FA8642BBD003233A
:1025F000062138009A460334073D00F0B7FA8642B8
:10260000C2D0012398466AE70029CBD02B1F9846F9
:10261000042D00D08AE704240C353B099E42A2D049
:1026200004230C2138009A4608340D3D00F09EFA30
:102630008642A9D00223984651E70029B2D0052D41
:1026400000D07FE719213800192500F08FFA864263
:1026500026D01421380000F089FA052314249A4664
:1026600086421BD0023B9846153D38E704230224DE
:102670009846BB089E4200D176E7A246013D7B0802
:102680009E4200D180E7B74200D0FEE60122C84654
:102690005B46914601250298039E8BE7042573E76C
:1026A000A846052460E7C8465B46A1462500029877
:1026B000039E7FE750262F0050F80C0020D1FFFF2B
:1026C000B0710B00001BB700F8B5040021481E00D4
:1026D00017000D0000F04AFA0100380000F046FA39
:1026E000069B36041B031E432368002B20DB1A4B7A
:1026F0001A49E3185A1E93418022920194465B4284
:102700001B0B174A1B0363441360164A13601F0018
:102710000A689743FBD1144B2560E2182123A0607F
:1027200013602368002BFCDA0823E6601360F8BD11
:102730003F2322681340AB42D9D1A3681B051B0D70
:102740008342D4D1EE22E368D2021340B342CED109
:10275000EDE7C046001BB7000040FDBF08C00040C9
:1027600000E0004000F0004004300000194B1A4A1D
:1027700010B5DA618022194BD2051A60184C194A3B
:10278000146000290AD0E022174BD2041A600028F6
:1027900009D18022144B12061A6010BDE022D20427
:1027A0001A600028F5D043011B1A9B0018188023DB
:1027B00000015B04984209D203000C4A1360802296
:1027C000044BD2055860084B1A60E6E7084B180026
:1027D000F3E7C046008005402131B76A00B00540EC
:1027E000FCFF01000820014000A005407C5B0020A8
:1027F000FFFFFF008023024A9B000B43D362704718
:1028000000800540002310B50100988A1B8B984773
:1028100010BDC046162310B50100188802331B886E
:10282000984710BDF8B54746CE4680B50F1E18D064
:1028300014239946043304000025012698464B468C
:102840001888434621681B88984701C4431E984155
:1028500001350640AF42F2D13000C0BCB946B046A7
:10286000F8BD0126F8E7C046AA23064A1B011360FB
:102870008D235B00D3600449044B19605368002B1F
:10288000FCDA70470040024000B0FA0000600240ED
:102890007047C04610B50148FEF7A2FAC8B2001052
:1028A00070B5074D074EB54209D20024013E761B94
:1028B000B60808CD984723000134B342F9D170BD62
:1028C00038B1001074B1001070B5074D074EB54215
:1028D00009D20024013E761BB60808CD9847230094
:1028E0000134B342F9D170BD6CB1001074B1001065
:1028F000054B064A06491A60064A074B1A60100043
:102900000B689843FBD1704700E00040BFCDFBFE51
:1029100008C00040FE7F3C0000F00040044BDB6C30
:10292000002B03D18022034BD2021A607047C046AD
:10293000000011504C201150044A054B1A60054A02
:102940001368DB018033FBD17047C046FFFFFF01F6
:1029500000F0004008C000404022034B9A675A67CD
:102960001A67DA667047C04600F0014010B5FEF7FE
:10297000E9FA10BDF8B52749274C284D641AA6106E
:102980003200302E00D930222800920000F05EFD87
:10299000BC2C3BD830202F232C196407204A801BE5
:1029A000E40F9B1B052B16D93700002C02D0B30077
:1029B000771CEA50001B33199B004108EB18C90033
:1029C000C9181A605A6008339942FAD101230342A8
:1029D0001CD09843C619B300EA50731C2F2E15D093
:1029E0009B00EA50B31C2E2E10D09B00EA50F31C23
:1029F0002D2E0BD09B00EA50331D2C2E06D09B00B1
:102A0000EA50731D2B2E01D09B00EA50054B9D60B0
:102A1000F8BDC04600010010C001001000000020F9
:102A2000C101001000ED00E0002310B5294C82B078
:102A3000A367FFF719FF0122274B1A60636C012B74
:102A4000FCD10322254B1A60224A936B012BFCD147
:102A5000013300930121224A22480433FFF734FE58
:102A6000052301210093204A2048FFF72DFE002274
:102A7000022104201E4BFFF79BFB002201210520B1
:102A80001C4BFFF795FB0022002107201A4BFFF794
:102A90008FFB002200210820174BFFF789FB8023C2
:102AA000DB000093002200210920134BFFF706FBF7
:102AB0000022104B00210620FFF77AFB0420FFF7CD
:102AC000EBFB0E4900F052F801000020FFF792FEE8
:102AD00002B010BD008000403CB0004030B000406B
:102AE000002F685900800240008C864700C00240D9
:102AF000001BB70040597307006CDC0240420F0016
:102B000001480421014B1847B03E00202528001041
:102B1000014B9B6818470000B03E0020124A936F9B
:102B20009B0815D29066D166002905D0FFE7FFE724
:102B3000FFE7516F106F704704B580210906C21777
:102B40005140002800D0C84308F08EFA002104BD8F
:102B5000F0B5146E556E576F166FFFF7E3FF1466EE
:102B6000556657671667F0BD000000D0114A936F95
:102B70009B0813D210665166002905D0FFE7FFE7D6
:102B8000FFE7516F106F704704B5002801D0002097
:102B9000C04308F069FA002104BDC046F0B5146EC8
:102BA000556E576F166FFFF7E5FF1466556657674A
:102BB0001667F0BD000000D094464A4A926F920812
:102BC000624601D228E0C046F0B5464E346E756EBE
:102BD000776F366F00F020F89446424A14665566C7
:102BE000576716676246F0BD94463E4A926F920858
:102BF000624601D254E0C046F0B53A4E346E756E6E
:102C0000776F366F00F04CF89446364A1466556676
:102C1000576716676246F0BD002B24DB11D00029F0
:102C20003EDA00B5C943404200D1013100F038F826
:102C3000C943404200D10131DB43524200D101334C
:102C400000BD002AEBD1002801D1002905D00020C9
:102C5000C90FC90701D1C043410800B508F0E4F924
:102C60000022002300BD00B500290ADBDB435242ED
:102C700000D1013300F014F8C943404200D10131C2
:102C800000BDC943404200D10131DB43524200D173
:102C9000013300F005F8DB43524200D1013300BD9F
:102CA000002923D1002B18D1002A0CD0BC460D4F8F
:102CB00038667A6600210023FFE7FFE7FFE77A6FB7
:102CC000386F67467047002801D00748010000B5FB
:102CD00008F0AAF90022002300BD02000B0000202A
:102CE00000217047000000D0FFFFFFFF002B00D045
:102CF000BFE0130C28D1002AE7D080B4114F396609
:102D00007A66FFE7FFE730B4040C7B6F396F1B0472
:102D100023433B667A66FFE7FFE7FFE7C04684B2DE
:102D20007B6F3D6F1B0423433B667A66FFE7FFE73B
:102D3000C04600232C042D0C7A6F386F00196941AE
:102D4000B0BC7047000000D0F0B594460025140ECA
:102D500001D112020835140F01D112010435940F6C
:102D600001D192000235D40F01D152000135D40BAC
:102D70000134254F7C66254C3C660E0C93B2FFE770
:102D8000FFE7FFE73C6F6643360C7703BE467343AD
:102D9000DF0B5B04C01AB941130C7343DB18C91A6B
:102DA000CE086643360CB64493B273431F0F1B0123
:102DB000C01AB941130C73431F0B1B05C01AB9414C
:102DC000860D8F023E436643360C092D24DB520AE2
:102DD0007243801A7703460A6643360C16235B1B40
:102DE000DE40DF40BF1964466643821B70460435EF
:102DF00006330100D940A840C01900D30131A242D6
:102E000006D20023F0BD0000000000D0FFFFFFFF4E
:102E1000121B0130F3D3F1E709277F1BFE40644604
:102E2000A2B27243801A00D20139220C7243130CF1
:102E30001204821A99410B007046043513370100C1
:102E4000F940A840801900D30131002B02D1A242E1
:102E50000AD2F0BD013000D30131121BFAD2013B7E
:102E6000F8D1A24200D2F0BD013000D30131121BD3
:102E7000F7E7F0B51C0C00D080E00CB400251C0A6C
:102E800004D11B02160E3343120208351C0B04D169
:102E90001B01160F3343120104359C0B04D19B0018
:102EA000960F334392000235DC0B02D192185B413E
:102EB00001351C00971864410134464F7C66464C2E
:102EC0003C660E0CFFE7FFE7FFE7C0463C6F66433A
:102ED000360C7703BE4697B27743C01B00D2013948
:102EE000C01B00D201399FB27743C91BC91B170C05
:102EF00077437E04FF0B801BB941CE086643360C36
:102F00000C2D33DBB644120B1F053A431B0B97B253
:102F10007743C01B00D201399FB27743C91B170CFE
:102F200077433E043F0C801BB941860D8F023E4320
:102F3000664329277F1BFE400C3D7746AF40BF19F3
:102F400030BCA2B2ABB272437343801A9941220CD7
:102F50007243130C1204801A994102000B000137CE
:102F6000001BA941F9D2781E0021F0BD0C277F1B60
:102F7000FE4077467F0BAF40FF19E0E700245D1C61
:102F800007D0144F7D663966FFE7FFE7FFE7FFE7ED
:102F90003C6F95B29EB265436643401BB141150C30
:102FA0001E0C6543664336042F0C3E432D04401B24
:102FB000B141994204D202000B0020000021F0BD73
:102FC00001D19042F7D3801A994101349942F2D34A
:102FD000F6E70000000000D0FFFFFFFF484041403F
:102FE000484018B4134B5B68019308BD18B4114BEB
:102FF0001B68019308BD94460F4A926F920805D250
:10300000624618B40B4BDB68019308BD0A4AF0B561
:10301000146E556E576F166F6246FFF7F2FF064A41
:103020001466556657671667F0BD18B4014B9B6868
:10303000019308BD90460020000000D0FFB550402D
:103040004240504059404B40594000E0FFB5154FB9
:103050004C00640D03D0BC4204D10C0314D80020F2
:10306000090D09055C00640D03D0BC4204D11C03AA
:103070000AD800221B0D1B0501264B4009D44B40EA
:1030800003D58B4200D18242FFBD9942FCD19042D0
:10309000FFBD0B43DB1803431343F5D0C943491865
:1030A000FFBD0000FF07000000B5FFF7CFFF804124
:1030B00000BDC04600B5FFF7C9FF01D9002000BD23
:1030C000012000BD00B5FFF7B9FF01D9002000BD08
:1030D000012000BD00B5FFF7B1FF804100BD012018
:1030E00040054A00121804D85A00121801D80020CE
:1030F00070470120704700000021002805D170476B
:10310000C1174840401AFAD0C90713B5064B1B68CF
:1031100098470CBC441CA2401005120B0349091B24
:1031200009051943114310BD007700201F0400005A
:1031300010B54C00620D8023D218DB00D21A5B055B
:103140007E2A10DD9E3A13DACC1709034908194389
:103150005242D140640001341532202A05DAD040B1
:103160000843604310BD002010BD0846604310BDF9
:10317000C80FC018013810BD18B4024B5B6A019328
:1031800008BD00009046002018B4024BDB6C019390
:1031900008BD00009046002010B50148FDF720FE54
:1031A000D4B20010132370B51D78012D19D014DD91
:1031B0001D48FFF72FFB06001C48FFF72BFB1C4C9C
:1031C00080223100200000F041F9022D06D019487C
:1031D000FFF718FB184B186070BD154C174BA36414
:1031E000F5E7174B124C23606360A360E360236133
:1031F0006361A361E36123626362A362E3622363A9
:103200006363A363E36323646364A364E364236588
:103210006365A365E36523666366A366E366236768
:103220006367A367E367D9E7534400005346000090
:10323000904600204C3300000077002045320010FB
:103240009931001007B5604601880A0A0230DF2A6A
:10325000FAD1C9B2820804D302884088000410431E
:1032600000E00068014A5050039007BD90460020DE
:1032700051434343C9188C46110C83B24B4310B4DD
:10328000040C614392B280B2504362431C041B0C95
:10329000001910BC59411304120CC018514161446B
:1032A000704700004840414048400E4B5B6818475B
:1032B0000C4B1B6818470C4A936F9B0802D2094BB2
:1032C000DB681847F0B5146E556E576F166FFFF731
:1032D000F6FF054A1466556657671667F0BD014B41
:1032E0009B68184704770020000000D0491A002886
:1032F00008D1084670470000C10FC90700D54042F9
:10330000002817D0F44603B40B4B1B68984706BC43
:1033100081409E384042803107D20B0607D04900D9
:10332000490AC0051043084360470130F8E7490ADD
:103330008902F5E77047000000770020014B5B6AC7
:10334000184700000477002010B50148FDF748FD3C
:10335000B8B30010132310B510481C78FFF75AFAC1
:103360000100012C0AD003DD80220D4800F06EF828
:103370000C48FFF747FA0C4B186010BD084C54225C
:10338000200000F063F82200084980322368002BF7
:1033900000D1216004349442F8D1E9E7534600009B
:1033A000047700204C3300000077002049330010E0
:1033B00070B504000A4E300007F0B6FE200007F09A
:1033C0006FF90500300007F027FE002D05D0054BF2
:1033D0002C199C4201D8280070BD0348FDF700FD60
:1033E0008844002000000420ECB20010F8B506006C
:1033F0000C000C4F380007F097FE2100300007F05A
:10340000EFF80500380007F007FE7443002D05D0E3
:10341000054B2C199C4201D82800F8BD0348FDF744
:10342000DFFCC0468844002000000420ECB20010FD
:1034300001480421014B1847C03E002025280010F8
:10344000014B1B6818470000C03E0020014B5B6821
:1034500018470000C03E00209A4200D288547047AE
:103460007047C046F8B55746DE464E464546E0B57D
:1034700099460A9B07009A460D9B884693460B9CEB
:103480009B073BD10C9B9C423DD21E1B0B9415000D
:103490000C005E442A004B46013521002020B8472D
:1034A000B542F7D1A0460B9C002C20D045463619DA
:1034B0005346321B013C185D29004B46B847002C8F
:1034C000F6D12B00350098460D9B9B070FD55B4628
:1034D000EC1A0C9BA3420AD9464698462A004B4652
:1034E000310020200134B84701354445F6D3280087
:1034F000F0BCBB46B246A946A046F8BD1600150072
:10350000002CD3D1E0E716001500002CCED1EEE759
:10351000F0B54546DE4657464E46E0B585B09C467A
:1035200010AB1B78149F934698460F9C129E139DD8
:10353000BB074CD4002D42D1B44248D201233B40BA
:1035400099460E9B013B9A46302304E052460134D3
:103550001355A64201D9202CF8D14B46002B00D19F
:1035600083E00E9B013B99463023A54205D82EE00F
:103570004A4601341355AC4229D0202CF8D1FB0621
:103580000CD57B0554D4A64263D0A54261D0119BD3
:10359000102B50D0022B57D0202C32D12023019356
:1035A0000E9B5A460093039763460295FFF75AFF16
:1035B00005B0F0BCBB46B246A946A046F0BD01230B
:1035C0003B40994601233B422AD1B442B9D3FB0682
:1035D0001CD57B05DBD4002CD5D1119B102B5BD0E7
:1035E000119B022B6BD0302301240E9A137043469B
:1035F000002B10D17B073ED52B260E9A631C165547
:10360000CDE72300013430260E9AD654202CC5D0A5
:103610004346002BEED02D260E9A631C1655BEE7AE
:103620004346002B2FD0013DB44200D289E798E7F2
:10363000119B102BB2D1BB0637D5202CAED058230E
:103640000E9A13550134A7E7202CA7D0230001348C
:1036500007E0631E012CC0D0119A102A31D0022A33
:10366000D1D162260E9AD65496E7FB06CED57B05BD
:1036700000D488E78BE723003E0790D520260E9ADA
:10368000013316558BE70C233B405A1E9341ED1A2C
:10369000B44200D255E764E7BB060ED478230E9AF5
:1036A0000224137030235370A1E7202C00D175E75A
:1036B00078230E9A135501346EE75823EFE76033F1
:1036C000EDE70E9AA61E91464E44BA0602D5582240
:1036D000327098E77822327095E7C04610B500281E
:1036E00000D110BD01F0B0FCFBE7C0460B0010B5E7
:1036F000002802D049681B68984710BDF0B55746AE
:10370000DE464E464546E0B595B083460F009246EC
:1037100098461E9A1F9B10001900209EFFF7DFFCA1
:10372000002800D0EAE11E981F990122C54B5242A1
:10373000FFF7BAFC002800D014E11E981F9901225F
:10374000C14B5242FFF7C6FC002800D0E9E01E98AA
:103750001F990022BD4BFFF7BDFC002800D0C8E038
:103760001E981F990022BA4BFFF79EFC002800D03C
:10377000BFE01E981F9900220023FFF795FC002848
:1037800000D0E4E000230B93229B5B0500D40626C7
:103790000024302307E0172106AA013452181355DC
:1037A000013E202C01D0092EF5D81E981F99FFF755
:1037B000BFFCA84BF2009B181A685B6805000892D2
:1037C0000993FFF79DFC02000B001E981F99FFF75D
:1037D00008FC089A099BFFF728FC06900791FFF761
:1037E000CBFC8146FFF788FC02000B000698079986
:1037F000FFF7F7FB0022984B06900791FFF76AFC52
:10380000002800D10DE101239C46E1444846FFF722
:1038100073FC02000B0008980999FFF74BFC002885
:1038200002D0002399460135002E00D1D9E006953B
:103830004D46B94614E006AA944617230A2163446C
:10384000280001341F19FFF791F930313970280031
:103850000A21013EFFF78AF9092D00D817E105007A
:10386000202CE8D14F46069D20240CAE06AA172333
:103870009446634499465B46B34606930FE04B4635
:1038800028000A210134E618FFF748F930312800F2
:1038900031700A21FFF742F9051E00D1E4E0202C27
:1038A000EDD1069B5E469B460323229A1340012BD3
:1038B00018D1219B002B15D00B9B002B00D1FDE0D4
:1038C000219B013B2193202B0CD93023219A07E027
:1038D000172006A9013409180B55944200D3CCE0F7
:1038E000202CF5D1229B01940393219B00960293F7
:1038F00022E0229B52460493219B390003935846B1
:103900001E9B1F9C029600930194434600F04AF9C7
:103910000400200015B0F0BCBB46B246A946A04644
:10392000F0BD229B5B070FD403224C4B22990192DE
:10393000039121990093029143465246390058461B
:10394000FFF790FD0400E4E70422454BEEE71E9AE2
:103950001F9B00200021FFF744FB01231E901F91B5
:103960000B9311E7229B54469B0711D1219B042BFB
:103970000ED9219B55469C465E46043C64442A0071
:103980004346013539002020B047A542F7D1B34660
:10399000344D26002B1F99465B46A3461C0032007F
:1039A000E87843463900013DA04701364D45F6D140
:1039B00023005C469B46229B04349B07A9D55346B3
:1039C000219AE31A9A42A4D95E4615002200434682
:1039D00039002020B04753460134E31A9D42F5D800
:1039E00097E72800FFF78CFB02000B001E981F9939
:1039F000FFF7F7FA0022184B06900791FFF754FBE8
:103A00000CAE002800D031E7069807990022124B2F
:103A1000FFF760FB002800D028E7012301359D4314
:103A200024E70022069807990B4BFFF73DFB00287F
:103A300000D0F9E64B46002B5CD101239C46E144C3
:103A4000F2E6C046FFFFEFFFFFFFEF7F65CDCD4100
:103A500065CDCDC1E8B700100000E03F50B30010C5
:103A600048B3001058B30010069B5E469B460323E4
:103A7000229A1340012B00D181E0202C00D131E7A4
:103A80000B9B002B27D02D23335501342AE74F46BB
:103A9000069D202C00D1E7E63022331907E01720DD
:103AA00006A9013409180A55202C00D1DCE6A342EE
:103AB000F5D12E220CAE0134F254D7E60C23229A13
:103AC000134257D0219B013B2193A34200D9FCE62E
:103AD000202C00D106E7229B5B0703D52B2333550F
:103AE0000134FFE6229B1B0700D4FBE6202333555D
:103AF0000134F7E6DB0700D496E69EE7229B5546A5
:103B00009B0711D1219B032B0ED9219B54469C4628
:103B10005E46033D654422004346013439002020BF
:103B2000B047AC42F7D1B346B9465F461C4EEC1CD9
:103B30002A00B078434649460135B847013EAC42B9
:103B4000F6D1229BBB464F469B0700D4E1E6534685
:103B5000219AE31A9A4200D8DBE65E46150022005D
:103B6000434639002020B04753460134E31AAB42A4
:103B7000F5D3CEE6219BA34200D9A6E6B2E6219B6F
:103B8000002B00D179E70B9B002B97D0219B013BA9
:103B900021939C4200D298E6202C00D073E7A1E646
:103BA00054B30010F0B5DE4657464E464546E0B5E4
:103BB00099B081468B4692469846229A239B1000E4
:103BC0001900FFF78CFA002800D0CAE02298239948
:103BD0000122824B5242FFF77DFA002800D0C0E05C
:103BE0002298239901227E4B5242FFF75DFA00286A
:103BF00000D0B6E02298239900220023FFF754FA60
:103C0000002800D0C9E1229B239C089309940898BE
:103C100009998023269ADB001A400D928022269C67
:103C20001201144022000B94269C07000E001C4237
:103C300000D0ADE00B00034300D0D5E0002A00D057
:103C40000AE2220006332493022313400C9302233A
:103C5000134200D002E2259B042B00D20FE2043B6A
:103C60000B93002304250A93002222982399002312
:103C7000FFF71AFA002800D003E25A4B269A1340A5
:103C800004930B9B0393249B0293089B099C009332
:103C900001945946434652464846FFF72FFD02001D
:103CA0002020269B1F27034059424B415B4218406E
:103CB000531C0893594643464530C8470A9AD317C0
:103CC000D4185C40D30F0A936B1E0B9308AB9C4631
:103CD0000025674401E0202D0FD020000A21FEF7C7
:103CE00045FF01357E193031317020000A21FEF781
:103CF0003DFF26000400092EEDD8052306930B9BFB
:103D000059460593002304930A3303930A9B4846BC
:103D1000029310AB0093089A43460195FFF7F8FB16
:103D20000C9B002B2DD05346C41A259BA34228D9A7
:103D30004D465F4681461E00534639001A19202021
:103D400043460134A847A642F6D85346484625992B
:103D5000C21A01320023914200D386E101301818C3
:103D60000FE0269B0493259B0393249B0293229BA5
:103D7000239C009301944346524659464846FFF718
:103D8000BDFC19B0F0BCBB46B246A946A046F0BD8A
:103D900001432BD10B9B2200002B00D154E70023C1
:103DA0000A93249B0A9A0024934200DD85E122981D
:103DB000239900220023FFF777F9002800D035E18E
:103DC000269B084A02941A408023DB001343049385
:103DD000259B0393089B099CCBE7C046FFFFEF7F21
:103DE000FFFFEFFFFFF7FFFF06232493B44B7000A4
:103DF0009C46400D6044FFF783F9B24AB24BFFF78F
:103E000014F9B24AB24BFFF7F1F83603B14B360B57
:103E1000334304000D00380019000022AE4BFFF7B9
:103E2000E0F8AE4AAE4BFFF700F902000B002000AD
:103E30002900FFF7DBF8FFF77BF90A90FFF760F93D
:103E4000A84AA94B04000D00FFF7EFF80022A74B8A
:103E5000FFF7CCF8FFF76CF9A54A0600A54B200048
:103E60002900FFF7E2F8040030000D000C96FFF780
:103E700047F9A14AA14BFFF7D8F802000B00200038
:103E80002900FFF7AEF802000B0006000F00FFF755
:103E9000CCF8320004000D003B0030003900FFF781
:103EA000A5F800220E900F91954B20002900FFF7F6
:103EB000A2F80022934BFFF799F802000B002000B4
:103EC0002900FFF798F800228F4BFFF78FF80200C8
:103ED0000B0020002900FFF78EF80D008021040060
:103EE00032003B000020C905FFF77BF802000B0001
:103EF00020002900FFF77AF802000B000E980F99B6
:103F0000FFF779F80022734BFFF770F87F4B0C9C9A
:103F10009C46644400222305FFF787F806000F0043
:103F200002000B0008980999FFF7BEF800280AD094
:103F30000A9B3000013B39000A930022714BFFF7C6
:103F40005AF806000F000A9A330063323900C62A75
:103F500012D802222698042510400B9A0C90002AB1
:103F600025D1259B042B05D9002800D0A1E0259B55
:103F7000043B0B93042541E00222269810400B9A43
:103F80000C90002A12D1259B052B76D9002872D1DE
:103F9000259B0525053B0B9334E0802212069446B1
:103FA000229B0893239B6344099330E605250B432A
:103FB00000D1F6E608980999554A564BFFF782F862
:103FC000002808D0089809990022534BFFF76CF895
:103FD000002800D0E5E6249B002B1CD00D9B002B75
:103FE00019D0249B013B2493259BAB4204D90C9B05
:103FF000002B5AD002230C9300230B930A9B002B17
:1040000000D131E60898099932003B00FEF7F3FF32
:104010000890099128E6259BAB42EDD90C9B002B1B
:1040200043D000230B9302330C93E7E78020269BB9
:104030003A4A00061A40802384460294089C099D4F
:104040002900DB0013430493259B61442200039362
:104050000B00009201938EE60524A8E600230B9343
:104060000A93023304250C93FEE553468C46013B2C
:1040700063441B1A72E602230C930525C2E704234E
:10408000EDE58020089E099F000639008446269AA7
:10409000224B6144134004930B9B32000393249BF7
:1040A00002930B0000920193F3E5259B5B1B0B939E
:1040B000A4E7022304250C93A0E79C1A013C76E6B2
:1040C00001FCFFFFFB799F501344D33FB3C8608BC3
:1040D000288AC63F0000F03F0000F83F61436F634D
:1040E000A787D23F71A379094F930A400000E03FB0
:1040F0001655B5BBB16B0240EF39FAFE422EE63FD2
:1041000000002C400000244000001840FF03000085
:104110002D431CEBE2361A3F80842E41FFF7FFFF50
:10412000F0B5DE4657464E464546E0B5A5B01E0002
:104130002E9B92460C93CD4ACD4B80468B461A60FF
:10414000002900D1EAE1002330789946002800D107
:10415000ECE1C84B4C460B93C74B454657460E9374
:104160000AE0631C984622003B005946A847444693
:104170003078002800D187E001362528F1D10823C6
:104180009A46043B9946023B9846013B00229C46D6
:104190000D943078711C0300203BDBB2102B03D848
:1041A0000B9C9B00E3589F460300303B89460D9CC7
:1041B000092B3AD9002398462A2800D1C1E00023D0
:1041C0009A462E284BD00300683BDBB2122B1ED838
:1041D0000E999B00CB589F4663460E001A43D8E7C2
:1041E00043460E001A43D4E74B460E001A43D0E76D
:1041F00010230E001A43CCE753460E001A43C8E7BB
:1042000080235B001A43FF3B9C467078E1444E4696
:1042100067284FD82428A4D90300253BDBB2422BC2
:104220009FD896499B00CB589F46002394461E007A
:1042300000E00131B3009B195B001E180878303E86
:104240000300303B092BF4D90123624689469C4682
:104250000023B0469A460E00E1442E28B3D1302107
:10426000802049428C46C000024370784B4684440B
:104270006146092900D86CE12A2800D17AE101239E
:104280009C464E46E1449EE7A146A846BA46CA452A
:1042900003D801235B425344994653464A46594644
:1042A0000020C047200025B0F0BCBB46B246A9465E
:1042B000A046F0BD0300693BDBB20D930F2B00D984
:1042C0004FE7012199408C466D49894661464B462E
:1042D00019400F91634649460B4200D028E10D9BDF
:1042E0000A2B3AD0072B00D03BE70C9B190008C9DA
:1042F0008846002B00D14BE121200243914614A9AE
:104300008C461F220F2162448C4651460D950C911C
:10431000A24615000F9902E020290CD01300644634
:104320001C4020003730092C00D807380131685470
:104330001A090F2BF0D80C9B54460D9D9A460F91ED
:1043400033E10C9B02CB8846002947DB0C93012309
:104350009C4670784E46E14431E70C9B02CB1493A7
:104360005346002B00D138E19C4608780B000C9096
:104370008C44002801D100F098FC8946614694469F
:1043800003E05A780133002A01D08B42F9D1494623
:1043900062465B1A0C900F93530500D520E102236F
:1043A000180010400D90134200D1CBE30D930B1B6E
:1043B000B1469A465E460C9822003B003100A84761
:1043C00053460134185D0028F6D1B3464E460D9B86
:1043D000002B00D0C7E1149B0C93C9E60C9301237A
:1043E0009C46283849420243884670784E46E1444C
:1043F000E5E670786C2800D17FE180235B001A43EA
:10440000FF3B9C46E14402E780239B001A430123C3
:104410009C467078E144FAE67078682800D173E130
:1044200080231A437F3B9C46E144F0E6672800D195
:1044300003E1472800D15AE1452800D15AE104920E
:10444000072142460C9B0392073352468B431900C7
:1044500002920CC92800009201930C9122003B00AB
:104460005946FFF79FFB040082E6C0462141001039
:10447000785B00204CB6001090B60010DCB600103F
:1044800041900000462800D1DBE00492072142461B
:104490000C9B0392073352468B43190002920CC9BE
:1044A0002800009201930C9122003B005946FFF72F
:1044B00025F904005CE6631C984622003B0059463F
:1044C0002520A847444653E60C9B04330D93631CF8
:1044D0009946920700D422E10C9B22001878594695
:1044E0003B00A84743464444012B00D885E23300F3
:1044F000B8462E005F4625004C46994622004346AA
:10450000013439002020B047AC42F7D12C00BB4623
:10451000350047464E460D9B0C9329E6DB4B307821
:10452000984600239946002800D012E60024AEE603
:104530006F2800D188E000D80BE31023782800D141
:10454000CFE09A430A239C4600230F930A330D932E
:1045500080E05646B1008919490001330E181878D9
:10456000303E010030390929F4D9B2461E0001332A
:10457000994628E60C9B023602CB8A46C943504630
:10458000C917084082460C933078731C99461AE686
:1045900010231000984311331843814680201300E4
:1045A000C0000340024200D1A9E64B46069308230F
:1045B00005935346049310230393002302930F9B08
:1045C000220001931CAB009359463B002800FEF7E4
:1045D0009FFF434604000C93CAE501235B42C3E6F8
:1045E0000F9B534501D953460F93022318001040E7
:1045F0000D90134200D1B7E10D93D1460B1B9A46A3
:104600003300A1442E0022004D460C98B9465F4667
:104610009B4608E04B463900541CB0475346185D92
:10462000002877D022009542F4D15B46BB464F4626
:10463000A94635004C461E00C9E680231B011A43DB
:10464000FDE620231A4320E708239C4600230F930E
:1046500008330D9380231100DB0019401A4200D16A
:1046600016E10D239A431000802302009B001A409C
:104670001492184200D0C2E1802302005B001A406D
:1046800091460C9A04320F92184200D0B7E24306CA
:1046900000D59FE1030600D419E30C9B1B88099306
:1046A000002B00D0FCE110339843002900D1F7E142
:1046B0000023994643460593534604930D9B069069
:1046C00003930023D2E0582808D0622867D1022340
:1046D0009C4600230F9302330D93BBE720231A431C
:1046E000103B9C4600230F9310330D93B2E78023B9
:1046F0001B011A4320231A43A1E6C0239B001A433F
:10470000F31C9946B07882E5C0231A43F31C9946FE
:10471000B0787CE535005E46BB464F4657E64346DB
:10472000012B00D863E1631E43449A463300B94627
:104730002E005F4655469B46A24622004B4601345A
:1047400039002020B047AC42F7D135005E46BB4669
:104750004F46A14654460C9B4A46187859463B00A2
:104760004444A847D7E6A1460F9B984500D832E6B7
:104770004444E41A3300B8462E005F4625004C46F8
:10478000994622004346013439002020B047AC420C
:10479000F7D12C00BB46350047464E461BE680232A
:1047A0001000DB0018401A4200D10FE1112118005F
:1047B0008A430D920D9A802311009B0019408C466C
:1047C0001A4269D1802311005B00194089460C9977
:1047D00004310F911A4200D0CAE113005B0600D5E4
:1047E000F0E013001B0600D459E20C9B00229B5EF4
:1047F000D9175A184A4092B2D90F0C91002B00D108
:10480000F9E1100014AA944642461F23149252461E
:104810006344A84616944D460400B946B2461F00AC
:10482000159201E0202D0FD020000A21FEF79EF9FD
:1048300001357E193031317020000A21FEF796F9DA
:1048400026000400092EEDD8149B4F46A946454684
:104850009846159B56469A46169C0D9B06934346D2
:104860000593534604930A2303930C9B02934B46F0
:1048700001931CAB2200009359463B002800FEF731
:1048800047FE0F9B04000C9372E4C0466134001095
:104890000C239A431000E7E607220C9B073393434F
:1048A000013294469C4462460C920CCBD90F0F9176
:1048B0001100194300D191E0D91713911291514081
:1048C000109113995940119110981199129A139BB4
:1048D000801A99411090119114AA002394464246DF
:1048E0009946149252461F336344A846B246169422
:1048F0004E46109C119DB94615921F0001E0202ED6
:1049000010D0200029000A220023FEF76DF901369D
:1049100030322B00BA550D0022000400002BEED1DE
:10492000092AECD8149B1094119545469846159B7E
:104930004F46B14656469A46169C0D9B06934346F3
:104940000593534604930A2303930F9B02934B460C
:1049500001931CAB2200009359463B002800FEF750
:10496000D7FD0400FFF704FC0F9B984500D8C1E178
:104970008023DB000D9343460F9A1B199B1A99461F
:1049800033002E004D46B9465F469B460C912200EF
:104990004B46013439002020B047AC42F7D14346A2
:1049A0000C9901330F930B7835000C935E46BB4690
:1049B0004F46002B00D10EE50D9B002B00D1F6E4F5
:1049C000002319E60C9B1B781A0015E710239A4365
:1049D0000D92EFE60C9B1B78099361E60023994644
:1049E0000028AAD1002200231092119374E70C9B97
:1049F0002200187859463B00A8474C468BE50C9A94
:104A0000FA3BFF3B07329A430133994691444B46A8
:104A10000C931368526815921A4306D110329043D2
:104A200000220992002900D081E06122810600D590
:104A30004122D2B20A9214AA91460A9A00210A3A55
:104A4000149242461792524618925A460991B3461A
:104A50001F311E000F9B4944BA4619941A95002431
:104A6000674698468946159D16901B920AE030329B
:104A7000D2B24B4601341A55A8454AD0202C4AD010
:104A800006000D003A00002330002900FEF7ACF8C4
:104A9000D2B2092AEBD9149B9C466244D2B2E8E711
:104AA0006123820600D54123DBB20A3B0C934346C7
:104AB00014A91F228C46159353466244A046B24661
:104AC0004C461797A9461700099D0D9E1490169302
:104AD00008E03033DBB201343B55B5420ED3202C15
:104AE0000CD0050031002800FEF740F8CBB20929B0
:104AF000EFD90C9A94466344DBB2ECE7159B4D4624
:104B0000A14644469846169B564614989A46179FC7
:104B1000D0E5B742B2D9179B57469846189B5E46D8
:104B20009A461B9B09949B461698199C1A9D4346CE
:104B30000593534604930D9B069003930023029321
:104B4000099B05E70F9B984500D914E701330F93A4
:104B50002DE41023110099430D91692800D0BAE08B
:104B600080231000DB0018401A4200D122E61DE627
:104B70000C9B1B68DA0F1100002B00D18CE0DA17B8
:104B80009818504014AA914642461F231492524648
:104B90004B44A046A946169704006546B2461F003E
:104BA0000C91159201E0202D0FD020000A21FDF775
:104BB000DDFF01357E193031317020000A21FDF70B
:104BC000D5FF26000400092EEDD8149B44469846D4
:104BD0000C9BAC461900159B56464D469A46169FAF
:104BE0000D9B0291069343460593534604930A2373
:104BF000039363463CE6002800D02EE602E60C9BB9
:104C00001B689946002B03D110339843002938D1F3
:104C10006123820600D54123DBB20A3B0C93434655
:104C20001693534614A91F228C4617932B006244F7
:104C3000A0464D46B246189799461700149C0D9E03
:104C4000159008E03033DBB201343B55B5420ED34A
:104C5000202C0CD0050031002800FDF787FFCBB2D7
:104C60000929EFD90C9A94466344DBB2ECE7169B12
:104C7000149444469846179B56464D469A461598B6
:104C8000189F43460593534604930D9B0690039348
:104C900000230293149BEBE50028A1D172E70C9B43
:104CA0001B68D9175A184A40A6E580231000DB007C
:104CB00018409C460F901A420FD002200300134068
:104CC0000F93104219D00023A1460F934CE50C9B83
:104CD0001B680993E4E40A0034E40223180010403E
:104CE0000D90134200D03EE54346002B00D042E633
:104CF000FFF771FB01330F937FE463460D93F3E7F6
:104D00000EB4012230B584B007AC08CC064D0100CA
:104D10000094280052420394FFF702FA04B030BC1A
:104D200008BC03B01847C0465934001010B50C0039
:104D300084B00394012402A9029000930348130055
:104D40006242FFF7EDF904B010BDC046ED36001029
:104D500010B5094A0300146884B0002C08D0012261
:104D600000910648524203A9A047012004B010BD9B
:104D700000F0B4F90020F9E7785B0020DD36001080
:104D800000BEFDE7094A03001068002805D0084965
:104D9000C3188B4207D81360704706480449C318EC
:104DA00010608B42F7D901204042F5E760570020A0
:104DB000000004203878002010B5FFF7E1FFC0465E
:104DC00070B5FDF76DFD074D074EB54209D20024C1
:104DD000013E761BB60808CD984723000134B34244
:104DE000F9D170BD74B1001078B10010030010B596
:104DF000080011001B68984710BDC046F0B5C646B4
:104E000000B5437D07000C001600002B46D0002A99
:104E100017DD0B780A2B24D000239846012E13D0DF
:104E200001252900635C01350A2B26D0B542F8D153
:104E3000464509DCA419013C23780D3B5A425341F5
:104E40003B7580BCB846F0BD4346E018A419F11A82
:104E5000013C3B68984723780D3B5A4253413B75D0
:104E6000EFE7037D002BD7D102210F483B6898471D
:104E7000012EDFD001239846D2E7631E5B5C0D2B29
:104E8000D4D0884504DA4346C91AE0183B689847ED
:104E9000022105483B68A8469847C7E70368110008
:104EA00020009847CDE7C04638B80010F0B5C64698
:104EB0000B6806000C0000B5802B06D05A1C22603F
:104EC000E418267180BCB846F0BD0F4B1D68002D5C
:104ED00016D00B1D98460D4F02E02D69002D0FD006
:104EE0002B68002BF9D03B68002B01D0AB42F4D1EA
:104EF000280041462268FFF781FF2D69002DEFD180
:104F000001220023DBE7C046445700205057002011
:104F1000F0B54546DE464E465746E0B583B091466D
:104F20001C0080460D00FCF79DFF0023304A12183C
:104F30004B41002B02DA01222E4B52422E4908002F
:104F40008A4606F0C9F807006B1C03D1404605F0FD
:104F5000D1FE0500002C27D0284E294B1C68002CC0
:104F600018D04B46002B21D1264B994602E02469EC
:104F7000002C0FD02368002BF9D04B461B68002B68
:104F800001D09C42F3D120002A004146B047246959
:104F9000002CEFD1002F26D1280003B0F0BCBB4677
:104FA000B246A946A046F0BD174ED6E7154B994626
:104FB0000A239B4602E02469002CEBD02368002BD7
:104FC000F9D04B461B68002B01D0A342F3D12A0035
:104FD00041462000B0476B465A462000DA71D91D81
:104FE0000122B047E7E7504606F016F8D4E7C0467E
:104FF00040420F00FFFFFF7F90440020FD4D001056
:105000004457002050570020ED4D00100A4A136805
:10501000002B05D10CE01A001B691032002B07D0C1
:105020008342F8D1002902D11869106019617047D4
:105030000029FCD01060FAE74457002010B500F0BA
:10504000ABF9012010BDC046F0B5CE46474680B54D
:1050500083B06B460600DD1D2870FCF703FF0023BC
:10506000194A12184B41002B02DA0122174B524207
:1050700017490800884606F02FF8164B81461C6831
:10508000002C14D0144F02E02469002C0FD02368A8
:10509000002BF9D03B68002B01D09C42F4D12000BA
:1050A00001222900FFF7AAFE2469002CEFD14B460C
:1050B000002B05D1300003B0C0BCB946B046F0BDEE
:1050C000404605F0A9FFF5E740420F00FFFFFF7FD4
:1050D00090440020445700205057002070B5040031
:1050E00005F008FE01230100050001222000FFF762
:1050F0000FFF084B1C68002C06D06368002B05D0FE
:1051000098472469002CF8D1280070BD2469002C30
:10511000F3D1F9E744570020F0B5CE46474680B5B5
:10512000A3B004000D00FCF79DFE0023274A1218CF
:105130004B41002B02DA0122254B5242254E300012
:1051400005F0CAFF00232200019307002B0022482C
:1051500001A9FFF7EBFD214B804699461C68019B96
:10516000002B1AD0002C2FD01D4D02E02469002CFA
:105170000FD02368002BF9D02B68002B01D0A3425D
:10518000F4D12000019A02A9FFF738FE2469002C0F
:10519000EFD14B461C6800230193002C06D06368B6
:1051A000002B0BD098472469002CF8D1002F07D191
:1051B000404623B0C0BCB946B046F0BD2469ECE718
:1051C000300005F029FFF3E70194EFE740420F00BC
:1051D000FFFFFF7F90440020AD4E00104457002099
:1051E000505700200FB400B583B004A901C9019144
:1051F000FFF792FF03B008BC04B01847F0B50029D0
:1052000015DD0E4B0D271A680D4B0E4CD3185D4261
:105210006B41451820215B001E5F0478A64207D031
:1052200093691942FCD101301460A842F5D1F0BD58
:1052300093691942FCD11760F2E7C0462478002038
:105240000080FCBF20780020204B70B504000D1EAC
:105250001E682ADD002010211D4B013C1A6893694D
:10526000194214D1013093691942FCD113682354B7
:105270008542F4D1002E08D050239363516B183B24
:105280000B4014498C4662441360280070BD002E08
:1052900008D050239363516B183B0B400D498C464B
:1052A000624413600028F1D10CE0002E0AD0502295
:1052B000074B1B689A63596B183A0A4005498C469C
:1052C00063441A6003204042E0E7C04608570020CC
:1052D0002478002034100000064B10B51B68002B0A
:1052E00006D00021044A12689163044A1068984766
:1052F00010BDC04608570020247800200C5700201D
:105300000822034B19688B691A42FCD17047C046CA
:1053100024780020F8B51A4F1A4B3A680500D318C4
:1053200058424341184E14331C003368002D02D0FC
:10533000002B0FD0F8BD002BFCD00021200095637E
:10534000FBF720FE20001149FBF75EFF104B356094
:105350001D60EFE70E4B200019600C493560FBF72C
:105360002FFE01212000FBF70DFE50223B689A63BF
:10537000596B183A0A4007498C4663441A60D9E7CA
:10538000247800200080FCBF08570020D95200106C
:105390000C570020341000000D4B10B51B780D4B3E
:1053A0000D4C1B780D4B02211B780D4B0020236008
:1053B000FBF76AFC02210120FBF766FCE121206873
:1053C0004902FCF7EBFD01210648FFF71FFE10BD67
:1053D00098BA001094BA00102478002090BA0010F7
:1053E00000400340D03E0020F0B5D6464F4646462A
:1053F0001500C0B504000E003022002182B0280044
:10540000FEF71EF8524A01209446737863441B0548
:105410002360F378984000F0BBFFB178F7788946B5
:105420004C4911238846F9028C46414660469A460B
:105430002268494B0140D3181B0DDB004B44DB03B2
:105440000B4351460B434946081DA021C9058C4614
:1054500080001018BA01624413613D4B50609C46B5
:105460004B467078E76060440005206063603379E4
:1054700063441B05236173796361B379E361337816
:10548000AB70F27B002A59D10133DBB2EB70EB78C1
:10549000324B334F9C46334B61462764E163636470
:1054A0002A73B3894946238700F034FD6169206976
:1054B00000F030FDE169206900F02CFD2A00310088
:1054C000200005F0B9FDA8780121C0B2FBF740FC2F
:1054D000E8780121C0B2FBF73BFCA8780321C0B2F9
:1054E000FBF746FCE8780321C0B2FBF741FC012141
:1054F000282300222970EA546A461B4B01A81B4945
:10550000938005F079FD6A465A2301A81849537122
:1055100005F072FD6A461E2301A81649537105F075
:105520006BFD3C236A46144901A8537105F064FDE4
:1055300002B0E0BCBA46B146A846F0BD013BDBB2C2
:10554000EB70AB78074B0D4F9C46044BA4E7C0466D
:1055500002050000FF7FE0FF0000E0AFA022002076
:105560008C2200207822002080D2FFFFDC55002012
:10557000D45B002018780020F475002064220020FD
:10558000F0B53F4C0500227883B0002A08D03022C5
:105590000120A25C4042002A01D003B0F0BD3034AB
:1055A000A57000295ED06B1EDBB2E37001222800DB
:1055B00021730021FBF782FBE07801220021C0B2B9
:1055C000FBF77CFB2F4B304E9C4631682800614432
:1055D000090D0631C9B2FBF757FB2A4B31689C46CF
:1055E0006144E078090D0631C0B2C9B2FBF74CFB4B
:1055F00001212800FBF776FBE0780121C0B2FBF720
:1056000071FB03CE2E00E378DBB2203E32D40122C0
:10561000B24001263700AF401D00203D26D4AE40E9
:105620000125324301922A009A40174300230022A9
:10563000009700F0AFFDA0780121C0B2FBF788FB16
:10564000E0780121C0B2FBF783FBA0780321C0B250
:10565000FBF78EFBE0780321C0B2FBF789FB00204B
:1056600025709AE76B1CDBB2E3709FE72025ED1AEB
:10567000EE40D5E720260122761BF240C9E7C0465E
:10568000847500200000E0AFF85B0020F0B5C6464E
:10569000060000B5674D684C2A0084B03100200038
:1056A000FFF7A2FE022305202B74FCF7F5FDFDF7A2
:1056B0001DFE6249051CFDF7FEFDEC218905FDF785
:1056C000F7FD8046FDF73AFE87B20020002F0DD08F
:1056D0003800FDF70BFE011C4046FDF7E6FD872173
:1056E000C905FDF7FCFDFDF729FEC0B24A23E054D1
:1056F000023BE7525249281CFDF7DDFDEC218905EC
:10570000FDF7D6FD8046FDF719FE87B20020002F79
:105710000DD03800FDF7EAFD011C4046FDF7C5FD40
:105720008721C905FDF7DBFDFDF708FEC0B2522356
:10573000E054023BE7524349281CFDF7BCFDEC2135
:105740008905FDF7B5FD8046FDF7F8FD87B200231A
:10575000002F0DD03800FDF7C9FD011C4046FDF7B4
:10576000A4FD8721C905FDF7BAFDFDF7E7FDC3B22A
:105770004E22A3544C233449E752281CFDF79BFDCD
:10578000EC218905FDF794FD071CFDF7D7FD85B2D7
:105790000020002D0DD02800FDF7A8FD011C381CAD
:1057A000FDF783FD8721C905FDF799FDFDF7C6FDCE
:1057B000C0B256230421E054244A023B2448E55257
:1057C00005F042FC234B00211870234A002005F00D
:1057D0003BFCB37B002B0ED0204B1868204C237869
:1057E000002B03D100280FD1012323701D4804B0E2
:1057F00080BCB846F0BDB068184C2060002811D0BD
:10580000174C2378002BF1D1002301930123164A72
:105810005B420292154A0092154AFCF77BFA01237B
:105820002370E3E7FCF708FB01220221FCF782F872
:105830002060D3E784750020F85B0020001B374C04
:10584000001BB74A001BB74C001B374B0C780020DD
:10585000E83E002034780020745B0020604900207E
:1058600035780020D45C0020904700202D2C0020AB
:1058700018FCFFFF012210B544000D4B2418240131
:10588000E418E273A0780221C0B2FBF73DFAE07899
:105890000221C0B2FBF738FAA0780321C0B2FBF7AF
:1058A00045FAE0780321C0B2FBF740FA10BDC046CC
:1058B0008475002010B544000F4B24182401E4180F
:1058C000A0780021C0B2FBF731FAE0780021C0B225
:1058D000FBF72CFAA0780021C0B2FBF715FAE078AC
:1058E0000021C0B2FBF710FA64200021FCF7C4FAD3
:1058F0000023E37310BDC04684750020BC220C4B0E
:10590000520170B5002600259C1802E0BC339C4271
:105910000DD01A788242F9D15A788A42F6D1DA88C3
:10592000002AF3D0DE805D73BC339C42F1D170BDA0
:10593000045E0020F0B5C64600B59846937817007F
:1059400005000E009C465B0618D0BC22264B520177
:105950001C009A1802E0BC34A2422AD0207885426A
:10596000F9D161788E42F6D1E1880029F3D021790E
:105970008C45F0D1012080BCB846F0BDBC221A4B4A
:1059800052011C009A1802E0BC34944211D02078D5
:105990008542F9D161788E42F6D1E1880029F3D0B1
:1059A00021798C45E6D021794906E3D0BC34944274
:1059B000EDD11C00BC235B01E21802E0BC34A24222
:1059C00010D0E388002BF9D13900200005F09CFBB2
:1059D00043462570A3706670BB78DB43DBB2DB09FE
:1059E000E370C7E70020C6E7045E0020F8B50E00AC
:1059F0001100BC22134B52017F279D1802E0BC33DB
:105A0000AB4219D01C78A042F9D15C78A642F6D1FD
:105A1000DC88002CF3D01A79002A02D01A791742B8
:105A2000EDD100202D2218710130DA72D870253A9C
:105A3000180005F031FBF8BD0348FFF74FFB0020CD
:105A4000F9E7C046045E00208CB30010F8B50500ED
:105A50006846008B1F4C8446BC2040012718500626
:105A60001BD002E0BC34BC421ED026782000B542D8
:105A7000F8D16678B142F5D1E688002EF2D02679C9
:105A8000B242EFD16246190005F006FBF8BD667818
:105A9000B1420FD0BC34BC4206D026782000B542BB
:105AA000F5D0BC34BC42F8D111000B48FFF79AFB8B
:105AB0000020EBE7E688002EECD02679B24202D037
:105AC00026797606E6D1227151424A41E2700122DE
:105AD000E272D7E7045E0020A4B3001070B553064D
:105AE0002DD0BC24284B64011E1902E0BC33B34204
:105AF00040D01D781C00A842F8D15D78A942F5D1AC
:105B0000DD88002DF2D01D79AA42EFD1637B002BF6
:105B100034D00123E373637B002B06D108E001201E
:105B2000FCF7DEF9637B002B02D0A37B002BF6D1C0
:105B3000637BD8B2002B23D10023E37370BDBC2458
:105B4000114B64011E1902E0BC33B34212D01D7820
:105B50001C00A842F8D15D78A942F5D1DD88002D5E
:105B6000F2D01D79AA42D1D01D796D06CED0BC33BA
:105B7000B342ECD111000548FFF734FB0020DDE70C
:105B800000236373D8E7C046045E0020A4B300106E
:105B9000F0B5002910D00024FF26084A084F035D05
:105BA000150A534033405B00FA5A01346A408C4274
:105BB000F5DBD04380B2F0BD0020FCE7FFFF000022
:105BC000B42C002003BDC04610B50400FCF77CFED9
:105BD000A04710BDF0B557464E46DE464546E0B5F7
:105BE000464F85B03B6800900133994601913B6078
:105BF00040BF0F22D02393461B061B689B44584688
:105C0000FBF7D2F9061E00D068E080231B069846F9
:105C1000D0244B46BA46B14624060393FCF722F93A
:105C2000009E019F361A8F41002F48DBFCF71AF9BE
:105C300080197941414502D3012031494042022671
:105C40000D00304A236D1E4244D1536A9D42F9D85B
:105C5000976A874230D3FCF705F9009E019F361AF8
:105C60008F41002F2BDBFCF7FDF836184F414745DD
:105C700002D30126224F7642012505E0300039008B
:105C8000FBF7C2FF00281AD12A00236D1A401D42DB
:105C9000F4D0A36D03999942C0D14E469246002E8E
:105CA00026D1194805F0B8F9504605B0F0BCBB46FE
:105CB000B246A946A046F0BD9D42CCD1C2E74E46B1
:105CC0005746002E0FD13B6801333B6040BF002395
:105CD0009A46E6E7039B636540BFBCE70021584650
:105CE000FBF750F991E701215846FBF74BF9EAE73A
:105CF00001215846FBF746F9D3E7C046EC3E0020A9
:105D0000FFFFFF7F00400540805B002070B58024CE
:105D1000124B6402124A1C6013682342FCD00F200D
:105D2000FBF742F9002105000F20FBF72BF90022B9
:105D30000C4B5A70D0220C4B12061C60136DDB0703
:105D400004D4012420BF136D1C42FBD0D0232900B2
:105D50000F201B069B6DFBF715F970BD0420014059
:105D600004000140885B002004300140F0B5C646C5
:105D700000B5040086B00F200E009046FBF714F922
:105D8000002105000F20FBF7FDF800230022009200
:105D900001930123029343460393D0230496059471
:105DA0006F4600240026012102201B06002C13D080
:105DB0001A6D1042FCD05C6540BF1A6D114203D1D0
:105DC00020BF1A6D1142FBD09A6DA24209D0002665
:105DD000B200BC58EAE79A6D1A6D1142FBD140BF80
:105DE000E6E70136062EF3D129000F20FBF7CAF8AB
:105DF00006B080BCB846F0BD0D4B0E4A70B593425C
:105E000010D31C000C4A99180B4D0C4A9268605133
:105E1000FF20C00023500A4B0A4823500A48FFF7CE
:105E2000A5FF70BD01235B421C000849ECE7C0469A
:105E30000008042000000420F407000000ED00E04A
:105E4000C95B0010FC070000C55B0010F3070000F1
:105E500070B5FAF7DDFF04000D480368002B13D07E
:105E60002000FAF7E1FFD0231B061C680949250032
:105E70000F352800FBF7A4F828000121FBF782F872
:105E80000122054B1A5570BDFBF732FBE8E7C0460F
:105E9000805B0020D52E0020885B0020F8B50E4BDB
:105EA0001E685F68FAF7B4FF0C4D04002B68002BE6
:105EB0000ED02000FAF7B8FF32003B00280005F0B2
:105EC00003F9002803D030003900FFF783FEF8BD46
:105ED0002800FBF70DFBECE7F0B50010805B00201D
:105EE00010B5094B094C1A685B68200005F0ECF806
:105EF000002807D0064A13680133136040BF200012
:105F000005F08AF810BDC046F0B50010805B002097
:105F1000EC3E0020074B10B59C466044000D012864
:105F200006D0054A800041180448FAF787FF10BDE3
:105F3000034AF7E70000E0AFE0B300101857002075
:105F4000BCB30010F0B557464546DE464E4688467F
:105F5000E0B583B006000525FAF75AFF43468446AC
:105F60005D571879334B344AF3181B0D9B0092464A
:105F7000D758012220248240241A013A002D41DB07
:105F8000A54232DC1100A9400F422ED141460968DA
:105F9000894641468979002945D12C00AA4093467B
:105FA00059463A40394241D180218901884600282A
:105FB00016D06146A44634004E469946030001912E
:105FC0005100705A404500D24019A9181231890079
:105FD000013208519A42F3D3019B64469C464B46DA
:105FE0005A4617435246D75001E0012464426046A6
:105FF000FAF71AFF200003B0F0BCBB46B246A94630
:10600000A046F0BD002C02DA10E0013C0ED31100D6
:10601000A14025000F42F8D1414609688946414612
:1060200089790029BAD014246442E0E70924644243
:10603000DDE7C0460000E0AFD4550020F8B5DE46ED
:1060400057464E4645460C00E0B515000600FAF7E7
:10605000DFFE0523A179824622792068E3560029D4
:106060003DD1002B01DB9D4236D11E4B0127F31899
:106070001B0D9B0098461C4997400B008B464146E0
:106080005B58013FAF401900994639401F4220D16B
:1060900080239B019C46002A0BD04B00C45A6445C8
:1060A00000D264196B1812339B0001319C518A4253
:1060B000F3D84B463B431F0042465B469F50504639
:1060C000FAF7B2FE2800F0BCBB46B246A946A0468D
:1060D000F8BD09256D42F2E70B256D42EFE7142567
:1060E0006D42ECE70000E0AFD4550020F0B5DE468D
:1060F00057464E464546E0B51600DC22924685B02E
:106100004B0002935B18DB00C518AA445246834635
:1061100028001268CC30009202682B0001921C4AC1
:10612000802094460E9C634480021860002C1DD091
:106130008023DB049946012398463300D835E027B5
:106140002E0055469A463F0203912000FCF7E0FCE2
:106150004A46430113432B6053464246C340134013
:106160003B433360631E1C40EFD10399029B5B18D5
:10617000DB005B441A000099DC321160019ACC33D9
:106180001A6005B0F0BCBB46B246A946A046F0BDB9
:10619000CC300000F0B5DE4657464E464546E0B5E9
:1061A0001600DC22924685B04B0002935B18DB00A0
:1061B000C518AA445246834628001268CC30009283
:1061C00002682B0001921C4A802094460E9C634476
:1061D00080021860002C1CD08023DB049946012328
:1061E00098463300D8352E0055469A46134F0391F2
:1061F0002000FCF78DFC4A46430113432B605346B5
:106200004246C34013403B433360631E1C40EFD102
:106210000399029B5B18DB005B441A000099DC3297
:106220001160019ACC331A6005B0F0BCBB46B2468F
:10623000A946A046F0BDC046CC30000080E000007A
:10624000F0B54E464546DE465746E0B583B0894632
:106250000CA984460D781F2A45D84946490088462E
:106260004944C900461837003400DC373868CC345C
:1062700083462068310001901C4880248246A40295
:1062800051440C6069424D411E216D428D431849B5
:106290008A465544052B0CD9A0201F214005D8362D
:1062A000540104430532053B3C600A403560052B30
:1062B000F6D852019B06134342464A44D200624438
:1062C0001000DC3213600300D8331D605B4613609E
:1062D000019BCC300360002003B0F0BCBB46B2464B
:1062E000A946A046F0BD05204042F5E7CC300000AD
:1062F0009FE00000F0B501258D400468AC430460C8
:10630000002B2ED04D006C18E400041926001F68E5
:10631000C83637609F68043677605F68DB68DC34B6
:10632000376023606B18184DDB00AC468025C4181D
:1063300064442D0625602560144C0D1D8C4084603E
:1063400001242600AE40802508318C401F21AD017C
:106350004519C0180A40D8302E602C600260002019
:10636000F0BD4D006C18E400041926008027C836E3
:106370007F023760C0273F03B760F82704367F02EB
:10638000DC3437602360CDE7D0100000010101014B
:10639000F0B5C646040000B5002813D00B4B00250D
:1063A000984601260A4F264203D164080135264249
:1063B000FBD0424629003800FAF740FD640801D0BE
:1063C0000135F0E780BCB846F0BDC046FCB3001014
:1063D00028780020F8B500F047F90C23194DFF226A
:1063E000AB6705201849FAF715FE184C402200212A
:1063F0002000FDF725F84027002301262121144A1B
:1064000066702783A260136063545F3161844539ED
:106410006354104A10496360E2602787A1620B60F1
:106420006362E26204F0F0FD80239B052E64EB645E
:1064300090230A4A0120EA508022094B5202DA6472
:10644000F8BDC046000011502D30002074570020C8
:1064500084001050000110508000105010D0010036
:106460000020115010B501210520FAF78BFD10BD59
:1064700010B500220021024800F016F910BDC046F8
:1064800094570020044B1970002904D080219023D8
:10649000024A8902D15070472D7800200020115007
:1064A0000B785B0602D14B78052B00D070478A78B9
:1064B000014B1A60FAE7C04600001150F0B5C6461D
:1064C000C87800B58007830F1800012B60D08F7843
:1064D0000A794B797F213940FC091B024E00134396
:1064E000334D32195201AA1897700127674057702F
:1064F00000275B055B0DD7701383D076B846CA00C2
:10650000012C32D02B4FBC468F016244BC46AC44B8
:106510006746BA6047461760002932D0264AC9004C
:1065200090466246414451603F223F3393430228E4
:1065300037D0224937190A687F01D3180B602049E8
:10654000EF19FA608B422ED836197601AD19EB7E21
:106550001C499B064A4013438022120613436A6873
:106560001360012080BCB846F0BD174FBC468F01B8
:106570006244BC46AC446746BA624746176000298D
:1065800008D1002364012C196360104BE360E8E735
:106590000020E7E70B4AC900904662464144516239
:1065A000C2E75B00C5E7FCF775F9FA68CCE7C046BF
:1065B000745700208400105004001050DC5B002051
:1065C000FF0F1050000010508000105000011050BC
:1065D00010B504F019FD10BD10B57F200C0020404F
:1065E0004000E409110000191A00034B4001C018D3
:1065F00000F05AF8012010BD745700207F231800C6
:1066000000B5084083B00B4204D14B424B41084ACD
:10661000013393668022C9094000064B40184001AF
:106620000021C018120104F077FD03B000BDC04680
:1066300000201150745700207F22130010B50B402A
:106640000A4200D110BDC9095B005B1804485B0118
:10665000C018002300220349C37004F05DFDF1E778
:1066600074570020FFF7FFFF80220A4B520410B539
:106670001A60094B09491A6010000B689843FBD156
:106680008022002152010648FCF7DAFE0922054B60
:106690005A6710BD00E0004000F0004008C0004014
:1066A0000000105000001150002310B5C3820133C8
:1066B000828283760161040004F0FEFC002804D08D
:1066C00080219023074A8902D150200004F0D4FC95
:1066D000002802D00123237710BD200004F00CFD18
:1066E000FAE7C04600201150002070477047C046AE
:1066F0007047C04600207047002070470020704758
:106700007047C0467047C0467047C0467047C04695
:10671000024B5878431E9841C0B270473051002058
:10672000024B18784007C00F7047C0463051002018
:10673000F0B5D6464F464646C0B52F4B07009A46A1
:106740001B780E00FF2B50D1002941D0002154228C
:106750002A48FCF775FE0022294C2A4B20001A70AB
:10676000FAF7C6FE284B1C60284C2000143CFAF7B0
:10677000CDFE200001F098FD254B264D1C60264BD8
:10678000002B04D0280000E000BF244B18602449EF
:10679000002489462149002388462A7810E0434690
:1067A0001B6862019B18002B12D05B68002B0FD076
:1067B00098472A780134E4B2511C2300A14209DB36
:1067C000A242ECD89B1A5B014B445B68002BEFD1D3
:1067D00000200BE05346310038001F70FFF7FAFD30
:1067E0000028F5D03800FFF73DFE0120E0BCBA4696
:1067F000B146A846F0BDC0460C3F002030510020F5
:10680000285100202E78002084510020043F0020D1
:10681000885100202A7800200000000064490020F0
:1068200090B90010F0B5DE4657464E464546E0B5F5
:10683000C84B91B002931B78FF2B00D13EE1C64BB1
:10684000C64E9B465F46C64B0DAC0193C54B0093AD
:1068500035686A69EFF3108172B61368002BFCD0BB
:10686000BFF35F8FA9612800210001F04DFB6A6929
:10687000AB69BFF35F8F0021116083F3108800289C
:1068800000D11BE16378082BE2D89B00FB589F46A0
:106890006368002BDCD0A0689847D9E77F22217974
:1068A000AF4D0A405300EB189846C8098044404653
:1068B0000123303005799D430571057903339D43EC
:1068C0000571002A00D100E14346A74A1B7D1278DA
:1068D000934200D3EFE0A54A5B011568ED18002D47
:1068E00000D1EBE0A36862792078AD69A847AFE7F3
:1068F0009F4A1378002B00D1E0E01378013BDBB214
:1069000013701378002BA3D10122954D01212B7810
:10691000042013432B703423EA5C8A43EA54EA5C74
:106920008243EA540133EA5C8A43EA54EA5C8243D4
:10693000EA54237800209B4600F09EFC60222379D5
:106940001A40602A00D1EFE0402A00D1F5E0DB06D2
:10695000DB0E012B00D113E1022B00D1C7E0002B8D
:1069600000D0E1E0202A00D11CE2002A00D0DBE0C8
:106970006379092B00D9D7E07E4A9B00D3589F4604
:10698000774D2B78DB0700D462E7FFF7BFFE5FE7A8
:10699000019BDB78DB0700D45AE76068FFF7A8FEAD
:1069A00056E76F4D2B78DB0700D451E728780007B6
:1069B000C00FFFF7A9FE4BE723786A4999468B463B
:1069C000694B6A4998468A4639001A784746002337
:1069D000B04600254E46894610E053461B686A01C2
:1069E0009B18002B00D176E0DB68300098473A789E
:1069F0000135EDB2511C2B008D4244DC9542ECD3A5
:106A00009B1A5B015B44EFE7237858499946564B44
:106A10008A4698463100BB464E461A780025002328
:106A2000474689460FE053461B686A019B18002BB6
:106A300055D0DB68300098473A780135EDB2511CEB
:106A40002B008D4207DC9542EDD39B1A009A5B0127
:106A500094466344EDE7019D542200212800FCF791
:106A6000EFFC1022FF214448FCF7EAFC280020221A
:106A7000FF2114304E465F46FCF7E2FC00F0F2FBCB
:106A8000FFF740FEE4E6364D542200212800FCF7D3
:106A9000D7FC1022FF21281DFCF7D2FC2800202261
:106AA000FF21143046464F46FCF7CAFC00F0DAFBE3
:106AB0002379AB70CCE6501C984213DA11B0F0BCCD
:106AC000BB46B246A946A046F0BDA36862792078CD
:106AD00000F0E6FBBCE646464F46214DE6E74E4653
:106AE0005F46CBE71F4D9B1A5B015D19FAE67023E9
:106AF000217A0B4218D1C80982460F330B405B0044
:106B000098461948EB1853441B7D007899468342F8
:106B100066D216485B01006881469944002A00D17C
:106B20005FE14B46002B68D120780021FFF766FD1E
:106B300080212078FFF762FD8AE6104800F09CFB78
:106B4000012158460EAAFFF7CFFD002800D07FE6AE
:106B5000EAE7C0460C3F0020E8B80010885100204A
:106B60003051002090B900102A780020644900209C
:106B70002E7800200CB9001034510020E966001076
:106B8000237A0F2BD0D8CF4AEB181B791578AB425C
:106B90003ED3691C9942C7DB5D1BCB4B6D01ED18E1
:106BA000686900F069FB012158466B690EAA984795
:106BB000002800D04CE66022150023791D401A42BF
:106BC000B2D163790A3B012BAED800F055FB637953
:106BD0000A2B00D199E158460EA900F0D9FA37E600
:106BE000431C4B4500DAF7E04B461B1A5B01994604
:106BF000B5488144002A00D1F3E04B46586900F0C3
:106C00003BFB4B46012158465B690EAA98479CE71F
:106C1000AE4A5B011568ED18002DC1D184E7A37958
:106C200099466B789945D6D06B78002B00D033E12C
:106C30004B466B70002B00D12BE148460138C0B2A7
:106C4000F9F78EFC002800D17EE143780793022BF0
:106C500000D079E10122C179B1468B11491113406D
:106C60000A40302112015B0113432A78A8468A4367
:106C700013432B7009239A4682445646BA46C3787A
:106C800082781B021343C31805938E4B04938E4BDB
:106C900008938E4B09938E4B0A93059BB34200D801
:106CA00055E1737801220B2B03D13378F278F61873
:106CB0007378042B00D044E1059B00279B1B9BB2FB
:106CC0000693049B0B921D78002303931BE0099A03
:106CD0007B011568ED18002D00D132E131005846D6
:106CE0002B69069A98478446082803D9069A824257
:106CF00000D313E1049B01371D78FFB26B1C03978F
:106D00009F4200DD1DE1BD42E1D8039B5D1B089B56
:106D10006D019C466544E1E76B780CAA0232137062
:106D2000584601230EA900F049FA91E5E3881A0AB2
:106D3000D8B20F2A00D9F7E666499300CB589F4690
:106D40000EA800F09FFA5846A179FFF791FB0222A6
:106D50002B7813432B707BE5E388012B00D0E3E60F
:106D600008222B78584693430EA92B7000F010FA96
:106D70006EE5022029780CAB9A1C8B068908DB0F84
:106D800001400B431380584602230EA900F016FA67
:106D90005EE5E388012B00D0C6E608222B7813437A
:106DA0002B7018E7237A0F2B00D9BDE6EB181D795D
:106DB000444B1B789D4228D2444B6D011B685D19E2
:106DC000002D00D1B0E6686900F056FA012158465E
:106DD0006B690EAA9847B8E6002A00D0A4E6002303
:106DE000994662790220130003928343012B15D048
:106DF000002A00D098E62B004344534430331B79DB
:106E00000CAA9B07DB0F0232BCE75A1CAA4200DA2D
:106E10008AE6ED1A2C4B6D01ED18D4E7E388002BC0
:106E200012D1029B1878039B012B23D0FFF7E6FBBE
:106E300043460221EB18534430331A790A430121A7
:106E40001A711A790A431A714B46002B00D1FFE4DC
:106E5000586900F011FA4B4601215B690EAA5846A9
:106E60009847002000F008FA3523EB5CDB0700D5DB
:106E7000EEE4B0E6FFF7E0FB43460221EB18534493
:106E800030331A798A431A711A7903998A431A712D
:106E9000DAE7FFF737FC9EE600215846FFF7F2FAE3
:106EA0005846FFF795FBAB78074903930491054BD0
:106EB000064998461A780591002329001D008A4644
:106EC0001BE0C0462A78002090B9001064490020D9
:106ED0004451002034B90010059B6A011B689B18BF
:106EE000002B4DD0DB685846984743461A78013549
:106EF000EDB2511C2B008D422EDC9542ECD39B1A37
:106F0000049A5B0194466344ECE70CAB9A1C584628
:106F100001230EA9157000F051F999E40B9A012A8A
:106F20004FD0002A3CD00023B07804E00133DBB21C
:106F30000F71934234D2C118C9B241440D79FF2D6B
:106F4000F4D04E464546574600236B70ECE54E465E
:106F50005746FFF7D5FB3EE6554654220021280050
:106F6000FCF76EFA1022FF21281DFCF769FA2800B1
:106F70002022FF211430FCF763FA039BAB7057E625
:106F80005546FAE7FFF7B6FB021E00D1CCE5D378F1
:106F900091781B020B4358460EA900F00FF9D4E577
:106FA00065463B002A0031000A9800F001FFAC461C
:106FB000049B039A1B7866440133934200DB6CE622
:106FC000BFE7174B29699942ADD1079AABE7FFF7A5
:106FD00093FB021E00D1A7E5584613780EA900F0D6
:106FE000EDF8B2E52189F9F7BFFA021EF4D19BE56D
:106FF000022A0FD0FFF782FB021EC8D194E5F9F7F1
:10700000ABFA021E00D18FE5122358460EA900F0FC
:10701000D5F89AE5F9F7A4FA021EB8D184E5C0467E
:107020006D760010F8B557464E46DE4645460C00D4
:10703000E0B516001F00002A3CD0702398461E4B76
:1070400000259B461D4B9A461AE05B461B782000A4
:1070500099465346997800F06DFE00281CD0210017
:107060004846FFF72BFA002816D0A378DA09012A40
:1070700019D00A9A013513702378E418B54219DA49
:107080006378052B08D1E3789B079B0FBB4203D1A4
:107090004246A3781A42D8D00020F0BCBB46B24684
:1070A000A946A046F8BD0B9A013513702378E41861
:1070B000B542E5DB0120F0E70C3F00203051002015
:1070C000702270B58B780C001A4201D0002070BD80
:1070D000064B20001D78064B997800F02BFE002807
:1070E000F4D021002800FFF7E9F9F0E70C3F002079
:1070F000305100200B007F2010B51840DB093433DD
:107100004000044AC018044B1168C01800F0CEFDBE
:1071100010BDC04684510020305100200B007F205C
:1071200010B51840DB0934334000044AC018044B42
:107130001168C01800F0E2FD10BDC0468451002067
:107140003051002070B57F240F480C4064000419B2
:10715000CD09641930342079C00701D5002070BDF5
:10716000012625790948354300782571FFF734FA5F
:107170000028F4D101222379934323712379033228
:1071800093432371EAE7C046305100200C3F0020B2
:1071900070B5094C0600082220000D00FCF756F9D6
:1071A00000238021E360A3602B7830009943002204
:1071B0000023FFF7C7FF70BD784C0020F8B5CE461E
:1071C00047469046254E80B58146082230000D0086
:1071D0001F00FCF73BF94346B3600023F381EC79D1
:1071E000AB7924021C43231CBC4200D93B1C9FB238
:1071F000B381002C0DD0002F17D04246002A2BD08F
:10720000402F1BD89FB233787F2B1CD80021144A03
:107210000FE080212B780022994348460023FFF796
:1072200091FFC0BCB946B046F8BD7F23002231783B
:1072300099433B004846FFF785FFF2E740239FB2A2
:1072400033787F2BE2D9064C3A0041462000FCF708
:10725000FDF880212200ECE70020E2E7784C0020D6
:10726000384C002010B5142200210248FCF7E8F841
:1072700010BDC046784C0020014B18617047C046D5
:10728000784C002010B5054C010008222000FCF7C6
:10729000DDF80023A360E36010BDC046784C0020F9
:1072A00070B5384C1D0023780600DA09C9098A42F6
:1072B00010D00020002D00D070BD21003000FFF75D
:1072C000EFF82369002B03D02200032130009847F8
:1072D0000120F1E77F2B06D8A068002834D02A00CF
:1072E0002949FCF7B3F8E289A1685219E38892B200
:1072F0004919E281A160934214D03F2D12D9A3898C
:10730000981A051C80B240282AD82078ADB27F2870
:1073100028D800219A4232D01B4A2B003000FFF7B8
:1073200011FFC9E72369002B05D02200022130009C
:10733000984700280AD08021237800229943300002
:107340000023FFF7FFFEB7E70020B5E7002130007C
:10735000FFF754F930008021FFF750F90120ABE727
:107360004025D2E79A4207D0074C2A002000FCF7BC
:107370006DF880212200D0E780210022CDE7002295
:10738000CBE7C046784C0020384C002070B5040094
:10739000FFF7BEF9002800D170BDFFF7C1F9002842
:1073A000FAD1E3001B19DB00124D1B19DB00EE18AC
:1073B000F1780029F0D010335D19280000F08EFD1F
:1073C0003F28E9D90020F178FFF794FE0028E3D0A8
:1073D000280000F083FDF1783F2807D9064BE20131
:1073E000D21800204023FFF7ADFED5E70020FFF7BD
:1073F00095FED1E7F04900206C490020C30010B58C
:107400001B18DB001818034BC000C01800F048FD23
:1074100010BDC046004A0020F0B58023C646C60015
:107420003418E4002418204FE4001034050000B59F
:107430003C195B029A4200D31C4A200092B200F031
:10744000B1FD8046FFF764F9002803D1404680BCB7
:10745000B846F0BDFFF764F90028F7D17619F600B9
:107460007619F600BE19F378002BEFD0200000F05B
:1074700035FD3F28EAD90020F178FFF73BFE0028D0
:10748000E4D0200000F02AFDF1783F2807D9084B0E
:10749000EA01D21800204023FFF754FED6E700206F
:1074A000FFF73CFED2E7C046F0490020FFFF000096
:1074B0006C490020F8B50400FFF72AF9002801D133
:1074C0000020F8BDFFF72CF90028F9D1E5002D19AF
:1074D000ED002D19ED002E00134F2436F619300063
:1074E00000F0DEFC0028EBD07F190020B978FFF710
:1074F00001FE0028E4D00D4DE40165192900402269
:10750000300000F04FFDB978041E08D003002A00B7
:107510000020FFF717FE0028D2D02000D1E700207E
:10752000FFF7FCFDCCE7C046F0490020AC49002045
:1075300070B5C4002418E4000C4B2418E400E418CF
:10754000802305005B029A4200D3094A200092B2D0
:1075500000F0EEFD0600200000F0A2FC3F2801D85C
:10756000300070BD2800FFF7A5FFF9E7144A00209E
:10757000FFFF00009222F0B500251B4C83B00021D4
:1075800020009200FBF75CFF184B21001D70FF23C9
:107590006371E1235B02A360200008238022A373B0
:1075A00038310095073B5200103000F043FC2100B9
:1075B0000123200080223931FF3152000093243012
:1075C00000F038FC8E239B00E7183800F9F790FF95
:1075D00090239B00E6183000F9F78AFFE5612762E7
:1075E0002663656303B0F0BDF0490020EC4900203C
:1075F0000A4A116B136A00290CD0002B07D0002314
:10760000D3615363136300231362012070475363F4
:107610001363FAE7002BF8D0D161F4E7F0490020BA
:1076200070B50F4C052200212000FBF709FF0D4D1E
:107630002B78DA0707D50C4C9B070CD501212000CD
:1076400000F052FE70BD2000103000F02DFE2B78AF
:10765000054C9B07F2D4200000F026FEEEE7C04662
:10766000F0490020EC490020144A0020F0B54B7985
:10767000060083B0022B02D18B79022B03D00025A8
:10768000280003B0F0BD204FBB78002BF7D18B78DA
:1076900009253B700C780C196378242B07D00CE07B
:1076A0002378E4185D196378ADB2242B05D1954297
:1076B000F6D90020FFF76AFEE2E71A00052B15D085
:1076C000042AF6D163790A2BF3D1104B2778019362
:1076D0000133009330000223E119023AFFF7A2FCC4
:1076E0000028CCD00E35ED19ADB2E2E72100300014
:1076F000FFF7E6FC0028C2D0A3787B7023785D19E1
:10770000E4186278ADB2DBE7F0490020F2490020CE
:10771000F8B5602314001278050013400020202BD8
:1077200007D1304A6379277916781B023B439E4282
:1077300000D0F8BD6378222B1AD007D8202B34D084
:10774000212BF6D101293ED00120F2E7232BF0D1E5
:10775000012940D00329F7D1234B002BF4D0E17845
:10776000A37809020020194300E000BF0120E0E7F0
:10777000012930D00329E7D101252E00A378E47830
:10778000023924021C431471264024321000714037
:1077900000F0AAFD154B002BD6D062080020310066
:1077A0002A4000E000BF0120C3E701290BD00329D4
:1077B000CAD10F4B002BC7D008320020110000E0C7
:1077C00000BF0120B5E7072321002800094AFFF781
:1077D000F5FC0120ADE721002800FFF7D9FC0120CE
:1077E000A7E7C046F04900200000000000000000AC
:1077F00000000000F8490020F0B54F464646D64646
:10780000C0B5364D8046EA780C001F008A423CD055
:10781000AB788B4210D00020E0BCBA46B146A846F7
:10782000F0BD2F4B002B04D02E4800F04FFB00285A
:1078300051D00020FFF7AAFDAB78A34201D0012070
:10784000EAE7294B002B02D0002000E000BF002017
:10785000FFF730FE0028F2D1244C200000F020FB7E
:107860000028ECD1002FEAD0BF06E8D1243C4046E6
:10787000A178FFF73FFC0028E1D00023002240461A
:10788000A178FFF75FFC0120C6E79AB210239A4661
:10789000174EAA443100504600F04AFC154B002B0D
:1078A000BFD06B79FF2BBCD0002FBAD0F219914614
:1078B00003E001364E45B4D06B7932789A42F8D164
:1078C000504600F003FB0028F3D15346103B597992
:1078D00000E000BFEDE7F8F731FDAAE7F04900202E
:1078E0003D030010004A002000000000144A002060
:1078F0006C490020000000007047C046012070471E
:107900007047C046F0B557464E464546DE46E0B5A0
:10791000002783B01D000CABDF570DAB1B780E00AA
:107920005BB298460EAB1B7814005BB29B460FAB64
:107930001B785BB29A4610AB1B789946002807D09B
:10794000002003B0F0BCBB46B246A946A046F0BD3D
:107950001E4B002001935978FFF7CCFB0028EFD095
:107960001B4B002E22D14246EDB22D02E4B2FFB2F3
:107970003F042C4312063C4314435A461A755246A0
:107980005A754A469A751A0011991C61D9750B0AE5
:1079900013760B021B0E53760B0E93760B23019975
:1079A0000C4A49780020FFF7CDFBCAE742461A751A
:1079B0005A465A7552469A754A46DA75119A1E7495
:1079C0005C749D74DF749A610C23E8E7104D00200D
:1079D000E04C0020F04C002010B50C2200210248A1
:1079E000FBF72EFD10BDC046104D00200120704752
:1079F00010B50C2200210248FBF722FD10BDC04645
:107A0000104D0020F0B54B7906000D0083B0032B1C
:107A10000AD10879C400241A1234A4B2944203D8BB
:107A2000194F7B78002B03D00024200003B0F0BD59
:107A3000097869184B78212BF6D1B9600B780200D0
:107A4000C9187B1C0193BB1C009330000323FFF774
:107A5000E9FA0028E8D0AB79012B01D1EB79FB7072
:107A60000123BB71AB78B9783B70BB68DA791B7ABC
:107A70001B021343BB800029D7D010233000034AD8
:107A8000FFF760FBD1E7C046104D0020004D0020FD
:107A90001F23F0B514001278050083B01340012BAA
:107AA00001D000200CE05A4E207933789842F8D16A
:107AB000602318001040134204D101290BD001208B
:107AC00003B0F0BD2028ECD163780B2BE9D8514AE4
:107AD0009B00D3589F466378062BE2D1E378212B95
:107AE0007AD0222BDDD10020F8F778FD21000200AA
:107AF000B3882800FFF762FBE1E7012910D00329D2
:107B0000DDD1A1780020B171FFF7F6FED7E701299A
:107B1000D5D1E1780020F171FFF7F0FE0028C0D048
:107B200021002800FFF734FBC9E701295ED00329B3
:107B3000C5D1E079A37900021843E278A178041C4A
:107B4000102800D91024344BA4B2002907D00128F2
:107B500005D91878884202D1013C304BA4B20020EC
:107B60000094F8F73FFDAAE70129A8D101232100DD
:107B700028002B4AFFF722FBA1E701299FD101230F
:107B800021002800274AFFF719FB98E7012996D121
:107B9000E379A0791B020343E278A178181C102B2B
:107BA00000D9102080B200292DD0012B2BD901261D
:107BB000194F0138397080B27B1C00900020F8F713
:107BC00013FD33189BB2002B00D16AE73A00210065
:107BD0002800FFF7F3FA72E7B268002A00D160E7E5
:107BE000210028001378FFF7E9FA69E7E379A27921
:107BF0001B021343102B00D953E721002800064A2B
:107C0000FFF7DCFA5BE7044F00263B00D5E7C046F0
:107C1000104D0020D0B90010E04C0020E14C0020B5
:107C2000164D0020174D002070B51B4D0400A8789C
:107C30006E7882B0884204D08E4216D0002002B006
:107C400070BD9BB2864211D0144E002A17D100930A
:107C50000021330000200232F8F7C4FC1023320068
:107C60002000A978FFF76EFAE9E79BB2002A0CD151
:107C700000201A000A49F8F7B9FC0120DFE73200BA
:107C800002210020FFF73CFEE8E700200121044A22
:107C9000FFF736FE0120D2E7104D0020004D0020F6
:107CA000F04C002010B5F9F731FF10BD037870B526
:107CB000DB0704000E00DD0F002B17D103785B07F4
:107CC00001D5280070BD01213000494203F0ECF9D4
:107CD0002378DB07DD0F002B0AD123785B0708D45C
:107CE0000422237801251343237002E00025E8E7EE
:107CF0000025300003F090F9E3E7C04670B50C00B2
:107D0000012106004942200003F0CEF933785B07D9
:107D1000DD0F002B04DB200003F07EF9280070BD8E
:107D20003378DB0704D40422337893433370F2E7CB
:107D30000025F0E7437902791B021343C2785B0503
:107D400092075B0D920F022A1DD0032A0CD000204F
:107D5000012A08D102394A425141124A94466144EB
:107D600099424041C0B2704702394A1E91410E4AC1
:107D7000494211408022D200944600206144994239
:107D80004041C0B2EFE7022905D0002040229A42CC
:107D90004041C0B2E7E7054A981843425841C0B293
:107DA000E1E7C046FF03000040FCFFFF00FEFFFFCD
:107DB0008A1870B5914207D27F264C78052C04D0E2
:107DC0000C7809198A42F8D870BD34008D782C409F
:107DD00064000419ED0963550C7809198A42ECD83E
:107DE000F2E7C04670B54D1E0300EDB200291ED06B
:107DF000017800200E00301880B25B18904205D345
:107E00000FE0081880B25B1882420AD9197800295D
:107E100007D05C780B2C0BD0042CF2D1DC78002C32
:107E2000EFD1013DEDB2FF2D02D01978E3E700203C
:107E300070BDC046F0B5C64600B504006846057E74
:107E40008020884617001E000002824226D8E06883
:107E5000002803D00121494203F026F920690028B7
:107E600003D00121494203F01FF943462360730404
:107E70005B0CED031D430023E0686381A780E58070
:107E80002381002801D003F0C7F82069002801D021
:107E900003F0C2F8012080BCB846F0BD0020FAE72C
:107EA00010B5048941898288A3B288B28C4207D375
:107EB0001B1A9BB2101C9A4200D9181C80B210BD2C
:107EC0005100091A5B189BB2F4E7C0460389408948
:107ED000181A43425841C0B27047C04610B50489D1
:107EE00041898288A3B288B28C4207D31B1A9BB205
:107EF00000209A4201D9D21A90B210BD5100091A3D
:107F00005B189BB2F4E7C04670B5040000690E0030
:107F1000002803D00121494203F0C6F82589608971
:107F2000A288A9B283B2854232D3CD1AADB2002D58
:107F300028D0AA4208D291422FD3891A8BB26381EA
:107F40009A4203D89B1A9BB29A42FBD9E2882168D5
:107F50005204520C53433000C918FBF777FA638977
:107F60000125591C89B2A2888B420DD900215200EB
:107F7000891A89B220696181002801D003F04CF888
:107F8000280070BD618989B252009142F2DBEFE7AF
:107F90005500ED1A4D19ADB2C9E789188BB263814E
:107FA000CEE7C046F0B546464F46D646C0B50600B9
:107FB000006989469046002803D00121494203F018
:107FC00073F831897289B5888BB294B2914254D3D7
:107FD0001F1BBFB2002F4AD0BD4205D2AB4251D2C7
:107FE0005B199CB22F0074814346B8453DD89FB2BF
:107FF000A54203D8641BA4B2A542FBD9F28831681C
:108000005204520C904662432B1B9BB28918424685
:108010009F4225D953439BB21A0048469A46FBF724
:1080200015FA434648467D1B64195C433168504449
:10803000A2B2FBF70BFA7189B588CB199BB26A0023
:10804000994216D99B1A9BB230697381002801D0DE
:1080500002F0E2FF3800E0BCBA46B146A846F0BDE7
:1080600048467A43FBF7F2F9E5E73B1CBFE7738923
:108070009BB26A009342E7DBE4E76F003F1BDF1926
:10808000BFB2A7E75B1B9CB2ACE7C046F8B50400E3
:10809000C0680E00002803D00121494203F004F813
:1080A000258920896189A288ADB283B28FB28842C6
:1080B00029D3DB1B9BB29A4209D8E779FF0906D185
:1080C000E068002801D002F0A7FF3800F8BD2B00BF
:1080D00095421DD39B1A9BB29342FBD2E288206843
:1080E0005204520C53433100C018FBF7AFF96B1C1C
:1080F0009BB2A2889D4217D9002352009B1A9BB2C3
:1081000001272381DCE75100C91B5B189BB2D2E732
:10811000E28820685204520C53433100C018FBF728
:1081200095F90135A288ABB252009342E8DBE5E74E
:10813000F0B54E465746DE464546E0B58946060050
:10814000170083B0002A67D0C068002803D001213F
:10815000494202F0A9FF3389F2799BB298467389AC
:10816000B5889BB2D20940D198455ED26A00D31A35
:1081700043449BB2AB425DD2EB1A1A1C9BB2BB428A
:1081800000D93A1C97B27B1B9BB20193F3885B0426
:108190005B0C9A464346DB199BB29B464446A84576
:1081A00003D3641BA4B2AC42FBD253466343306892
:1081B0002D1BADB2C018BD424BD3524649467A433F
:1081C000FBF744F9B3885B00D84501D89B4503DB36
:1081D0005A46D31A9BB29B465B463D003381F068FA
:1081E00000281AD002F018FF17E0F2885204520C4F
:1081F0009246AF4220D298454DD34246D21A92B20F
:108200006900781B80B2D21901908A4233DA434662
:10821000FB189BB29B46C1E70025280003B0F0BCC9
:10822000BB46B246A946A046F0BD4246D31A9BB211
:10823000AB42A1D30025D2E7002DD0D07F1B5743FE
:1082400098465A19002392B2B94493462F000193DD
:10825000A4E753465D43ADB22A004946FBF7F6F862
:10826000019B2900E21853465A43306892B24944B0
:10827000FBF7ECF8A6E75A1992B29346D21B92B2DA
:10828000904693420CD94346591A8BB29846FB1834
:108290009BB29B4682E76900CA1A424492B2B0E799
:1082A000914200DD7AE7EEE710B50400C0680028CF
:1082B00003D00121494202F0F7FE2069002803D0D3
:1082C0000121494202F0F0FE0023E068638123812E
:1082D000002801D002F0A0FE2069002801D002F0A1
:1082E0009BFE012010BDC04670B50400C0680D00A3
:1082F000002803D00121494202F0D6FE206900285F
:1083000003D00121494202F0CFFE7F21E379ED0144
:108310001940E0682943E171002801D002F07CFE99
:108320002069002801D002F077FE012070BDC04610
:10833000C27843691A707047F0B5DE464E4645462E
:1083400057464E4BE0B599464D4B87B005934D4B84
:10835000884604934C4B00909B464B4602920193F7
:10836000002300260024019D039303E001365635C7
:10837000052C45D02B78009A0134E4B29342F5D114
:108380005623019A7343944663441B79DB07EDD56A
:108390004346002B02D06B784345E7D1029A002A6E
:1083A00002D0AB789342E1D1052C64D0374B002B3F
:1083B00002D0200000E000BF0599A946B246002780
:1083C00000230D005E460A7810E0F9003368C91BEF
:1083D00089005B18002B03D020009B6998472A78FE
:1083E0000137FFB2511C3B00B94211DBBA42ECD855
:1083F0009A1AD3009B1A049A9B0094466344EBE7B5
:1084000000230293039B002B2ED005239846A7E759
:108410004D4621000098F8F7FBFB5622002128006A
:10842000FBF70EF828000822FF210D30FBF708F8B3
:1084300028002022FF211530FBF702F8144BB34629
:1084400099461B7B5646A34290D10121114B4942CC
:1084500018689A4602F028FE00234A465373534692
:10846000186802F0D9FD81E707B0F0BCBB46B24600
:10847000A946A046F0BD012303939DE74C5200207E
:108480002B78002034BA001068490020000000005A
:108490008C4C002004550020F0B54546DE4657467A
:1084A0004E46E0B5040001389446C2B20D008FB0CC
:1084B000042A00D992E056214143814BCB5C984677
:1084C000002D2FD17F4E737BD9B2022B00D189E0D2
:1084D000032952D001291ED17B4FFB88002B00D0ED
:1084E000D9E063460121794D9AB249422868F28168
:1084F00002F0DAFD03232868737302F08DFD012377
:108500003A782100D2095A400023D2014046D2B223
:108510000093F8F7A1FB0FB0F0BCBB46B246A946EA
:10852000A046F0BD06AF3A00674B03CB03C204ABD5
:108530009C4611201600604402220021FAF780FFB9
:10854000012134705F4CF570E389604D73602368DE
:108550004942F360636828683361A368B760736158
:1085600002F0A2FD00232868637302F055FD336911
:10857000002BD0D030009847CDE7534F7B78092BA4
:1085800032D0524B9A4606AB984606CF06C31D0022
:1085900004AB9C461120022260440021FAF750FFF0
:1085A0002C700024EC70F38901216B604346AB60B2
:1085B00033684942EB6073682B61B3686B61534663
:1085C000186802F071FD53461868747302F024FDB8
:1085D0002B69002B9FD0280098479CE73C4B1B78C9
:1085E00098466DE7384F7CE73B78002BC9D1042AC9
:1085F000C7D856221300324963438B461E3B5B4467
:10860000994601239846314BA3469A462B23434370
:10861000049705964F4646460C00984642430392FF
:10862000F3B2994643469D1918356D0065196B796B
:10863000DB070ED5039B4A465946E05CF8F718FB6A
:1086400001226B79781E93436B7153461968FFF7CB
:1086500055FB43469D196D00651931356B79DB0774
:1086600011D580224B4613431A00039B5946E05C08
:10867000F8F7FEFA01226B79380093436B71534689
:108680001968FFF73BFB01360237102EC8D15C4654
:10869000049F059E77E70D4D0239286802F004FD1E
:1086A00002232868737302F0B7FC80213A7833689C
:1086B0000A40F988404600912100F8F7CDFA2AE7F0
:1086C0004C5200208C4C0020FC530020045500200C
:1086D000DC4C00207047C0460023013810B51380E1
:1086E0000B80C3B2042B0FD856246043074B1B18D2
:1086F0001C79A407E00F002C05DADC88002C03D0DD
:108700000C801B89138010BD0020FCE74C52002018
:1087100010B5F8F72BFA10BDF0B54F464646D646D1
:10872000C0B5404F05003B780E00984210D0FF2B9B
:1087300010D0310028003D70F8F728FA002804D145
:10874000E0BCBA46B146A846F0BD2800F8F766FA84
:108750000120F5E7344C2000143CF8F7D7FE200048
:10876000FFF7A2FD314B1C60314C2000F8F7C0FE32
:10877000304B1C60304B002B50D0304B18009846CB
:1087800000E000BF2E4B186000222E4B2E4C1A60CA
:10879000AF320021FF322000FAF752FE10220021F2
:1087A0002A48FAF74DFED7235B009946A14456228A
:1087B00000212000FAF744FE20000822FF210D309E
:1087C000FAF73EFE20002022FF2115305634FAF73A
:1087D00037FEA145EBD143461D491A788A46184910
:1087E00000240023894611E04B46E1001B68091B69
:1087F00089005B18002B03D05B68984743461A78C2
:108800000134E4B2511C2300A14292DBA242EBD816
:108810009A1AD3009B1A9B005344EDE7074B9846E6
:10882000B2E7C0462C3F0020243F00201055002016
:108830000855002004550020000000002B7800207F
:1088400068490020DC4C00204C5200208C4C002059
:1088500034BA0010F0B5CE46474680B543780400E0
:1088600083B0002B14D18368002B11D00578002D24
:1088700015D0691ECBB2042B0AD856224A433F4B6F
:108880009B181B79DB0703D53D4E737B002B0ED065
:108890000025280003B0C0BCB946B046F0BD394B36
:1088A000DB78DB06F4D5364E737B002BF0D101214B
:1088B000354F4942386802F0F7FB737B3F68DAB204
:1088C000002B03D0380002F0A7FBE1E7012335734A
:1088D0007373E368A16833602369F281736063692D
:1088E0000822B360294B18009846FAF7AFFD38000C
:1088F00002F092FB691ECBB2042B3BD856224A43AE
:108900001E4BD05C2369002B05D029004246F8F7A6
:10891000B5F90500BDE76B46DF1D04233B701C4B1A
:1089200029004246B7607360F8F7A8F9051EAFD07A
:10893000184B9846184B99463B78042B10D1434668
:108940001B78FF2BF8D04B461868FFF7BFFA0028BA
:10895000F2D143461B78FF2BEED000F091F8EBE705
:108960006369002B01D03A781A703B78E370F38981
:1089700063608EE7034B1878C4E7C0464C52002072
:108980008C4C0020DC4C002004550020FC530020BF
:10899000318300102C3F00201055002030B5324CA0
:1089A0008BB00D1E20706170A2701AD1F8F7F6F826
:1089B0003220FFF777F92078F8F7F6F8E120400049
:1089C000FFF770F92078F8F7F5F8002817D1102292
:1089D000E37860789343E37000280ED001F05CF9EF
:1089E0000BE0E1204000FFF75DF9A17860780224F8
:1089F0001E4B1F4A009401F0DDF80BB030BD20780B
:108A0000F8F7F8F80F220300E0781340904318437A
:108A1000E0701220174B00210A3A68441D70FAF7E3
:108A20000FFD6A46144B002113820823207893829D
:108A300004AAF8F7F5F80028DFD0104B08220293BB
:108A4000802300211B0304A80393FAF7F9FC02AB6F
:108A50000693074B04A80793044B08930723099335
:108A6000FFF7F8FEC9E7C046DC4C0020C18C0010BF
:108A70000454002030780020070500008006000123
:108A8000F0B557464E464546DE467F4B81469846F2
:108A90007E4BE0B59A4687B07D4E7E4F03AD34687D
:108AA0006269EFF3108172B61368002BFCD0BFF33C
:108AB0005F8FA16120002900FFF726FA6269A36990
:108AC000BFF35F8F0021116083F31088002852D01C
:108AD0006B78022B56D00FD8002B15D028786A79E6
:108AE0002979FFF729FC28790028D8D06B79002B49
:108AF000D5D001F0D1F8D2E7032BD0D16B68002B91
:108B0000CDD0A8689847CAE7FB78DB0600D482E09E
:108B100028783B78984209D129797A788A4205D118
:108B20006A79BC789346944200D188E03068FFF7B8
:108B3000CDF9346883466269EFF3108172B6136829
:108B4000002BFCD0BFF35F8FA16120002900FFF74D
:108B50009DFA6269A369BFF35F8F0021116083F3FF
:108B60001088002804D04A4669782878FFF7B2FDBB
:108B70005B46002B93D007B0F0BCBB46B246A9467B
:108B8000A046F0BD7F232979A8780B40002806D1A4
:108B9000002BF0D1AA686979FFF77EFC7FE7421EBF
:108BA000D4B2042CE7D8562454434246A446624427
:108BB0001279D207DFD55A006244CC094244121917
:108BC0001400303401926279009494460122934655
:108BD00062465C46A243009C62716279944604221C
:108BE000934662465C46A243009C6271002BD1D042
:108BF0005246019B12785B7D934216D2264ADC00D6
:108C0000E31A14689B00E418002CB4D0AB686A79AE
:108C10006469A04743E71022FB7829791343FB706E
:108C20006A792878FFF7BAFE39E7541C9C42A2DB28
:108C30009B1ADC00E41A194BA400E418E6E7184C70
:108C4000227B002A02D1627B002A03D15A46FFF719
:108C5000A5FE24E7002200211800F8F709F80121F9
:108C6000104B494218689B4602F01EFA00236373BA
:108C70005B46186802F0D0F96B7928789B46297911
:108C80005A46FFF78BFE0AE74C5200202B78002053
:108C900010550020DC4C00206849002034BA001038
:108CA0008C4C00200455002010B5044B08001B78A4
:108CB000FF2B01D0FFF7E4FE10BDC0462C3F002083
:108CC000F0B54E46DE4657464546E0B5C678040048
:108CD00093B0002E0AD1BD4B07781E7043690C2B50
:108CE00000D9F2E1BA4A9B00D3589F46B94DEB78C0
:108CF000DB060DD5B54A1378022B09D86420013361
:108D00001370FEF7CFFF2000FFF7A4FD002807D166
:108D10001022EB7868789343EB70002800D0DDE1F7
:108D200013B0F0BCBB46B246A946A046F0BD012236
:108D3000A94B197A0A4200D1C7E1587A02214407A7
:108D400001D4410811400F24A24A987AD378A34352
:108D50000B43D370C006E3D59178507803229F4B24
:108D60000092113200F002FFDAE708AB9C461220B5
:108D7000052200216044FAF763FB6A46984B002104
:108D8000138608239386934B0CAA1878F7F748FFAD
:108D90000028C5D0934B08220A93802300211B038F
:108DA0000CA80B93FAF74CFB0AAB0E938E4B0CA856
:108DB0000F938A4B109307231193FFF74BFDAFE7F7
:108DC00006243220FEF76EFF8248844B8178864A63
:108DD0004078009400F0EEFEA2E77F4B9B7ADB0622
:108DE0009ED57C4A7D4B91785078072200920D32B7
:108DF00000F0BCFE94E7784B1A7B092A00D170E1A1
:108E00007A4A012006921279D20711D55A22069980
:108E10008A5CD20700D447E2B0228A5CD20700D431
:108E200038E2832252008A5C0420D20700D577E71B
:108E30005622451E6A43069D6649AC460C8862442C
:108E400014808C78C978947001240907090FD170B7
:108E500011790AAD21431171DB7B0CAC5371A02356
:108E6000DB002B80002368801022002120000B9360
:108E7000FAF7E6FA594B2000109308230E95119348
:108E8000FFF7E8FC4CE70220FEF70CFFA3689F7891
:108E90007B1EDAB2042A00D942E7562602225E433C
:108EA000524D0021AC19237913432371494B187893
:108EB000F7F7AEFE63791220984608AB9C46052270
:108EC00000216044FAF7BCFA454B0CAC23804346C2
:108ED00022003900705DA380F7F7A2FE002800D1C0
:108EE0001EE7404B08220A93902300215B032000D9
:108EF0000B93FAF7A5FA0AAB27700E933A4B2000B2
:108F00000F93364B109309231193FFF7A3FC07E748
:108F1000791ECBB2042B00D902E756224A432E4DCC
:108F2000324B288A9918C880688A0CAC0881E88A74
:108F3000082248812B7E20000B732D4B00210A93C1
:108F400090231B030B93FAF77BFA0AAB27700E935F
:108F5000224B083510930A2320000F951193FFF739
:108F600079FCDDE680221C4D52006B89934200D9CA
:108F7000D6E61F4A0AAE0A9200220CACB280F380F9
:108F8000002120000832FAF75BFA144B2770109387
:108F90000B23083520000E960F951193FFF75AFC0E
:108FA000BEE6144B0CAC0A930023102200212000D3
:108FB0000B93FAF745FA0AAB27700E93074B200084
:108FC00010930C231193FFF745FCA9E6307800209D
:108FD00000BA0010DC4C0020FC530020C18C0010B3
:108FE0000705000080060001045400204C520020B8
:108FF00080060002000901007C1EE3B2042B00D9A8
:109000008EE656236343B4499B460A0004205A4423
:109010001379069103431371B04B1A0058891D7AD6
:1090200008328018AD18AE4B0490A84200D83DE13C
:109030008846B9469A46AB4B0896099403932A781A
:10904000002A00D115E16B7801260B2B02D1EE78B6
:10905000AD186B78042B00D062E6049B31005A1BDC
:10906000280092B2FEF7BEFE082800D858E6534604
:109070002F001A784D460793002400238146059659
:1090800019E0994BE1001B68091B89005B18002B54
:109090000BD042465946DE68505C4B463A002900E8
:1090A000B04700284DD153461A780134E4B2511C20
:1090B00023008C4220DC9442E3D39A1AD3009B1AFB
:1090C000039A9B0094466344E3E71021874BDA78C8
:1090D00058788A43DA70002800D121E600F0DCFDE0
:1090E0001EE67D4A052011000692AE2252008A5CDF
:1090F000D20700D514E69BE64B46A9463D001F006B
:10910000049BED19AB429AD84F46089E099C079BD9
:10911000069D1A78744BAC46196856236343634422
:109120005D7B501C95422BD385422FDCAD1AEB00A2
:109130006C4A5B1B9B009B18310038001B699847E9
:10914000EEE54B46059EA9463D001F00002E0ED0C1
:109150004046AB785844F618F6B2C218517BFF2946
:1091600000D0DDE50133DBB25473B342F5D158468C
:10917000153023003A0029004044FEF719FEBFE7EE
:10918000EB005B1B9B00CB18002BD5D15623069D13
:109190006343AC4663449D7B95425AD30126854286
:1091A000C4DD5623069D6343AC466344DD7B954294
:1091B00057D302268542B9DD5623069D6343AC464C
:1091C00063441D7C95425AD303268542AEDD562367
:1091D000069D6343AC4663445D7C95425CD30426A4
:1091E000A842A3DA5623069D6343AC4663449D7CA4
:1091F000AA425DD80526A84298DA5623069D634305
:10920000AC466344DD7CAA425AD80626A8428DDAD1
:1092100056236343069CA44663441D7D954256D263
:109220001C236B43CB180726002B85D110212F4B15
:10923000DA7858788A43DA70002828D1052F00D1CF
:109240006EE52B4B002B00D16AE5380000E000BF33
:1092500066E5EB005B1B9B00CB18002BA1D0012621
:109260006AE7EB005B1B9B00CB18002BA4D0022607
:1092700062E71B4B4F46089E099C079347E7EB00AC
:109280005B1B9B00CB18002BA1D0032654E700F0FA
:1092900003FDD3E70320CBE5EB005B1B9B00CB1862
:1092A000002B9FD0042647E70220C1E507932EE755
:1092B000EB005B1B9B00CB18002B9ED005263BE7E9
:1092C0001C236B43CB18002BA2D0062634E7A84200
:1092D000ACDB07262AE7C0464C520020FC53002096
:1092E0002B78002034BA001068490020DC4C0020A4
:1092F000000000000138C3B2042B04D856224243B8
:10930000024BD05C7047024B1878FBE74C520020B0
:10931000DC4C002000487047045400200138C2B2E1
:1093200070B5042A17D8562242430C4CA3181B7957
:10933000DB07D80F002B00D170BD7F20084B084001
:109340001D68CB0935334000C0188018290000196A
:10935000FEF7ACFCF0E70020EEE7C0464C520020E0
:10936000045500200138C2B270B5042A17D856221D
:1093700042430C4CA3181B79DB07D80F002B00D1FC
:1093800070BD7F20084B08401D68CB093533400075
:10939000C018801829000019FEF7B0FCF0E7002083
:1093A000EEE7C0464C52002004550020F0B5C646FA
:1093B00000B505000138C4B2984682B0042C0DD81F
:1093C00056237F2458430C40134F64002418CE09C1
:1093D0003C19A41930346679F60704D5002002B090
:1093E00080BCB846F0BD01239C46634666791E43A7
:1093F00043466671C05D009313000A002900F7F729
:109400002BFC0028EBD101226379934363716379CC
:10941000033293436371E1E74C520020F8B5431ED9
:10942000DAB204000D00042A11D856265E430D4F0F
:109430002800BB19D978FEF77DFC002805D0F05D27
:109440002A002100F7F7ECFBF8BD0020FCE7064EF0
:109450002800F1780907090FFEF76CFC0028F4D00A
:109460003078EDE74C520020DC4C0020431EDAB28D
:10947000042A0CD8562253430A481A5CC0180A70B2
:1094800043784B7083788B70C378CB707047064BF2
:109490001A780A705A784A709A788A70DB781B07B3
:1094A0001B0FF2E74C520020DC4C0020F0B5574671
:1094B0004E464546DE46E0B583B004000CA81D00CC
:1094C00008C80F009A46038816009946002C11D14F
:1094D000454BDB78DB0604D5444B98465B7B002B81
:1094E00018D00024200003B0F0BCBB46B246A94609
:1094F000A046F0BD611ECBB2042BF2D856224A43DF
:109500003B4B9B181B79DB07EBD5384B98465B7BB5
:10951000002BE6D10121374B49429B46186801F0E8
:10952000C3FD434659465B7B0868DAB2002B02D084
:1095300001F072FDD5E7414601234B73CA815246C3
:109540002D4B0A609A460E9A2C4B4A600F9A0C7368
:109550008A6052461380534632022A435A804A4652
:109560009F80DA8001F058FD611ECBB2042B38D801
:1095700056224A431E4BD05C0E9B002B05D0210087
:109580005246F7F77BFB0400ACE76B46DD1D042376
:109590002B70434642469D60194B21005360524652
:1095A000F7F76CFB041E9CD0164E174F2B78042B3C
:1095B0000DD13378FF2BF9D03868FEF787FC0028EF
:1095C000F4D13378FF2BF1D0FFF75AFAEEE70F9B77
:1095D000002B02D01A002B7813702B784346DB89BE
:1095E00080E7014B1878C7E7DC4C00208C4C00204A
:1095F0004C52002004550020FC530020810600003E
:10960000318300102C3F002010550020F0B50400DD
:10961000C646631EDAB2080000B5042A00D98DE000
:1096200056225A435A4BD218411CC9B2072900D9B5
:109630009EE0584B1D786B1C9846574B1F6853187B
:109640005B7B9D425ED9DE00F31A9B00FB18002B6A
:1096500060D1811CC9B2082943D053185B7B9D425D
:109660005ED8984550DAC11CC9B2082939D05318C0
:109670005B7B9D425BD8984546DA011DC9B208293B
:109680002FD053185B7B9D425DD898453CDA411D35
:10969000C9B2082925D053185B7B9D425AD89845FA
:1096A00032DA811DC9B208291BD053185B7B9D4259
:1096B00057D8984528DAC11DC9B2082911D05318C6
:1096C0005B7B9D4257D898451EDAFF2809D1127D51
:1096D000AA4257D2D3009B1A9B00FB180721002BEC
:1096E00018D110212D4BDA7858788A43DA70002887
:1096F00026D1042C11D82A4B002B0ED0200000E0DC
:1097000000BF0AE09845A4DB5D1BEB00254A5B1B0C
:109710009B009B1820001B69984780BCB846F0BD91
:10972000DE00F31A9B00FB18002B9CD0F2E7DE0052
:10973000F31A9B00FB18002B9FD0EBE7002273E786
:1097400000F0AAFAD5E7DE00F31A9B00FB18002B05
:109750009DD0DFE7DE00F31A9B00FB18002BA0D0A2
:10976000D8E7DE00F31A9B00FB18002BA3D0D1E74B
:109770000829D2D1B5E7DE00F31A9B00FB18002BB5
:10978000A3D0C7E713009045ABDB0721BCE7C04679
:109790004C5200202B78002068490020DC4C00202F
:1097A0000000000034BA001070B5C37884B0002BFC
:1097B00012D101AC0578836800210C2220001E79AB
:1097C000F9F73EFE2800FFF795FD002120702000EC
:1097D0002571667101F088FC04B070BD10B5C378C6
:1097E00082B0002B0CD100780649441F2401221DB1
:1097F000521809194978019300930133FFF7D6FDF8
:1098000002B010BD6457002070B5C57888B0002D37
:109810001AD106780D4B721F12019B180C4A02AC2C
:10982000927800219A700B4B1022009301232000A4
:109830000193F9F705FE6B460493074B2000267051
:1098400006930795FFF706F808B070BD645700202F
:109850001C510020230308005D980010F0B5C47867
:109860008BB0002C28D1836805781A791B4F5B795F
:109870006E1F36011B02B91913438A789A421DD014
:109880000133DBB21A00511E8A41032152421140BA
:10989000134A04AE0A4302AF0292002110223000A4
:1098A000BB80FC80F9F7CCFD0E4B3000357006977D
:1098B00008930994FEF7CEFF0BB0F0BD321D497836
:1098C00001232800D21901940094FFF76FFD0028AE
:1098D000F2D02800F15DFFF799FEEDE76457002014
:1098E000200308005D980010F0B5C57889B0002D00
:1098F00028D10127836806781C795979721F1B4B80
:1099000012019B181B7A090221431F421CD0631EBF
:109910009C41032364422340154C6F461C43FF23A4
:10992000009402AC0B40102200212000BB80FD807F
:10993000F9F786FD0F4B26702000049706930795D4
:10994000FEF788FF09B0F0BD02AD0C22002128000F
:10995000F9F776FD3000FFF7CDFC002128706F701D
:1099600028002E716C7101F0BFFBEBE764570020FB
:1099700020030400A997001070B5C37888B0002BAD
:1099800010D183681C79002C0CD105781A4A6B1F02
:109990001B019B18012216009B791E401A4216D10A
:1099A0009B0701D408B070BD02AC144B10220021FB
:1099B000200000930196F9F743FD6B462570049350
:1099C0000F4B200006930796FEF744FFEAE790232B
:1099D00002AE5B00002130000F3200930194F9F7D2
:1099E0002FFD6B4635700493054B300006930794AA
:1099F000FEF730FFD6E7C0466C570020200101007B
:109A0000DD970010F0B5C64600B5C4788AB0002CCA
:109A100042D1836805785E7918796A1F4B4B120131
:109A2000984694460121C44463460F009B7A36024F
:109A300006431F40194233D102210C001C40194239
:109A400052D104210F001F40194245D108210C00BA
:109A50001C40194200D071E010210F001F40194234
:109A600061D0431E98410322394B41420A401343BF
:109A70000293FF2302AF334004AEBB8010220021CB
:109A80003000FC80F9F7DCFC324B35703000069773
:109A900008930994FEF7DEFE0AB080BCB846F0BD1C
:109AA000431E984141420320FF2308402A4902AF48
:109AB0003340014304AE02911022BB8000213000EC
:109AC000FC80F9F7BDFC254B3570300006970893F4
:109AD0000994FEF7BFFEDFE7431E98410139204B92
:109AE000404201400B43C3E7431E984101314042CD
:109AF0001C4B01400B43029302AB9846FF234246A6
:109B0000334004AC9380D780002110222000F9F765
:109B100097FC4346257006930E4B20000893099747
:109B2000FEF798FEB8E7634604325978280001230F
:109B3000424401970097FFF739FCADE7431E984177
:109B400005394042084B0140D4E7C0466457002025
:109B500020011400DD97001020011000E99800108A
:109B6000200112002001110020011300F0B51E0099
:109B70000B000700581E834103205B4218409023CE
:109B800089B06D465B0003432B80002302AC6A80E2
:109B9000A980102200212000EB80F9F751FC0E9BD8
:109BA00020002770049506960793FEF753FE09B030
:109BB000F0BDC046F0B51D000B0016005A1E9341C3
:109BC0000324C6465B421C40A02300B588B01C435A
:109BD0006B466A4699800423009402AC070000217A
:109BE000D38020000822F9F72BFC6B4604930E9BD0
:109BF00020002770059606950793FEF72BFE08B008
:109C000080BCB846F0BDC04610B510220021024805
:109C1000F9F716FC012010BD6457002001207047A1
:109C200070B5140052790D00092A10D1A279002ACA
:109C30000DD1E279012A0AD80F2B08D92678A61966
:109C40007378052B03D1F378DB439B0701D0002009
:109C500070BD31002800FFF7E1FB0028F7D0A278A3
:109C6000034B053D2901CA54B2785B185A70EFE7DF
:109C70006457002010B5042806D9064A05380001AB
:109C800010184378002B00D110BD10220021F9F7E5
:109C9000D7FBF9E764570020411F084B09010A1D53
:109CA000D2185B185978002300B583B00193009354
:109CB0000133FFF77BFB03B000BDC04664570020B3
:109CC00070B5421F0F4B1201D35C040088B0002016
:109CD0008B4201D008B070BD6A460B4B6E4603CB79
:109CE00003C21500002118222800F9F7A9FB074B31
:109CF0002800EB60064B2C70AE602B61FEF7AAFDCE
:109D0000E8E7C046645700206CBA00101C510020E0
:109D100009980010F0B54746CE4680B506001700FA
:109D20008BB0002A00D06EE03D4B441F24019846C2
:109D3000A146C1444B461D79002D66D0EB0737D4B0
:109D40004B469A7801200123002A04D155E00133C3
:109D5000DBB2934251D82900D9400842F7D019000C
:109D60004A1E9141032249420A40A0210A4302921D
:109D700002AA93800423914604ADD38000210822D7
:109D80002800F9F75DFB4B462E7027000693254B04
:109D90000837089300234744280007970993FEF7E4
:109DA00059FD002829D1221D4444617842441EE017
:109DB000A0230293802304ADDB02082200212800A7
:109DC0000393F9F73DFB02AB2E70069323000C338F
:109DD00043440793144B280008930997FEF73AFD74
:109DE00000280AD14B46043422005978424401909D
:109DF000009001233000FFF7D9FA01200BB0C0BC5E
:109E0000B946B046F0BD0020F8E704342200597886
:109E10004244012301950095FFF7C8FAEEE7C046DA
:109E200064570020059A001079990010F0B5464655
:109E3000D6464F46C0B58268060053788CB00A3BC0
:109E4000012B02D9C378002B24D1814C5379177987
:109E5000357822781B023B43AA4249D0A27BAA4212
:109E600000D173E0227FAA4200D177E02A22A25CCF
:109E7000AA4215D03822A25CAA4219D04622A25C7E
:109E8000AA421DD05422A25CAA4221D06222A25C26
:109E9000AA4225D00CB0E0BCBA46B146A846F0BDF7
:109EA0002B22A25CBA42E5D103229146904625E0DE
:109EB0003922A25CBA42E1D10422914690461DE0CB
:109EC0004722A25CBA42DDD105229146904615E0B8
:109ED0005522A25CBA42D9D10622914690460DE0A5
:109EE0006322A25CBA42D5D107229146904605E092
:109EF0006278BA42B2D1002291469046002DC9D074
:109F00007269022A7BD031D8002A58D04346424693
:109F1000DB009B1A5B00E3185B7804AEB380002380
:109F20004C4A4D49127806AC31807280F380102281
:109F300000212000F9F784FA484B25700A93022388
:109F4000200008960B93FEF785FCA3E7E27BBA425C
:109F500000D087E7012291469046CFE7627FBA4260
:109F600000D083E7022291469046C7E7032A00D03B
:109F700090E7FFF7CFF943464246DB00991A4900C4
:109F80009A46635CAB4200D084E7B36861189A7963
:109F9000DB791B02134301220A71314A002A04D0E3
:109FA000020049462800F6F751FA534642469B1AEA
:109FB0005B00E31828005978FFF728FB6AE7414661
:109FC0004046C900091A490061184E7904AF714230
:109FD0004E41244906AC0491FF210B40BB80FA801E
:109FE000002110222000F9F72BFA1C4B25700136B6
:109FF000200008970A930B96FEF72CFC4AE743468D
:10A000004246DB009E1A9A4680237600A6193289C2
:10A010005B009A420BD9FF3B3371114B002BC4D02C
:10A020000023002249462800F6F710FABDE7F4792C
:10A03000FFF770F903230393084B2200029333893F
:10A0400039000193009000232800FFF72FFA21E741
:10A05000984400202C780020210B00002D9E001039
:10A060004D040010210A0000030010B500280CD098
:10A0700007290AD8CA00521A054C5200115D002067
:10A08000994201D1A418607910BD0020FCE7C046B8
:10A090009844002070B50C0082B000280FD007292A
:10A0A0000DD8CB00104E5B1A5B009D5D854206D13A
:10A0B000F6182800B178FFF731F9002802D1002006
:10A0C00002B070BD00200949E20173895218B178CD
:10A0D000019000902800FFF769F90028F0D12800CE
:10A0E000B178FFF73FF9EAE7984400201C4D0020C3
:10A0F00010B5702200210248F9F7A2F9012010BD25
:10A100009844002001207047474A70B50D0011782F
:10A11000040081421BD0917BA14221D0117FA1423A
:10A1200037D02A21515CA1423CD03821515CA14258
:10A1300043D04621515CA1424AD05421515CA142F6
:10A1400051D06221515C0020A14257D070BD91785E
:10A15000A94202D0D178A942DDD10021002207E036
:10A16000117CA94202D0517CA942D7D10121012200
:10A17000002C57D0ED09012D4BD02C48002806D0DB
:10A180002B48D20112189BB2200000E000BF012032
:10A19000DCE7917FA94202D0D17FA942C1D102213F
:10A1A0000222E5E72C21515CA94203D02D21515C0C
:10A1B000A942BAD103210322DAE73A21515CA9422C
:10A1C00003D03B21515CA942B3D104210422CFE743
:10A1D0004821515CA94203D04921515CA942ACD12C
:10A1E00005210522C4E75621515CA94203D057211D
:10A1F000515CA942A5D106210622B9E76421515C30
:10A20000A94203D06521525CAA429FD107210722AF
:10A21000AEE70848D20112189BB22000F6F776F993
:10A22000012093E7002091E79844002000000000FF
:10A230005C4D00201C4D002070B54E4D04002B7865
:10A2400083421BD0AB7BA34226D02B7FA34232D0CC
:10A250002A23EB5CA3423ED03823EB5CA3424AD0D6
:10A260004623EB5CA34256D05423EB5CA34262D05E
:10A270006223EB5CA34200D16EE070BD3E4B002B2D
:10A2800002D00021F6F72CF90E2200212800F9F760
:10A29000D7F8AB7BA342D8D1374B002B03D0012199
:10A2A0002000F6F71DF90E2200213448F9F7C8F80E
:10A2B0002B7FA342CCD1304B002B03D002212000B6
:10A2C000F6F70EF90E2200212D48F9F7B9F82A23E6
:10A2D000EB5CA342C0D1284B002B03D0032120000C
:10A2E000F6F7FEF80E2200212648F9F7A9F83823E0
:10A2F000EB5CA342B4D1204B002B03D004212000FF
:10A30000F6F7EEF80E2200211F48F9F799F84623D8
:10A31000EB5CA342A8D1184B002B03D005212000F1
:10A32000F6F7DEF80E2200211848F9F789F85423D1
:10A33000EB5CA3429CD1104B002B03D006212000E4
:10A34000F6F7CEF80E2200211148F9F779F86223CA
:10A35000EB5CA34200D090E7074B002B03D0072112
:10A360002000F6F7BDF80E2200210A48F9F768F838
:10A3700083E7C04698440020E1040010A644002072
:10A38000B4440020C2440020D0440020DE44002019
:10A39000EC440020FA440020F0B54E46DE46574615
:10A3A0004546E0B5140052790E0083B0032A30D13F
:10A3B0002179CA00521A123292B29A4229D82778C9
:10A3C000E7197B78212B24D1484B98461B78002B2A
:10A3D00000D175E043469B7B002B00D173E04346E0
:10A3E0001B7F002B00D171E02A234246D35C002B57
:10A3F0006FD03823D35C002B6ED04623D35C002B68
:10A400006DD05423D35C002B6CD06223D35C002B23
:10A4100007D0002003B0F0BCBB46B246A946A04618
:10A42000F0BD07339B465B465A46DB0001939B1AFF
:10A4300042465B00D65400223D78434491469A46FA
:10A440007D1900290BD121E05146CA708B812B78F0
:10A45000ED1801239C462379E1444B4516DD6B78CA
:10A46000052BD6D129003000FEF7D8FF0028D0D028
:10A470006B7929791B020B43AA785B055B0DD10927
:10A480000129E1D151468A704B81E0E75A46019B90
:10A490009B1A5B00A27843445A70BA79DA713A7A0F
:10A4A000F97912020A431A81114A12789A71A27933
:10A4B000012A01D00120ADE7E27901205A71A9E714
:10A4C00000239B46AFE701239B46ACE702239B4654
:10A4D000A9E703239B46A6E704239B46A3E705239E
:10A4E0009B46A0E706239B469DE7C0469844002074
:10A4F0002C780020F0B5374B04001A7889B08242DE
:10A500001CD09A7BA2423CD01A7FA2423ED02A2283
:10A510009A5CA2423FD038229A5CA24241D04622A5
:10A520009A5CA24243D054229A5CA24245D0622255
:10A530009A5CA24247D0012009B0F0BD5A788A4205
:10A54000DFD10020002CF6D0C200121A52009B1856
:10A550005E796F4673425E411F4B02AD009300234C
:10A56000B980102200212800FB80F8F769FF1B4BFF
:10A57000013628002C70049706930796FEF76AF9B7
:10A58000D9E7DA7B8A42BFD10120DBE75A7F8A42D2
:10A59000BDD10220D6E72B229A5C8A42BBD1032090
:10A5A000D0E739229A5C8A42B9D10420CAE747220F
:10A5B0009A5C8A42B7D10520C4E755229A5C8A4248
:10A5C000B5D10620BEE763229A5C8A42B3D1072048
:10A5D000B8E7C04698440020210A00002D9E0010D4
:10A5E000030010B50A0003490868190000F004F8D8
:10A5F00010BDC0464043002070B50B0C0024150C64
:10A60000002B28D1002D3CD18BB291B2594300F0E0
:10A6100051F8051E33D00300083B5A6803239A43C0
:10A62000043A242A12D80300132A0AD90460446089
:10A6300008331B2A05D98460C460242A2AD0030069
:10A64000103300221A605A609A6002E00021F8F785
:10A65000F7FE280070BD002D16D1151C89B292B2EC
:10A660004A43ADB29BB26B43110C5B18190C0BD172
:10A67000190492B2114300F01DF8051ECBD100253C
:10A68000E7E72B1C0D1CE9E700F01CFB0C23002561
:10A690000360DEE70300046118334461D1E7C0467C
:10A6A00010B5034B0100186800F004F810BDC04657
:10A6B00040430020F0B54E464546DE465746E0B5DD
:10A6C0000D000B35060085B0162D21D8102900D9B4
:10A6D000D4E000F0D5FA102518230221CA4FFB1848
:10A6E0001A005C68083A944200D186E1032263684C
:10A6F000A1689343E268CA6091600121E3185A6837
:10A7000030000A435A6000F0C3FA20000830B8E075
:10A7100007239D4300D5B1E0A94200D9AEE000F087
:10A72000AFFAFC235B009D4200D2E0E1690A00D150
:10A73000AEE0042900D9A1E138239846A90988444C
:10A740003931CB00082252429446AF4FFB189C444B
:10A750006346DC68A44514D0032399460B00614688
:10A760009C4607E0E068002A00DB40E1814200D11E
:10A7700041E104004A46636893435A1B0F2AF1DD06
:10A7800041463A003C690832944200D11EE1032060
:10A7900063688343581B0F2800DDACE13A617A619E
:10A7A0000028AADA7A68904680229200934200D369
:10A7B00036E1DA08580901238340404618438046B1
:10A7C000D300DB199A687860E360A2609C60D46073
:10A7D00001208B109840404562D8434603420AD17D
:10A7E00003239943434640000431034203D1400010
:10A7F00004310342FBD00323B3469C460E00B84607
:10A800000190F00040440100B246CB680BE0644682
:10A810005A681F00A243DB68541B0F2C00DD39E18E
:10A82000002C00DB53E19942F1D101239946CA443F
:10A83000534608319B07E8D1032205E00368083836
:10A84000013E834200D013E23242F7D14346019ADF
:10A850005B68934342465360019A520001929A42C8
:10A860001CD8002A06D119E004229146019ACA4454
:10A87000520001921342F7D05646C2E70C233360D0
:10A88000002005B0F0BCBB46B246A946A046F0BDCC
:10A8900080233F22402190469B0053E75E46474677
:10A8A0000322BC68636893439846AB4203D35B1BA7
:10A8B0000F2B00DD8DE0230043440293534B08200F
:10A8C0001B6810335B19019300F006FA504903909E
:10A8D0000B688A46013306D08446019B4242013B05
:10A8E0006344134001933000019900F0D9F903004B
:10A8F0008146013300D11CE1029B834200D916E15D
:10A90000444B02989B461A68019B59469C466244F8
:10A910000A6003990139484500D157E153461B6845
:10A92000013300D15EE14B4602981B1A9B185A4630
:10A93000136007234A4648461A400292184200D143
:10A9400015E10398013384469B1A019A99444A44BD
:10A95000019263440A409B1A194030008A4600F075
:10A960009FF9431C00D158E14B46C01A03005344E1
:10A9700001935B461A68012052441A604B464946CF
:10A98000BB60019B03434B60BC4213D043460F2B7B
:10A9900000D82BE107210C3B8B4361680140052067
:10A9A00019436160E118486088600F2B00D93FE1CE
:10A9B0004B465B6818490868904200D20A60174904
:10A9C0000868904200D20A604C46B4E07B68984622
:10A9D000FEE601222900134311436519616030002E
:10A9E000BD606B6000F054F92000083049E7A268B0
:10A9F000D060826081E66146C3E6DC680231A34232
:10AA000000D1BEE672E6C046383F00202448002050
:10AA1000303F0020F44700201C4800202048002040
:10AA20005A0A042A7CD9142A00D9B0E010005B30FD
:10AA300082465C32D200082040428446BA189444D0
:10AA4000624692680B308146944500D186E008004A
:10AA5000A2466146844602E09268914204D04C4688
:10AA60005068A0439842F7D8D368614654469C4644
:10AA70006346A260E3609C60D460A9E6142967D9AC
:10AA8000542900D98CE06E239846290B88446F31F5
:10AA9000CB0057E6BA460120514684464919054382
:10AAA00050464560856847466046EB605E469D605F
:10AAB000534639617961204308374860CF603000E0
:10AAC0008F609C5000F0E4F850460830D9E6BA4652
:10AAD00001205E465244516801435160BA6830001B
:10AAE000D3609A6000F0D4F838000830C9E62B0033
:10AAF000E9080833F2E56119884601218C460D43C7
:10AB00004146656039617961CA608A606246024384
:10AB10004A60E050300000F0BBF820000830B0E69A
:10AB20009A091000393238308246D20083E7BC429D
:10AB300041D0BC686368032293431A005B1BAA429E
:10AB400002D30F2B00DD44E7300000F0A1F897E6B8
:10AB50005B23984688445C31CB00F3E5534698105C
:10AB600001238340404618438046786080E7019B7C
:10AB7000039A4B440B40D31A194030008A4600F028
:10AB80008FF8431C00D0EFE600239A46F1E6542AE2
:10AB90002ED81A0B10006F326E308246D2004AE770
:10ABA000AA235B0099422ED8DD3B9846E90B8844E6
:10ABB0007831CB00C6E5304B9B461A68019B9C461A
:10ABC0005B4662441A60039B591EA7E6484608424A
:10ABD00000D0A3E6B9684344894601210B434946A6
:10ABE0004B60E7E653464A461A60A2E64860ABE788
:10ABF000AA204000824226D8DA0B10007832773043
:10AC00008246D20017E71D4B994226D87C239846EE
:10AC1000A90C88447D31CB0094E5019A029B9446AF
:10AC20004A46083B63449B1A019300239A46A0E6D8
:10AC300021003000083100F0E5F85B461A68BB6877
:10AC400099465B68B6E60D4882420CD89A0C100013
:10AC50007D327C308246D200EDE6FE237E227F21CB
:10AC600090469B006EE5FE227E2092008246E2E640
:10AC700043465B68F0E5C046F447002054050000F9
:10AC800010B5024800F024F810BDC046F04700207F
:10AC900010B5024800F01EF810BDC046F047002075
:10ACA000002370B5064C050008002360FAF76AF827
:10ACB000431C00D070BD2368002BFBD02B60F9E74C
:10ACC0004C570020014B18687047C0464043002095
:10ACD0007047C0467047C046802310B55B01082806
:10ACE00001D1180010BDFFF7EDFF16230360173BDD
:10ACF000F7E7C04610B583070AD00300032102E03E
:10AD000001330B4205D01A78002AF9D1181A10BD68
:10AD1000030019680C4A0D4C8A188A4322420FD14D
:10AD20005968094A04338A188A43224208D159686B
:10AD3000054A04338A188A432242F1D000E00133E5
:10AD40001A78002AFBD1E1E7FFFEFEFE80808080BA
:10AD5000F0B5C646060000B508200D00FFF7BCFFA1
:10AD600004003000FFF78CFF234B210098469B68BE
:10AD70005F6803239F4338001138401B0019F7F721
:10AD8000F5FE451E6543AC4208DC00213000FFF7AC
:10AD900087FF43469B68DB19984206D03000FFF7D7
:10ADA00077FF002080BCB846F0BD30006942FFF755
:10ADB00077FF01300ED0012243467F1B9B6817436B
:10ADC0000E4A5F60136830005B1B1360FFF760FF83
:10ADD0000120E7E700213000FFF762FF43469A6851
:10ADE000831A0F2BDADD064C04492468001B086027
:10ADF00001210B435360D1E7383F0020F447002086
:10AE0000303F0020F0B5D6464F46464605000C00C0
:10AE1000C0B5002948D0FFF733FF210001270839CA
:10AE20004B6803209C46BB43CE1872688243604641
:10AE3000384080466A4891468468B44200D17CE03C
:10AE40007260B41864683C40A2464446002C30D17D
:10AE50000C68A446091B8C686344A4460824A046D9
:10AE60008044C4455CD0CC68A04664464246E2605B
:10AE700094605246002A1FD01F434F6033608022E7
:10AE80009200934230D2DA085C090123A34044685F
:10AE900023434360D3001B189A68CB608A60996093
:10AEA000D1602800FFF7F4FEE0BCBA46B146A846E0
:10AEB000F0BD5246002A0FD101224B44CF18BC46A8
:10AEC000B468484F1A43BC425BD0F668E660B46091
:10AED0004A6062461360D2E762463A434A60802283
:10AEE000336092009342CED35C0A042C3FD89C0975
:10AEF000260039343836E40004192268083C032758
:10AF0000944203D14EE09268944203D05068B84313
:10AF10009842F8D8D468CC608A60A160D160C0E75C
:10AF20005246002A35D14B441A00B068F3681743E3
:10AF3000C36098604F608A50B3E74B441A004346A1
:10AF4000002B06D10B68C91A8C68D218CB68E36055
:10AF50009C60012313434B60234B81601B68934229
:10AF60009FD8224B28001968FFF7F2FE99E7142CAE
:10AF700013D9542C1DD81C0B26006F346E36E400F8
:10AF8000BAE7E160A1604A606246CC608C60136001
:10AF900087E71F434F60336083E726005C345B36EE
:10AFA000E400A9E70123B610B34046683343436089
:10AFB000B1E7AA225200944205D8DC0B260078346F
:10AFC0007736E40098E70A4A944205D89C0C26009C
:10AFD0007D347C36E4008FE7FE247E26A4008BE7D8
:10AFE000383F0020403F0020343F0020244800200C
:10AFF00054050000F8B5C04601B40248844601BCBF
:10B00000604700BFDD0A002001B40248844601BC4D
:10B01000604700BF252F002001B40248844601BCD0
:10B02000604700BFB103002001B40248844601BC60
:10B03000604700BF593C002001B40248844601BC6F
:10B04000604700BFC515002001B40248844601BC1A
:10B05000604700BF4510002001B40248844601BC8F
:10B06000604700BFC93B002001B40248844601BCD0
:10B07000604700BF593C002001B40248844601BC2F
:10B08000604700BF2937002001B40248844601BC54
:10B09000604700BF393B002001B40248844601BC30
:10B0A000604700BFD520002001B40248844601BC9F
:10B0B000604700BFB502002001B40248844601BCCD
:10B0C000604700BF0137002001B40248844601BC3C
:10B0D000604700BF4103002001B40248844601BC20
:10B0E000604700BF1D02002001B40248844601BC35
:10B0F000604700BF453A002001B40248844601BCC5
:10B10000604700BFB937002001B40248844601BC43
:10B11000604700BFB520002001B40248844601BC4E
:10B12000604700BF6937002001B40248844601BC73
:10B13000604700BFD9010020F12800101D29001030
:10B14000012B001031340010A531001055330010D0
:10B15000292A001039290010592900106D290010E2
:10B16000A114001075290010591800109128001022
:08B17000610F0010B102001094
:10B1780053797374656D20636C6F636B206F662001
:10B188002575206B487A2063616E6E6F7420626546
:10B198002065786163746C79206163686965766598
:10B1A800640000005B253034783A253034785D5BE4
:10B1B80025755D2048494420496E7465726661634F
:10B1C8006525752C2050726F746F636F6C203D205D
:10B1D80025730D0A000000004572726F723A2063F1
:10B1E800616E6E6F74207265717565737420726517
:10B1F800706F72740D0A00005B25755D2048494424
:10B2080020496E74657266616365257520697320CF
:10B21800756E6D6F756E7465640D0A004E6F6E65A0
:10B22800000000004B6579626F61726400000000E5
:10B238004D6F75736500000054696E79555342006F
:10B2480054696E79555342204465766963650000F8
:10B258003132333435363738393031320000000076
:10B2680054696E7955534220434443000A2A2A2AD6
:10B278002050414E4943202A2A2A0A000A00000089
:10B288004E6F207370696E6C6F636B7320617265AB
:10B2980020617661696C61626C6500004861726466
:10B2A8007761726520616C61726D20256420616C24
:10B2B800726561647920636C61696D656400000082
:10B2C8004861726420617373657274006D69737389
:10B2D800696E6720646F75626C652066756E63744D
:10B2E800696F6E004F7574206F66206D656D6F72A3
:10B2F8007900000052656C6561736500626F6F7458
:10B30800325F77323571303830000000322E322EFD
:10B31800300000007069636F5F7700005553425F2B
:10B328004445564943455F414E445F4B4559424F5A
:10B33800415244004A756C20313120323032360097
:10B34800666E692B00000000666E69006E616E0013
:10B35800666E692D000000005541525420737464D4
:10B36800696E000055415254207374646F757400FF
:10B378005541525420737464696E202F207374648D
:10B388006F75740063616E6E6F742066696E6420F9
:10B39800657020307830300D000000006E6F206539
:10B3A8006E64706F696E74203078253032580D0ADB
:10B3B8000000000050494F203120534D20282564BB
:10B3C800202D20342920616C726561647920636CBA
:10B3D80061696D656400000050494F203020534D6D
:10B3E80020256420616C726561647920636C6169F1
:10B3F8006D656400444D41206368616E6E656C2024
:10B40800256420697320616C726561647920636CBE
:10B4180061696D6564000000556E68616E646C65F5
:10B42800642049525120307825780A00657020251B
:10B438003032582077617320616C726561647920BD
:10B44800617661696C61626C6500000043616E271A
:10B458007420636F6E74696E7565207866657220F6
:10B468006F6E20696E61637469766520657020254A
:10B478003032580000000000000102000000000007
:10B48800FFFF000024B200102CB2001038B20010E8
:10B4980009040000090264000301008032080B005F
:10B4A800020202000009040000010202000405244F
:10B4B80000200105240100010424020605240600D9
:10B4C800010705810308001009040100020A0000B1
:10B4D800000705020240000007058202400000093B
:10B4E800040200010300000009211101000122D615
:10B4F800000705830310000105010906A101850164
:10B50800050719E029E7150025019508750181024D
:10B518009501750881010508190129059505750129
:10B528009102950175039101050719002AFF00157D
:10B538000026FF00950675088100C005010902A1D3
:10B548000185020901A10005091901290515002530
:10B5580001950575018102950175038101050109B0
:10B568003009311581257F9502750881060938153E
:10B5780081257F950175088106050C0A3802158119
:10B58800257F950175088106C0C005010905A1013F
:10B5980085030501093009310932093509330934B0
:10B5A8001581257F95067508810205010939150160
:10B5B80025083500463B01950175088102050919E2
:10B5C80001292015002501952075018102C0000080
:10B5D80012010002EF020140FECA0540000101020B
:10B5E8000301000000000000FFFFFFFFFFFFFF7FD7
:10B5F80006005250D3F07542FCB2001006005250BB
:10B60800E182887F04B3001006005250ABB3605348
:10B6180014B3001006005250BBFF3CB61CB3001018
:10B6280006005250861C030224B300100600525034
:10B638005422A29D3CB3001005005250DE65F46808
:10B6480074FE0010F8410010A8410010A841001035
:10B65800F0410010A8410010A8410010A8410010B6
:10B66800A8410010A8410010A8410010A8410010EE
:10B67800E8410010A8410010E0410010A841001066
:10B68800A8410010D8410010184400100E420010C4
:10B69800084400100E420010F24300100E42001041
:10B6A8000E4200100E4200100E4200100E42001012
:10B6B8000E4200100E420010004200100E42001010
:10B6C8000E4200100E4200100E4200100E420010F2
:10B6D80000420010B64400106241001062410010A0
:10B6E8006241001062410010624100106241001086
:10B6F8006241001062410010624100106241001076
:10B708006241001062410010624100106241001065
:10B718006241001062410010624100106241001055
:10B728006241001062410010624100106241001045
:10B738006241001062410010624100106241001035
:10B748006241001062410010624100106241001025
:10B75800624100102C440010844400102C44001056
:10B768006241001062410010624100106241001005
:10B7780062410010624100106241001062410010F5
:10B7880062410010624100106241001062410010E5
:10B7980062410010624100106241001062410010D5
:10B7A800C64600106241001062410010624100105C
:10B7B80062410010624100106241001062410010B5
:10B7C8006241001062410010C6460010C8440010D3
:10B7D800C64600102C440010844400102C4400106D
:10B7E800000000000000F03F0000000000002440BE
:10B7F80000000000000059400000000000408F4099
:10B80800000000000088C34000000000006AF84003
:10B818000000000080842E4100000000D012634127
:10B828000000000084D797410000000065CDCD419D
:10B838000D0A00000600525053B4F4A178B300106A
:10B8480008005250120000000800525092100000E8
:10B8580060B800100AFF000046E0C4206600C70078
:10B868002810614029A02518E14081007CB800100B
:10B878000AFF000046E0C4206600C70028006140B7
:10B8880029A02500E140810098B8001011FF0000B0
:10B8980022C0C11003C104C1CC10CC10CC10CC10F4
:10B8A800CC10CC1026B14010C3B104C00140CA006E
:10B8B80006100000C4B8001011FF000022C0C1002B
:10B8C80003C104C1CC00CC00CC00CC00CC00CC001F
:10B8D80026A14000C3A104C00140CA000600000020
:10B8E80050680010B8690010086A001090690010CC
:10B8F800A269001080690010F06800109C680010B0
:10B9080090680010726D0010586D0010286B0010C0
:10B91800926D0010286B0010406D00102C6D001007
:10B92800286B0010186D00101E6C0010286B00109A
:10B93800FE6F0010F06F0010E46F0010286B00100D
:10B94800286B0010CE6F0010F06F0010286B0010ED
:10B95800286B0010286B0010286B0010286B001053
:10B96800286B0010286B0010846F001086380020A8
:10B9780086380020D0380020F038002034390020E4
:10B98800463900207C380020000000007575001042
:10B99800F1750010217600106D76001011770010F7
:10B9A800F97700100000000000000000D9790010AD
:10B9B800ED790010F1790010057A0010917A0010E5
:10B9C800297C001000000000A27A00108C7B001077
:10B9D8007A7B0010687B0010A27A0010A27A00100F
:10B9E800A27A0010A27A0010A27A00102A7B001016
:10B9F8000E7B0010FA7A0010CA900010CA9000104E
:10BA08002E8D00106A8D0010CA900010C08D001095
:10BA1800DA8D0010F68D0010868E0010108F001041
:10BA2800648F0010A28F0010F88F00100000000033
:10BA3800F1A0001005A1001099A30010F5A40010B2
:10BA480009A1001039A2001000000000099C001094
:10BA58001D9C0010219C0010C19C0010159D001019
:0CBA6800759C0010A00600000000090002
:10BA7400F8B5001004B6001010B600101CB6001083
:10BA840028B6001034B6001040B6001050B80010AC
:08BA940048B800103CB8001096
:10BA9C00F0B54E4657464546DE460B68E0B599462E
:10BAAC00012387B000249A461C4D009003AE0191EF
:10BABC0003E00134BC35202C23D053464A46A34026
:10BACC001A42F6D02B00BA3B5A781F79D2B22B8887
:10BADC0090460021082230009B4603F0B1FD022362
:10BAEC0073704346B370009B012173715B46300049
:10BAFC00FFB201343771B360BC3503F08BFC202CE2
:10BB0C00DBD14A46019F3B6893433B6007B0F0BCD6
:10BB1C00BB46B246A946A046F0BDC046BE5E00205C
:10BB2C0070B544001F4B24182401E4186569461CA9
:10BB3C0084B0F6B2AB060CD42B0611D46B0616D41B
:10BB4C00EB071BD4AB0723D46369AB43636104B02D
:10BB5C0070BD210000201831FFF79AFF2B06EDD5A0
:10BB6C00210002202031FFF793FF6B06E8D521005E
:10BB7C0001201C31FFF78CFFEB07E3D5002301A854
:10BB8C00437083800121067003F044FCAB07DBD5C6
:10BB9C00012301A84370002301210670838003F068
:10BBAC0039FCD1E784750020D02330B500251B0665
:10BBBC0000245D5705E0BFF35F8F1C6081F3108894
:10BBCC0020BF0268EFF3108172B61368002BFCD013
:10BBDC00BFF35F8F027903687F2AECD90571BFF33D
:10BBEC005F8F00221A6081F3108830BDF0B5C64615
:10BBFC00150000B504001E000268EFF3108172B648
:10BC0C001368002BFCD0BFF35F8F0423E35622682C
:10BC1C00002B2BDBBFF35F8F0020106081F31088AB
:10BC2C00D02212061278002752B290469A420ED1B8
:10BC3C00002080BCB846F0BDBFF35F8F176081F366
:10BC4C0010882800310003F013FD0028F0D1226881
:10BC5C00EFF3108172B61368002BFCD0BFF35F8F2B
:10BC6C00237922687F2BE7D9434602E0D0231B06B9
:10BC7C001B682371BFF35F8F0023136081F310885F
:10BC8C000120D6E7F0B5C64600B50D00040003F060
:10BC9C009FFDFA2206000F000023280000219200CD
:10BCAC0003F01EFD36184F41002F02DA0126174F04
:10BCBC007642D0231B061B68002598460AE0BFF38A
:10BCCC005F8F156081F310883000390003F0D0FCD1
:10BCDC00002818D12268EFF3108172B61368002B7C
:10BCEC00FCD0BFF35F8F237922687F2BE7D94346C3
:10BCFC002371BFF35F8F0023136081F31088012041
:10BD0C0080BCB846F0BD0020FAE7C046FFFFFF7FBD
:10BD1C00F0B54F46D6464646C0B51F00D0231B068D
:10BD2C001B6804009A460023904699460BE0BFF32B
:10BD3C005F8F4946116083F310884046390003F049
:10BD4C0097FC00281AD12668EFF3108372B6356879
:10BD5C00002DFCD0BFF35F8F257922687F2DE6D9AB
:10BD6C0051462171BFF35F8F0021116083F310885E
:10BD7C000120E0BCBA46B146A846F0BD0020F8E769
:10BD8C000268EFF3108172B61368002BFCD0BFF37E
:10BD9C005F8FFF2303710368BFF35F8F00221A606C
:10BDAC0081F3108840BF70479A421CD24B005B183D
:10BDBC00DB00C018DC300168194B1940802311439B
:10BDCC009B030B4303600168164B19405301194345
:10BDDC0080231B050B4303600368134992020B403D
:10BDEC001343036070474A005218D2008018DC30AD
:10BDFC0001680B4A11408022194392030A430260E6
:10BE0C000168084A11405A011143802212050A4365
:10BE1C000260026804499B020A4013430360E1E795
:10BE2C00E0FF0FFC1FFCFFE3FF83FFFFF0B557465D
:10BE3C004E464546DE464A214822036CE0B58468EE
:10BE4C001D6803682D88A4001C1983B0A564415C8F
:10BE5C00825A090212041143012291464268C568B4
:10BE6C009446A022D2059246876AAD015544BA4643
:10BE7C00C827624688466146BB4652005118C90025
:10BE8C002E4E59188B445F46019646463E605646E8
:10BE9C00D8310E604946019F196304312F60E96166
:10BEAC000125196B0D42FBD06146012618318E40DD
:10BEBC009E6099680E42FCD0012166460D00B5408B
:10BECC006244AC4659254155073DAA46023DA94658
:10BEDC00C56B66462D68C7692D88B940AB461D6891
:10BEEC00D200B5431D605D46A56454464D46045DC5
:10BEFC00455B9A182D0424022C43C83214601A682E
:10BF0C00542532431A6002697B001468DB198C4398
:10BF1C0014605624455B045DDB00D31820022D040D
:10BF2C00C8332843186013680B43136003B0F0BC8C
:10BF3C00BB46B246A946A046F0BDC046F4750020EB
:10BF4C000123F0B54546DE4657464E46984603005B
:10BF5C000122E0B5043383B0009001930624002342
:10BF6C0000209446B7E04346002B00D10FE2032398
:10BF7C0000241E43F6B206239B46AB089946067076
:10BF8C004B460227D8B20B5C6E1C9B000818DBB228
:10BF9C00B6B2174200D0C9E1002C00D109E203244B
:10BFAC0023430024A346DBB2037006239946B3084F
:10BFBC00984643460420DCB20B5D751C9B000C19A3
:10BFCC00DBB2ADB2104200D08DE15846002800D152
:10BFDC0002E20320034300208146DBB223700623D8
:10BFEC009A46A8080824C0B20B5C6E1C9B0008186B
:10BFFC00DBB2B6B2144200D051E14C46002C00D159
:10C00C00FEE1032423430024A246DBB20370062383
:10C01C009846B408E4B20B5D751C9B000C19DBB29E
:10C02C00ADB2D00600D516E15046002800D1FBE198
:10C03C000320034300208046DBB22370062399467D
:10C04C00A808C0B20B5C6E1C9B000818DBB2B6B221
:10C05C00940600D5DBE04446002C00D111E2032409
:10C06C0023430024A146DBB2037006239A46B4088E
:10C07C00E4B20B5D751C9B000C19DBB2ADB2500623
:10C08C0000D5A1E04846002800D1E0E1032003439D
:10C09C0000208246DBB2237006239846A808C0B263
:10C0AC000E5C6B1CB600D409F6B20A189BB2002CBD
:10C0BC0041D15046002800D1CFE103200643002097
:10C0CC008046F6B2062416709808009A019D01323B
:10C0DC000092954252D00127C0B2009A0E5C1278A1
:10C0EC00B6005D1C0818F6B2ADB2174200D13AE7A3
:10C0FC00AF08B946FFB2BA46671EBB4647468A44EC
:10C10C00002F00D196E1644626430670584600285D
:10C11C000FD1504603240078800020430024C0B285
:10C12C005546023328709DB206239B46AB089946B0
:10C13C0026E7444624E79808C4B2A146574644462D
:10C14C008944013C002F00D18DE167463E431670B7
:10C15C00002C37D14B4603221B789B001343002243
:10C16C009046DBB24A4602351370009AABB2019D81
:10C17C0001320624980800929542ACD10224C0B238
:10C18C000A5C012692000A545A1C9205120E885C15
:10C19C000233800020439BB2885403251800820888
:10C1AC00D2B28B5C441C9B0033438B54A0B22C4208
:10C1BC00F5D18308D8B203B0F0BCBB46B246A94651
:10C1CC00A046F0BDD04680E7A808C7B2BB46012701
:10C1DC007F425744B8464F468B44002F00D156E15E
:10C1EC0067463B4323704346002B00D05CE15B4623
:10C1FC0003201B789B00034300208246DBB2584689
:10C20C00037006230236B5B29846A80847E7B4086F
:10C21C00E7B2BB4601277F424F44BA4647468B44A0
:10C22C00002F00D1F2E067463B4303705346002BCE
:10C23C000FD15B4603201B789B00034300208146F3
:10C24C00DBB25846037006230235AEB29A46B408E8
:10C25C000EE7C1460CE7A808C7B2BB4601277F42D0
:10C26C004744B94657468B44002F00D1BAE0674685
:10C27C003B4323704B46002B0FD15B4603201B78AE
:10C28C009B00034300208046DBB258460370062314
:10C29C000236B5B29946A808D3E6D046D1E6B40822
:10C2AC00E7B2BB4601277F425744B8464F468B4402
:10C2BC00002F00D183E067463B4303704346002BBD
:10C2CC000FD15B4603201B789B0003430020824662
:10C2DC00DBB25846037006230235AEB29846B4085A
:10C2EC0098E6CA4696E6A808C7B2B84601277F4228
:10C2FC004F44BA465F468844002F4DD067463B43B7
:10C30C0023705346002B0FD1434603201B789B0010
:10C31C00034300208146DBB24046037006230236FD
:10C32C00B5B29A46A8085DE6D9465BE6B708B846AA
:10C33C00FFB2BA4601277F425F44B9468A44002CBB
:10C34C0018D067463B4303704B46002B10D1534625
:10C35C0003201B789B00034300208346DBB250462E
:10C36C00037006230235AEB29946B308984620E610
:10C37C00A3461EE603273B4303705B46012BF7D114
:10C38C00534660461B789B000343DBB2E7E76346EA
:10C39C001E430124F6B2EEE503273B4323704B46C4
:10C3AC00012BC1D1434660461B789B000343DBB293
:10C3BC00B2E7644623430124DBB2A346F4E503272A
:10C3CC003B4303705346012B8BD15B4660461B7875
:10C3DC009B000343DBB27CE7604603430120DBB2E6
:10C3EC008146FBE503273B4323704346012B00D0DA
:10C3FC0053E75B4660461B789B000343DBB244E784
:10C40C00644623430124DBB2A246FFE503273B43EA
:10C41C0003704B46012B00D01BE75B4660461B7834
:10C42C009B000343DBB20CE7604603430120DBB205
:10C43C00804602E603273E430670012C00D078E6C6
:10C44C0050466546007880002843C0B268E66046D6
:10C45C0003430120DBB282461DE660460643012001
:10C46C00F6B280462EE603273E4316704246012A5A
:10C47C0000D0A7E64B4662461B789B001343DBB209
:10C48C0070E6644623430124DBB2A146ECE50327A6
:10C49C003B4323705346012B06D15B4660461B7809
:10C4AC009B000343DBB2AAE6CA46F8E50123F0B5CC
:10C4BC004546DE4657464E46984603000122E0B5F7
:10C4CC00023383B00090019306240023002094468D
:10C4DC00B7E04346002B00D10DE2032300241E439A
:10C4EC00F6B206239B46AB08994606704B460227CC
:10C4FC00D8B20B5C6E1C9B000818DBB2B6B21742AC
:10C50C0000D0C7E1002C00D107E203242343002410
:10C51C00A346DBB2037006239946B30898464346FC
:10C52C000420DCB20B5D751C9B000C19DBB2ADB2A8
:10C53C00104200D08BE15846002800D100E20320C5
:10C54C00034300208146DBB2237006239A46A808D9
:10C55C000824C0B20B5C6E1C9B000818DBB2B6B290
:10C56C00144200D04FE14C46002C00D1FCE10324D6
:10C57C0023430024A246DBB2037006239846B4087A
:10C58C00E4B20B5D751C9B000C19DBB2ADB2D0068E
:10C59C0000D514E15046002800D1F9E103200343F3
:10C5AC0000208046DBB2237006239946A808C0B24F
:10C5BC000B5C6E1C9B000818DBB2B6B2940600D55F
:10C5CC00D9E04446002C00D10FE20324234300247D
:10C5DC00A146DBB2037006239A46B408E4B20B5DA5
:10C5EC00751C9B000C19DBB2ADB2500600D59FE058
:10C5FC004846002800D1DEE1032003430020824698
:10C60C00DBB2237006239846A808C0B20E5C6B1CE4
:10C61C00B600D409F6B20A189BB2002C41D1504690
:10C62C00002800D1CDE10320064300208046F6B25D
:10C63C00062416709808009A019D013200929542CA
:10C64C0052D00127C0B2009A0E5C1278B6005D1C65
:10C65C000818F6B2ADB2174200D13AE7AF08B946A6
:10C66C00FFB2BA46671EBB4647468A44002F00D12C
:10C67C0094E1644626430670584600280FD1504674
:10C68C0003240078800020430024C0B255460233B6
:10C69C0028709DB206239B46AB08994626E7444674
:10C6AC0024E79808C4B2A146574644468944013C45
:10C6BC00002F00D18BE167463E431670002C35D11C
:10C6CC004B4603221B789B00134300229046DBB29F
:10C6DC004A4602351370009AABB2019D0132062412
:10C6EC00980800929542ACD10224C0B20A5C012693
:10C6FC0092000A545A1C9205120E885C0233800078
:10C70C0020439BB28854032518008208D2B28B5C5C
:10C71C00441C9B0033438B54A0B22C42F5D103B084
:10C72C00F0BCBB46B246A946A046F0BDD04682E757
:10C73C00A808C7B2BB4601277F425744B8464F46AC
:10C74C008B44002F00D156E167463B432370434690
:10C75C00002B00D05CE15B4603201B789B0003435D
:10C76C0000208246DBB25846037006230236B5B26F
:10C77C009846A80849E7B408E7B2BB4601277F42B0
:10C78C004F44BA4647468B44002F00D1F2E067462F
:10C79C003B4303705346002B0FD15B4603201B78A1
:10C7AC009B00034300208146DBB2584603700623EE
:10C7BC000235AEB29A46B40810E7C1460EE7A80897
:10C7CC00C7B2BB4601277F424744B94657468B4404
:10C7DC00002F00D1BAE067463B4323704B46002B39
:10C7EC000FD15B4603201B789B000343002080463F
:10C7FC00DBB25846037006230236B5B29946A80838
:10C80C00D5E6D046D3E6B408E7B2BB4601277F4253
:10C81C005744B8464F468B44002F00D183E06746FF
:10C82C003B4303704346002B0FD15B4603201B7820
:10C83C009B00034300208246DBB25846037006235C
:10C84C000235AEB29846B4089AE6CA4698E6A808ED
:10C85C00C7B2B84601277F424F44BA465F46884468
:10C86C00002F4DD067463B4323705346002B0FD10E
:10C87C00434603201B789B00034300208146DBB218
:10C88C004046037006230236B5B29A46A8085FE606
:10C89C00D9465DE6B708B846FFB2BA4601277F42D3
:10C8AC005F44B9468A44002C18D067463B4303705A
:10C8BC004B46002B10D1534603201B789B0003439F
:10C8CC0000208346DBB25046037006230235AEB21D
:10C8DC009946B308984622E6A34620E603273B4335
:10C8EC0003705B46012BF7D1534660461B789B00C7
:10C8FC000343DBB2E7E763461E430124F6B2F0E5DF
:10C90C0003273B4323704B46012BC1D14346604662
:10C91C001B789B000343DBB2B2E76446234301243C
:10C92C00DBB2A346F6E503273B4303705346012BCA
:10C93C008BD15B4660461B789B000343DBB27CE7E4
:10C94C00604603430120DBB28146FDE503273B43F0
:10C95C0023704346012B00D053E75B4660461B789F
:10C96C009B000343DBB244E7644623430124DBB260
:10C97C00A24601E603273B4303704B46012B00D034
:10C98C001BE75B4660461B789B000343DBB20CE75E
:10C99C00604603430120DBB2804604E603273E4396
:10C9AC000670012C00D07AE650466546007880006F
:10C9BC002843C0B26AE6604603430120DBB28246DC
:10C9CC001FE6604606430120F6B2804630E6032798
:10C9DC003E4316704246012A00D0A7E64B466246FB
:10C9EC001B789B001343DBB272E66446234301249D
:10C9FC00DBB2A146EEE503273B4323705346012BE4
:10CA0C0006D15B4660461B789B000343DBB2AAE66B
:10CA1C00CA46FAE5F0B5DE4657464E464546E0B501
:10CA2C0085B002900391002900D1AFE200230121CF
:10CA3C000193013398460624002300208C46B7E06E
:10CA4C004346002B00D112E2032300241E43F6B20E
:10CA5C0006239B46AB08994606704B460227D8B274
:10CA6C00135C6E1C9B001018DBB2B6B20F4200D0E8
:10CA7C00CCE1002C00D10CE2032423430024A34678
:10CA8C00DBB2037006239946B3089846434604204C
:10CA9C00DCB2135D751C9B001419DBB2ADB20842FD
:10CAAC0000D090E15846002800D105E20320034352
:10CABC0000208146DBB2237006239A46A80808247E
:10CACC00C0B2135C6E1C9B001018DBB2B6B20C42E9
:10CADC0000D054E14C46002C00D101E20324234346
:10CAEC000024A246DBB2037006239846B408E4B2D5
:10CAFC00135D751C9B001419DBB2ADB2C80600D5D2
:10CB0C0019E15046002800D1FEE103200343002028
:10CB1C008046DBB2237006239946A808C0B2135C8A
:10CB2C006E1C9B001018DBB2B6B28C0600D5DEE092
:10CB3C004446002C00D114E2032423430024A146D4
:10CB4C00DBB2037006239A46B408E4B2135D751C7D
:10CB5C009B001419DBB2ADB2480600D5A4E04846E0
:10CB6C00002800D1E3E10320034300208246DBB21E
:10CB7C00237006239846A808C0B2165C6B1CB6003E
:10CB8C00CC09F6B211189BB2002C42D150460028A9
:10CB9C0000D1D2E10320064300208046F6B20624E1
:10CBAC000E7098080199039D01310191A94253DA45
:10CBBC000127019DC0B20299165C495DB6005D1C4F
:10CBCC001018F6B2ADB20F4200D139E7AF08B94632
:10CBDC00FFB2BA46671EBB4647469244002F00D1AF
:10CBEC0098E1644626430670584600280FD15046FB
:10CBFC0003240078800020430024C0B25546023341
:10CC0C0028709DB206239B46AB08994625E74446FF
:10CC1C0023E79808C4B2A146574644469144013CC8
:10CC2C00002F00D18FE167463E430E70002C39D1A6
:10CC3C004B4603211B789B000B4300218846DBB23B
:10CC4C00494602350B700199ABB2039D01310624A4
:10CC5C0098080191A942ABDB591C8905C0B2090E99
:10CC6C000233101851189BB2022704780126A40035
:10CC7C000470087803258000384308701800810878
:10CC8C00C9B2535C441C9B0033435354A0B22C4296
:10CC9C00F5D18308D8B205B0F0BCBB46B246A94664
:10CCAC00A046F0BDD0467DE7A808C7B2BB46012719
:10CCBC007F425744B8464F469344002F00D156E16B
:10CCCC0067463B4323704346002B00D05CE15B4638
:10CCDC0003201B789B00034300208246DBB258469E
:10CCEC00037006230236B5B29846A80844E7B40888
:10CCFC00E7B2BB4601277F424F44BA4647469344AE
:10CD0C00002F00D1F2E067463B4303705346002BE3
:10CD1C000FD15B4603201B789B0003430020814608
:10CD2C00DBB25846037006230235AEB29A46B408FD
:10CD3C000BE7C14609E7A808C7B2BB4601277F42EB
:10CD4C004744B94657469344002F00D1BAE0674692
:10CD5C003B4323704B46002B0FD15B4603201B78C3
:10CD6C009B00034300208046DBB258460370062329
:10CD7C000236B5B29946A808D0E6D046CEE6B4083D
:10CD8C00E7B2BB4601277F425744B8464F4693440F
:10CD9C00002F00D183E067463B4303704346002BD2
:10CDAC000FD15B4603201B789B0003430020824677
:10CDBC00DBB25846037006230235AEB29846B4086F
:10CDCC0095E6CA4693E6A808C7B2B84601277F4243
:10CDDC004F44BA465F469044002F4DD067463B43C4
:10CDEC0023705346002B0FD1434603201B789B0026
:10CDFC00034300208146DBB2404603700623023613
:10CE0C00B5B29A46A8085AE6D94658E6B708B846C5
:10CE1C00FFB2BA4601277F425F44B9469244002CC8
:10CE2C0018D067463B4303704B46002B10D153463A
:10CE3C0003201B789B00034300208346DBB2504643
:10CE4C00037006230235AEB29946B30898461DE628
:10CE5C00A3461BE603273B4303705B46012BF7D12C
:10CE6C00534660461B789B000343DBB2E7E76346FF
:10CE7C001E430124F6B2EBE503273B4323704B46DC
:10CE8C00012BC1D1434660461B789B000343DBB2A8
:10CE9C00B2E7644623430124DBB2A346F1E5032742
:10CEAC003B4303705346012B8BD15B4660461B788A
:10CEBC009B000343DBB27CE7604603430120DBB2FB
:10CECC008146F8E503273B4323704346012B00D0F2
:10CEDC0053E75B4660461B789B000343DBB244E799
:10CEEC00644623430124DBB2A246FCE503273B4303
:10CEFC0003704B46012B00D01BE75B4660461B784A
:10CF0C009B000343DBB20CE7604603430120DBB21A
:10CF1C008046FFE503273E430670012C00D076E6E1
:10CF2C0050466546007880002843C0B266E66046ED
:10CF3C0003430120DBB282461AE660460643012019
:10CF4C00F6B280462BE603273E430E70414601297C
:10CF5C0000D0A7E64B4661461B789B000B43DBB227
:10CF6C006EE6644623430124DBB2A146E9E50327C0
:10CF7C003B4323705346012B06D15B4660461B781E
:10CF8C009B000343DBB2AAE6CA46F5E5110010008C
:10CF9C00022369E6F0B5DE46574645464E46E0B5F7
:10CFAC008FB00400150002928B460022C16B006802
:10CFBC0002F0DEFB0023A360236862689846AB781E
:10CFCC00EF789246DAB29146FFB2203B00D594E25C
:10CFDC0001229A401300012148460A008240380081
:10CFEC00203800D585E28140194301910121B940D7
:10CFFC00ED4D11434544404600912D0D514602F034
:10D00C0027FB063501220021484602F039FBEDB220
:10D01C0001220021380002F033FB2900484602F0BF
:10D02C001FFB2900380002F01BFB80235B020A93D4
:10D03C008123DB010B938023DB050D93DB4B052058
:10D04C000C9302F0ADFB02F06BFBD94902F060FBD4
:10D05C00EC21890502F084FB061C02F051FB85B221
:10D06C000020002D0ED0280002F05AFB011C301CB1
:10D07C0002F0DEFA8721C90502F08AFB02F040FBC0
:10D08C00C0B200022D040543012251460AAB4046B2
:10D09C000A9502F02DFB3B004A4651464046FEF7EE
:10D0AC0083FE52460123934042461268A5681343FF
:10D0BC00424613605B46DB7B291D5A1E934180223E
:10D0CC00120194461F22DB020235634411402A40B0
:10D0DC0019431A435B46A16262621B7B20697F2B5A
:10D0EC0000D9FBE1B34902F04BFB80464346616932
:10D0FC00A3618A465946029B20699A78DB78039093
:10D10C00097BDDB249B28946D1B204919A4200D36F
:10D11C0064E100230A0000935146023302F0C0FA86
:10D12C00049E01220021300002F0AAFA0122002103
:10D13C00280002F0A5FA0121300002F041FB280082
:10D14C00012102F03DFB434642460633D2011B034C
:10D15C0013434A460593002A00DB47E1C02380268F
:10D16C001B03F8270C93002306AD10220AA92800F4
:10D17C0076027F020D930A960B9702F099FA059BA3
:10D18C00102229006B600AA802F092FA0AA9102258
:10D19C00280002F08DFA0021F823AE685B05B44636
:10D1AC00854E994631406B68844E42463340844EDE
:10D1BC00F820B046664647463E40B046814E0003D6
:10D1CC00B446464667463E43AE60049EF70338407D
:10D1DC0001434846E96031060140039E0B436B60F6
:10D1EC0051462B00300002F083FA53460121B4461D
:10D1FC0099401F225B005344DB0073486344D833CF
:10D20C001860336820698B433360A3691340E36271
:10D21C006E4B23635B465B7B7F2B00D963E16C49D0
:10D22C0002F0AEFA02000390029922628B78DBB214
:10D23C000493CB78DBB205931300033209331B0341
:10D24C00D2011A435B465B7B92465BB298465B46C7
:10D25C009B799B46236999464346002B00DB03E1EF
:10D26C00C02380261B03F8270C93002310220AA945
:10D27C00280076027F020D930A960B9702F018FA9B
:10D28C005346102229006B600AA802F011FA1022F2
:10D29C0028000AA902F00CFA0022049BAE68D903FC
:10D2AC00059BB4461806F8231B031940F8235B05AD
:10D2BC00184080238046404E1804324011436B685E
:10D2CC003E4AE9601340424613436B606346414A51
:10D2DC001A400243AA60052002F062FA02F020FA1A
:10D2EC003D4902F015FAEC21890502F039FA824623
:10D2FC0002F006FA83B2984642460023002A0ED06A
:10D30C00404602F00DFA011C504602F091F98721BB
:10D31C00C90502F03DFA02F0F3F9C3B21B02424612
:10D32C001004184359462B00039A0690484602F005
:10D33C00DFF95A46012393404A461268029E134372
:10D34C004A461360B278F37861682068D2B2DBB2D7
:10D35C00FEF72AFD616922694B005B18DB00D318CC
:10D36C00CC33B57815481968E4692D06014029437A
:10D37C00196063001B19DB00D3181C00CC34F17846
:10D38C002268090602400A432260DC33B1780A485D
:10D39C001A68C90302400A431A600FB0F0BCBB46BE
:10D3AC00B246A946A046F0BD0000E0AF0000065012
:10D3BC00001B374C58B80010FF7FF0FFFFFFFFE059
:10D3CC00FFFF0A3E00008580EBA0000020E000007B
:10D3DC0090B80010FFFF0AFE001BB74C00232A0078
:10D3EC0000935146023302F05BF999E61800802352
:10D3FC005B020693C02319034A4B8022184003009A
:10D40C00D205134307934B460891099206AD203B76
:10D41C0079D401229A4013001F004A46019301233C
:10D42C0093401E005146002203980093002302F003
:10D43C000FF932000096039E3B00514630000197D5
:10D44C0002F086F9384B4846F118090D0631C9B27D
:10D45C0002F006F94B46F8229B02D2011340E96810
:10D46C00324A1140194397E680235B020693C0238E
:10D47C0050461903403B9A052A4B184043466860B6
:10D48C000891EA60203B45D401229A4092465346CB
:10D49C00424601930123934059461E004846002200
:10D4AC000093002302F0D4F85346320001935946FE
:10D4BC004846009602F04CF91B4940464944090D78
:10D4CC000631C9B202F0CCF84346F8229B02D201D5
:10D4DC0013401649EA680A401A43DEE6144902F082
:10D4EC004FF9804602E6134902F04AF90200039014
:10D4FC009AE62020C01BC14076E54B462022D21A6A
:10D50C000123D34067E54A4620239B1A0122DA40C7
:10D51C00130081E7424620239B1A0122DA409246EF
:10D52C00B5E7C046FFFFFF9F0000E0AFFF83FFFFA2
:10D53C0074B80010BCB80010F8B5DE464E4657461D
:10D54C0045465823E0B5C35C04000E009346002BFF
:10D55C0037D10123D82598469C46A023AA46676854
:10D56C00DB0599467B002168D819C0000818824455
:10D57C005546A06AE2682860584692014A441660F3
:10D58C00D06142460A6360460A6B1042FBD05922B6
:10D59C000863A25C002A0CD0DB19DB00CB18D43357
:10D5AC001A68022AFCD9F0BCBB46B246A946A04672
:10D5BC00F8BDDA19D2008B18D4331A68012AF2D8C4
:10D5CC00FBE7FEF733FCC4E7F0B50400F020DE46C1
:10D5DC0057464E464546C000DB0103407F20E0B570
:10D5EC00024085B015006F461D430130387028008D
:10D5FC00797001F031F801AEBD70C0002D0A054301
:10D60C0031006846FD70FEF79BFC5823E35C8346B3
:10D61C00002B38D10123D82598469C46A023AA4636
:10D62C006768DB0599467B002068DA19D2008218FE
:10D63C0092445546A26AE1682A605A4689014944D7
:10D64C000E60CA61424602636146026B1142FBD016
:10D65C0059220163A25C002A0DD0DB19DB00C31830
:10D66C00D4331A68022AFCD905B0F0BCBB46B246CA
:10D67C00A946A046F0BDDA19D2008318D4331A6833
:10D68C00012AF1D8FBE72000FEF7D0FBC2E7C04629
:10D69C000121F0B50E004569C646AE4002692B1D4E
:10D6AC0099406B005B191568DB00B54300B5C76A80
:10D6BC001560056BD0180B4B80249C4680462406C5
:10D6CC00604404600460802043468001D833101805
:10D6DC0001601F601D6013683343136080BCB84643
:10D6EC00F0BDC046D0100000F0B54646D6464F46B9
:10D6FC005922C0B5825C082351424A41304C5242F7
:10D70C009A430826A56A0C3203E00369196B0E4292
:10D71C0009D1A36A5B1B9342F7D90020E0BCBA463F
:10D72C00B146A846F0BDA66AA26A0021921B072A40
:10D73C00F3D8042290460B329446214A9246022991
:10D74C001ED144461A6B144210D15246926A921B57
:10D75C00072A0BD802292FD10424194D03E0AA6AF9
:10D76C00921B072A02D81A6B1442F8D00D00022D16
:10D77C00D3D15A23C35C802BCFD1253BC05CCDE7E2
:10D78C005A274269DC68D500B9460435EC40674637
:10D79C0045180832A9444D1C92002DB22742D0D016
:10D7AC0049469A58120E0A705246966A926A921B11
:10D7BC00072ADCD82900C2E70D002900BFE7C046C4
:10D7CC0000400540F0B54546DE4657464E465923C7
:10D7DC00E0B587B00591C35C8046002B00D0B4E067
:10D7EC00002203249246A14B986A082546469F497D
:10D7FC0003E03269136B1D420CD18B6A1B1AA342D6
:10D80C00F7D90120404207B0F0BCBB46B246A9464E
:10D81C00A046F0BD8B6A04209C467369B046DE00BE
:10D82C0008339B0001930023834691489149039050
:10D83C005A200436B146029300240B000F270E0029
:10D84C001500404404904846EA68C240174222D072
:10D85C00019AAA58120E7F2C28DD8448806A8446CF
:10D86C001002090A0143FF20724002400398520043
:10D87C00105ACA4392B2D31A5A425341320ADBB2FB
:10D88C0050400293330006004846EA680134C24017
:10D89C0024B21742DCD158462A6B10420ED1604696
:10D8AC00724A926A121A072ACDD9AAE7049802552D
:10D8BC006E48806A8446012CD2DCE5E75346002B87
:10D8CC0001D0033BFDD2059BD22B4CD1032C98DD10
:10D8DC00029B002B00D194E758234246D35C002BCB
:10D8EC003DD105218C4604398A464146C868A021A1
:10D8FC0043464746C90589465A681B685500A9180E
:10D90C00C900BF6A5918D8310F6080015A49484480
:10D91C0001606146C161514601261963196B0E42C3
:10D92C00FCD0592140461E63AA18D200415C9B18BA
:10D93C00D433002904D11A68012AFCD9201F62E7CC
:10D94C001A68022AFCD9201F5DE75023C25A0C2406
:10D95C0053009B18454A5B009A46906A45E740463F
:10D96C00FEF764FABDE742465823D35C059A5A2A5F
:10D97C0030D0002B68D1424641461068926ACC6880
:10D98C009446A02101224346C90566468946924623
:10D99C005B68A4015A00D118C9004118D8310E6037
:10D9AC0036494C442160052751460125E761016346
:10D9BC00016B0D42FCD0592144460563615C002982
:10D9CC0039D0D318DB00C318D4331A68022A00D913
:10D9DC0017E7FAE7002B44D1424640461168926A99
:10D9EC00C4689446A02001224346C0056646814681
:10D9FC0092465B68A4015A00D018C0000818D830B1
:10DA0C0006601F484C442060052750460125E761FD
:10DA1C000863086B0542FCD0592044460D63205C1A
:10DA2C00002815D0D318DB00CB18D4331A68022A7F
:10DA3C0000D9E6E6FAE7D218D2008318D4331A6874
:10DA4C00012A00D9DDE6FAE74046FEF7EFF992E746
:10DA5C00D218D2008B18D4331A68012A00D9D0E618
:10DA6C00FAE74046FEF7E2F9B6E7C046004005404B
:10DA7C00B42C0020FFFF0000DC550020187800209B
:10DA8C00D45B002000224B7910B50C791B02234388
:10DA9C00C3808B780371CB7803728B79437282725B
:10DAAC00C27210BDF0B5437B150004000E0093B09C
:10DABC00DAB2002B3ED1B433C1500433C552023319
:10DACC00C252B12200238354C278002A08D1437178
:10DADC00002301220120A373E373627313B0F0BD22
:10DAEC00C3889D4201D3C588ADB2E37A01AF013B37
:10DAFC005A1E934178225B4213404B337B70802338
:10DB0C003B706B462A00981D310001F0D1FD2900B5
:10DB1C00300001F00DFE22000300291D7D19AB70B1
:10DB2C0038001B0AC9B21032EB70FEF773FFB0233A
:10DB3C00E054CDE70020D1E730B501250278134C35
:10DB4C0053009B18124A1B019B18124A821A9210FE
:10DB5C0062432C0094405A690A435A6120290DD023
:10DB6C00402905D0802906D11A6A22431A6202E0A4
:10DB7C00DA692243DA610023437330BD9A69224388
:10DB8C009A61C378002BF6D14571F4E7CF467D67D7
:10DB9C0084750020045E0020B423F0B5C558040041
:10DBAC006D1893B0C5500120BA22E37A4340E3725A
:10DBBC00A35ACB189BB2A352E2888A4203D8B8224C
:10DBCC00A25A934206D320002021FFF7B5FF002074
:10DBDC0013B0F0BDE17800292AD0D21AE38896B2AE
:10DBEC009E4201D3E688B6B2E37A01AF013B5A1EDE
:10DBFC00934178225B4213404B337B7080233B7004
:10DC0C006B463200981D290001F052FD31002800AE
:10DC1C0001F08EFD22000300311DBE19B3703800D7
:10DC2C001B0AC9B21032F370FEF7F4FEB023E054B5
:10DC3C000120CDE76C22002005FF000000D7A27365
:10DC4C0080F3A26B83F000008022002005FF00000F
:10DC5C0000C7A27380F3A26B83F000009422002013
:10DC6C0005FF000000CFA26B80EBA27383E80000DD
:10DC7C00A822002005FF000000C7A26B80EBA27356
:10DC8C0083E800009A421CD24B005B18DB00C018E2
:10DC9C00DC300168194B1940802311439B030B4363
:10DCAC0003600168164B19405301194380231B056F
:10DCBC000B4303600368134992020B401343036048
:10DCCC0070474A005218D2008018DC3001680B4AA9
:10DCDC0011408022194392030A4302600168084AEA
:10DCEC0011405A011143802212050A430260026856
:10DCFC0004499B020A4013430360E1E7E0FF0FFC79
:10DD0C001FFCFFE3FF83FFFF012270B50100837846
:10DD1C001000D024984024066368034058424341C5
:10DD2C00C878824010006268024050424241520062
:10DD3C00012013431AD1284A906A936A9842FCD066
:10DD4C0001200400D0258B782D069C406B68234065
:10DD5C005C426341CC78A040040068682040444297
:10DD6C006041400003430120002B00D070BD906A3D
:10DD7C00194A936A9842FCD001220020022388732E
:10DD8C00CA734A69154C1A43154B4A61C91A0911D1
:10DD9C008B005B181A019B181A029B181D045D1945
:10DDAC00BC236D006D185B01EDB2E61802E0BC34CB
:10DDBC00A6420FD02378AB42F9D1E388002BF6D0E2
:10DDCC00637B002BF3D020004021BC34FFF7B4FE62
:10DDDC00A642EFD10020C9E700400540045E0020B8
:10DDEC0084750020F0B557464E464546DE462C4B12
:10DDFC00E0B55E695968B04680268B46012083B039
:10DE0C007602019607005E4659220021B74048254C
:10DE1C004A2499541968BA460A68BA430A605A5B8C
:10DE2C001C5D120424021443A14642460400944093
:10DE3C004E22944672004E465A44D2008A18C8327A
:10DE4C00166056460A68DD6932430A604146A840AE
:10DE5C001A69490016684144A643C9001660511856
:10DE6C00019EC8310E6011684C270C431460116878
:10DE7C00814311606146595CDB5B09021B04194349
:10DE8C006B005B19DB00D318C83319601368184397
:10DE9C00106003B0F0BCBB46B246A946A046F0BD2C
:10DEAC00F85B0020037B002B07D006480649074A85
:10DEBC00074BD86319645A64704704480549014AF2
:10DECC00F6E7C0464C2C0020382C0020742C002087
:10DEDC00F85B0020602C0020F8B5B822BA23865AD3
:10DEEC00C25AC388B61AB6B204009E4201D3C68881
:10DEFC00B6B22D4D2800FFF7CBFB62782379E121D8
:10DF0C002800D2B2DBB2FFF75FFBB0232100E25C4A
:10DF1C0010312800FFF710FB1E221E212B691A63FB
:10DF2C001A6B1142FCD101272800FFF7DDFB3A00E8
:10DF3C006B695B209A40130029690A689A430A604E
:10DF4C002A5CDB43D22A15D05A2A09D01E2A1AD1B0
:10DF5C0080212000FFF7F0FD6B6929699F40FB438E
:10DF6C00B1220020A0540A6813400B605A220023EF
:10DF7C00AB52F8BD31002000FFF70EFE6B6929692A
:10DF8C009F40FB43ECE7B120225C0132D2B2225419
:10DF9C00022AE8D940212000FFF7CEFD6B692969E0
:10DFAC009F40FB43DFE7C046F85B0020F8B5050057
:10DFBC00EB7A7826013B5A1E9341294C5B42200098
:10DFCC001E40FFF765FB6A782B796921D2B2DBB270
:10DFDC002000FFF7F9FA1E221E2123694B361A6323
:10DFEC001A6B1142FCD1D2212000FFF7EBFB5B2313
:10DFFC000700E35C00280FDBB34220D0B1230022E2
:10E00C002169EA54012260690B68824093430B60DA
:10E01C005A220023A352F8BD5A2BEFD01E2B1AD034
:10E02C00B12221690B6BAB5C0133DBB2AB54022B1D
:10E03C00E8D940212800FFF77FFD2169E2E7B423EE
:10E04C0021003A00E8585C3101F032FB2800B9B2EB
:10E05C00FFF7A2FDD2E780212800FFF76DFDCDE789
:10E06C00F85B002070B50400214D2800FFF710FB71
:10E07C00627800232D212800D2B2FFF7A5FA0023E5
:10E08C00B0222100A25C1031E3722800FFF754FA91
:10E09C001E231E2229690B6316000B6B1E401A42AD
:10E0AC00FAD12800FFF720FB01226B6929699A40FD
:10E0BC000B6893430B60D2280CD1BA230822202181
:10E0CC00E2522000FFF738FDB123E6545B23002217
:10E0DC00EA5470BD2D23B122E372A35C0133DBB291
:10E0EC00A354022BF2D940212000FFF725FDEDE7C8
:10E0FC00F85B0020F0B580270025BF01002A0BD06B
:10E10C006E00EC188E5B1234A4000135BE4200D2B6
:10E11C00F6182650AA42F3D8F0BDC046F8B5DE4634
:10E12C0057464E464546592300223A4CE0B5060068
:10E13C00E254FFF7B7FE384980228C4667682068A6
:10E14C007D00ED19ED0043196344E16B12061A6072
:10E15C001A600A79A3680968FFF7CCFF4A234822A2
:10E16C00E35CA25A451912041B0213432A00C8325D
:10E17C001360B278F3783900D2B2DBB2FFF782FDCC
:10E18C008022520294464C22636AD8352B60636914
:10E19C0093465A00D218E36925699846CC239946D0
:10E1AC00B378D2001B069A46AA1891444B465146A6
:10E1BC001B681A4FC8323B400B4349460B60634601
:10E1CC001360CC22434694465B004344DB00EB18BF
:10E1DC009C4462466146F57812682D063A402A4303
:10E1EC000A60B5781E0059464E20DC3632680C4F5A
:10E1FC00ED033A402A433260225C615A1202090450
:10E20C00C8330A431A60F0BCBB46B246A946A046C6
:10E21C00F8BDC046F85B0020D0100000FFFFFFE007
:10E22C00FF7FF0FFF8B5DE4657464E46454659236C
:10E23C0001223A4CE0B50600E254FFF733FE3849B0
:10E24C0080228C46676820687D00ED19ED0043192B
:10E25C006344616C12061A601A600A79A368096833
:10E26C00FFF748FF52235022E35CA25A45191204CF
:10E27C001B0213432A00C8321360B278F3783900BA
:10E28C00D2B2DBB2FFF7FEFC80225202944654223B
:10E29C00636AD8352B60636993465A00D218E369D8
:10E2AC0025699846CC239946F378D2001B069A46EA
:10E2BC00AA1891444B4651461B681A4FC8323B4032
:10E2CC000B4349460B6063461360CC22434694468D
:10E2DC005B004344DB00EB189C4462466146B57816
:10E2EC0012682D063A402A430A60F5781E005946FA
:10E2FC005620DC3632680C4FED033A402A4332602C
:10E30C00225C615A12020904C8330A431A60F0BC39
:10E31C00BB46B246A946A046F8BDC046F85B0020F5
:10E32C00D0100000FFFFFFE0FF7FF0FF437B10B534
:10E33C00002B02D0FFF7F2FE10BDFFF773FFFBE7D7
:10E34C00F8B5DE4657464E464546A34BE0B51B781E
:10E35C00002B00D1B5E0A14D2B78002B06D0AB7B68
:10E36C00002B03D0EB7B002B00D1FBE09C4B9A469F
:10E37C009C4B9B463023EB5C002B1CD03E23EB5C70
:10E38C00002B18D03F23EB5C002B14D12C00303425
:10E39C002000FFF7B9FC00280DD02000FFF7C6FFC6
:10E3AC003D23EB5C002B00D105E1534659461A780E
:10E3BC008D48FFF7C1F82B78A846002B0BD0002610
:10E3CC0043469B7B002B04D04346DB7B002B00D1C8
:10E3DC0088E0012E07D030239C46E04443461B784E
:10E3EC000126002BECD12B78002B22D0AB7B002B01
:10E3FC001FD101210A00D020AB7800069A40436857
:10E40C00EC781A4053425A4143680800A04003403C
:10E41C00584243415B001343013BDAB2012A08D84E
:10E42C005A425341DBB26B73A973E9736B690B43AB
:10E43C006B613023EB5C002B27D03E216B5C002BF7
:10E44C0023D101200600D0223233EB5C12069E4011
:10E45C00332453682C5D33400600A64052685C425E
:10E46C00634132405442624152001343013BDAB2E1
:10E47C00012A0AD85A4253413D22DBB2AB543F2306
:10E48C006854E8546B6C03436B646B69002B22D1AA
:10E49C006B6C002B1BD1554B554D1A6801321A6011
:10E4AC001C686405600DA87000F0D6F8640FC000FD
:10E4BC0004435A4604212800EC70FEF7ABFA53468D
:10E4CC001870F0BCBB46B246A946A046F8BD012068
:10E4DC00FDF726FBDFE70020FDF722FB6B6C002B22
:10E4EC00D9D0F4E74046FFF721FFBC23414C5B0138
:10E4FC00E71803E0BC34A74200D16AE723789E42B8
:10E50C00F8D1E388002BF5D00322237A1A409146E8
:10E51C00032A3ED0637B002BECD0E37B002BE9D1AC
:10E52C000121A378A173002B02D058232E4AD15479
:10E53C002379002B02D1E37A2D2B48D023792000AC
:10E54C005BB2002B2DDBFFF7C7FC4B46032B03D133
:10E55C00637A013BDBB2A372A378002B24D1002396
:10E56C00A373C7E72800FFF7CFFB002800D1FDE617
:10E57C002800FFF7DBFE6B7B002B22D0184B1A48D0
:10E58C009A46184B9B46534659461A78FEF7D4FFC9
:10E59C00F0E6A37A002BBDD0A37A013BDBB2A372C9
:10E5AC00A8E7FFF703FDD0E7582300210E4AD1540A
:10E5BC00FFF718FCD3E701220F490B48FEF7BCFF0D
:10E5CC00F9E601220C490848FEF7B6FFCEE620001A
:10E5DC00FFF748FDC0E7C046357800208475002061
:10E5EC00347800200C780020F85B0020087800209C
:10E5FC00E83E0020045E0020745B002010B5FFF79D
:10E60C009FFE012010BDC046402C002005FF0000DD
:10E61C0000D7A27380F3A26B83F00000542C00206F
:10E62C0005FF000000C7A27380F3A26B83F000000B
:10E63C00682C002005FF000000CFA26B80EBA273BA
:10E64C0083E800007C2C002005FF000000C7A26BB3
:10E65C0080EBA27383E800001F2330B51F21142424
:10E66C005840C507ED174308054A2C400B40634042
:10E67C00D35C800901404B40D05C1F23584030BD17
:10E68C00B42E00200000C1C081C1400101C3C003F1
:10E69C00800241C201C6C006800741C70005C1C542
:10E6AC0081C4400401CCC00C800D41CD000FC1CF02
:10E6BC0081CE400E000AC1CA81CB400B01C9C009F2
:10E6CC00800841C801D8C018801941D9001BC1DB92
:10E6DC0081DA401A001EC1DE81DF401F01DDC01D42
:10E6EC00801C41DC0014C1D481D5401501D7C01762
:10E6FC00801641D601D2C012801341D30011C1D172
:10E70C0081D0401001F0C030803141F10033C1F3B1
:10E71C0081F240320036C1F681F7403701F5C03541
:10E72C00803441F4003CC1FC81FD403D01FFC03F01
:10E73C00803E41FE01FAC03A803B41FB0039C1F9F1
:10E74C0081F840380028C1E881E9402901EBC02B51
:10E75C00802A41EA01EEC02E802F41EF002DC1ED41
:10E76C0081EC402C01E4C024802541E50027C1E761
:10E77C0081E640260022C1E281E3402301E1C02171
:10E78C00802041E001A0C060806141A10063C1A371
:10E79C0081A240620066C1A681A7406701A5C06541
:10E7AC00806441A4006CC1AC81AD406D01AFC06F01
:10E7BC00806E41AE01AAC06A806B41AB0069C1A9F1
:10E7CC0081A840680078C1B881B9407901BBC07B91
:10E7DC00807A41BA01BEC07E807F41BF007DC1BD41
:10E7EC0081BC407C01B4C074807541B50077C1B761
:10E7FC0081B640760072C1B281B3407301B1C07171
:10E80C00807041B00050C190819140510193C05330
:10E81C00805241920196C056805741970055C19540
:10E82C0081944054019CC05C805D419D005FC19F00
:10E83C00819E405E005AC19A819B405B0199C059F0
:10E84C00805841980188C04880494189004BC18B50
:10E85C00818A404A004EC18E818F404F018DC04D40
:10E86C00804C418C0044C184818540450187C04760
:10E87C00804641860182C042804341830041C18170
:10E88C0081804040000B161D050E13180A011C1741
:10E89C000F041912141F0209111A070C1E15080374
:10E8AC001B100D06D022FF23120670B51048012450
:10E8BC00136503E0936D0168994203D0136D1C42FC
:10E8CC00F8D170BDEFF3108C72B6D02502262D0650
:10E8DC00296D0E42FCD06B6540BF01688B4203D1A1
:10E8EC0020BF01689942FBD08CF31088E6E7C04644
:10E8FC00EC3E00200022154B10B59A60DA601A61CC
:10E90C005A619A61DA611A625A629A62DA621A631D
:10E91C005A639A63DA631A645A649A64DA641A65FD
:10E92C005A659A65DA651A665A669A66DA661A67DD
:10E93C005A679A67DA67F03292000021044800F0B7
:10E94C007FFE044B044A1A6010BDC04600001050F4
:10E95C00B4570020DC5B002080011050F0B54E460F
:10E96C004546DE465746E0B5214B00249E6D0125F9
:10E97C0085B0002E22D01F4B9A46012399461E4B80
:10E98C00984601E0202C19D02A00230001342F00D6
:10E99C003240E4B26D00002AF4D0524697654A46E4
:10E9AC005B085B0022409B185B01434418009B46AC
:10E9BC0000F01EFC002808D1BE43E3D105B0F0BC2A
:10E9CC00BB46B246A946A046F0BD5B46E0219A780C
:10E9DC00DB8A01A883600023C90001800121027138
:10E9EC00437100F025FC584600F0A0FBE4E7C0465C
:10E9FC000000115000301150745700209823F0B5CE
:10EA0C00C646C84A00B5D55880232E009B02102458
:10EA1C0084B01E401D4274D0C34BC44C9A6AC44B84
:10EA2C0000261A603B23E35C022B00D14FE17B23D1
:10EA3C00E35C022B00D1F3E0BB23E35C022B00D19F
:10EA4C00FAE0FB23E35C022B00D101E13C23FF3312
:10EA5C00E35C022B00D12DE17C23FF33E35C022B22
:10EA6C0000D10EE1BC23FF33E35C022B00D13FE16C
:10EA7C00FC23FF33E35C022B00D1F5E0AD4BE35CF0
:10EA8C00022B00D174E1AC4BE35C022B00D105E10D
:10EA9C00AA4BE35C022B00D175E1A94BE35C022B82
:10EAAC0000D132E1A74BE35C022B00D1A0E1A64BD5
:10EABC00E35C022B00D171E1A44BE35C022B00D18F
:10EACC00A1E1A34BE35C022B00D17FE1002E08D126
:10EADC00A04B1B78002B04D180219F4A90338902D4
:10EAEC00D150C02269468F4B92009B6C80265B05EF
:10EAFC008A805B0D012101A8029300F099FB974CD1
:10EB0C00B602EB0600D57FE080235B021D4231D0BC
:10EB1C001E43012302249846844FBB7E002B14D045
:10EB2C0000F0B6FD012800D972E0C02200213800A7
:10EB3C00920100F001FB380000F0F8FA00F0A8FD9B
:10EB4C00012802D9844B5C661C664346FB70203757
:10EB5C00012C22D1C0236A46DB009380804A02AB91
:10EB6C0003CA03C3012101A800F062FB80227A4B87
:10EB7C0092021A6580235B011D4210D18023DB01B8
:10EB8C001D4223D180231B021D422FD1AE4200D047
:10EB9C00C0E104B080BCB846F0BD0124BDE7002440
:10EBAC001E43604B1C60FFF7A5FE80236A465B008A
:10EBBC0093801472012101A800F03AFB8022664B6D
:10EBCC0012031A658023DB011D42DBD01E43802318
:10EBDC006A46DB009380012101A800F029FB10227A
:10EBEC005D4B1A6580231B021D42CFD01E43A02310
:10EBFC006A46DB009380012101A800F019FB8022FA
:10EC0C00554B12011A65C1E7FFF7A8FE26007BE7FA
:10EC1C00544B444A1C66536E2340A342FBD184E7F9
:10EC2C007833E75C002F00D106E70233E25C002A60
:10EC3C0000D00DE13E00FFE6B833E75C002F00D1B9
:10EC4C00FFE60233E25C002A00D0F9E03E00F8E671
:10EC5C00F833E75C002F00D1F8E60233E25C002ABF
:10EC6C0000D041E13E00F1E6F933FF33E75C002FC1
:10EC7C0000D103E70233E25C002A00D02BE13E0016
:10EC8C00FCE67933FF33E75C002F00D1EAE6023370
:10EC9C00E25C002A00D015E13E00E3E6324BE75C73
:10ECAC00002F00D1F4E60233E25C002A00D001E12F
:10ECBC003E00EDE63933FF33E75C002F00D1CBE6A5
:10ECCC000233E25C002A00D0EBE03E00C4E63833AD
:10ECDC00E65C002E00D1AAE60233E25C002A00D1E9
:10ECEC00A5E6200000222030E25400F04DFA9EE60A
:10ECFC00B933FF33E75C002F00D1B9E60233E25C95
:10ED0C00002A00D0C4E03E00B2E6184BE75C002FAE
:10ED1C0000D1C7E60233E25C002A00D0B0E03E002E
:10ED2C00C0E6C0460000115000400540745700205A
:10ED3C00485700203B0200007B020000BB02000091
:10ED4C00FB0200003B0300007B030000BB03000040
:10ED5C00FB0300002D780020003011501000020041
:10ED6C0000001050002011507A020000FA0200003E
:10ED7C006B4BE75C002F00D185E60233E25C002A86
:10ED8C0076D13E007FE6674BE75C002F00D184E62E
:10ED9C000233E25C002A63D13E007EE6624BE75C04
:10EDAC00002F00D188E60233E25C002A00D0A3E0F9
:10EDBC005E4BE35C022B30D15D4BE35C002B27D127
:10EDCC005C4BE35C022B00D08BE63E005A4BE35CC1
:10EDDC00002B00D17AE6FF239B00E25C002A00D1D5
:10EDEC007FE60022E2541C3BE01800F0CDF978E6F7
:10EDFC00524BE75C002F00D159E60233E25C002A4B
:10EE0C0016D13E0053E64A4BE35C002B00D158E68A
:10EE1C00EF239B00E25C002A75D1464BE35C022B8E
:10EE2C0000D05EE6444BE35C002B00D159E6D2E700
:10EE3C000022E2541C3BE01800F0A6F93E0036E636
:10EE4C0020000022A030E2543E0000F09DF9F8E5CD
:10EE5C00200000226030E2543E0000F095F9EBE512
:10EE6C000022E2541C3BE01800F08EF93E0014E640
:10EE7C000022E2541C3BE01800F086F93E0002E64A
:10EE8C000022E2541C3BE01800F07EF93E0009E63B
:10EE9C0020000022A130FF30E2543E0000F074F953
:10EEAC00E6E5200000222130FF30E2543E0000F065
:10EEBC006BF9D1E50022E2541C3BE01800F064F938
:10EECC003E00E5E5200000226130FF30E2543E00B8
:10EEDC0000F05AF9C6E520000022E130FF30E25480
:10EEEC003E0000F051F9C9E520000022E030E25468
:10EEFC003E0000F049F9A9E50022E2541C3BE01861
:10EF0C0000F042F954E70022E2541C3BE01800F0F8
:10EF1C003BF982E731000A48694000F061FCC046C9
:10EF2C003A020000BA0200007A030000BB030000A2
:10EF3C00BA030000FB030000FA0300003A030000D0
:10EF4C0020B40010F0B5C64600B50200838A008BD1
:10EF5C008C46011C984200D9191CD47880252000BD
:10EF6C00461EB04189B2ED000D43400328430125F4
:10EF7C006C405B1AD47054789BB29382002C31D1C4
:10EF8C006446D568A4014E1E2D19B046146900299B
:10EF9C0023D0062E32D92B0023439B072ED1631C82
:10EFAC00EB1A022B2AD900238F08BF00E658EE502B
:10EFBC0004339F42FAD14346ED19DB1BE419B942E5
:10EFCC0009D026782E70002B05D066786E70012B38
:10EFDC0001D0A378AB701469938A641814618022F1
:10EFEC0012021043002B02D18023DB01184363462D
:10EFFC00002B00D0000480BCB846F0BD0023E65CBA
:10F00C00EE5401339942FAD1E5E7C0468368F0B576
:10F01C001A680400002900D0120C63789205900D38
:10F02C00002B08D1E38AC318E382238B834201D9D6
:10F03C000023A382F0BDE368890125695E18471E91
:10F04C00002822D0062F26D901315B18EB1A022B8F
:10F05C0021D92B0033439B071DD10023120E9200A4
:10F06C00F158E95004339A42FAD1BF1AAD18B618C8
:10F07C00904209D032782A70002F05D072786A70CD
:10F08C00012F01D0B278AA702569E38A2D18C31814
:10F09C00E3822561C9E70022B35CAB540132904294
:10F0AC00FAD12569F1E7C04610B504008368002148
:10F0BC001B68FFF7ABFF63681B685B0002D5238BF3
:10F0CC00834200D010BD01212000FFF79FFFF9E71C
:10F0DC00084A0300126C0020920703D49A78D209D4
:10F0EC00012A00D07047D87E023843425841C0B242
:10F0FC00F8E7C0460000115010B5FFF7E9FF0028F3
:10F10C000CD00749074B8C46074A9B6A126863442C
:10F11C009B1A0020C6229A424041C0B210BDC04684
:10F12C00E0FCFFFF00400540485700200023837699
:10F13C00436103617047C04610B58368002901D054
:10F14C001C682140002A12D08024E4001143224282
:10F15C000DD01A6822420CD1084A0A401A60084A9B
:10F16C00126C920703D40C23033BFDD28368196005
:10F17C0010BD8178034800F033FBC046FFFBFFFF56
:10F18C000000115034B40010436870B50021802584
:10F19C0004001E68FFF7D6FE124B6D011A6C054376
:10F1AC00A37892070ED55B060ED00F4B1E40802322
:10F1BC009B05334362680021136020002A00FFF78F
:10F1CC00BBFF70BDDB09F0D0A38A002BEDD0012171
:10F1DC002000FFF7B7FEA023044ADB0532400543AD
:10F1EC001343E7E700001150FFFFFFAFFFFFFFDF06
:10F1FC0070B5857E0400002D14D0FFF755FFA38A4F
:10F20C00002B01D1280070BD2000FFF775FF0028EE
:10F21C0003D0012300252377F4E72000FFF7B4FF88
:10F22C000025EFE78178014800F0DAFA54B40010B9
:10F23C00F0B5CE46474680B5437805000E0085B044
:10F24C00062B08D86C4A9B00D3589F466B4A137800
:10F25C000133DBB213706A4B1C686269EFF31081E7
:10F26C0072B61368002BFCD0BFF35F8FA161200036
:10F27C00290000F09DFA6269A369BFF35F8F00213A
:10F28C00116083F31088002804D105B0C0BCB946C6
:10F29C00B046F0BD32006978287800F019FAF4E72E
:10F2AC000121584B1A788A431A701A7801318A4313
:10F2BC001A7000225A701A7802318A431A70CAE7FF
:10F2CC005149524F894652490024002388463A78C6
:10F2DC0012E043461B6861015B18002B06D0DB690A
:10F2EC00002B03D06968287898473A780134E4B247
:10F2FC00511C2300A14217DBA242EAD89B1A5B01E6
:10F30C004B44ECE73F4B1A78D207BED504211A7850
:10F31C000A431A709FE73B4B1A78D207B5D50421E4
:10F32C001A788A431A7096E7364F3B785B072BD5D1
:10F33C0004223B78002193433B706B460632981DA8
:10F34C0000F07EF92B7801AC2370052363702C4BF5
:10F35C001B6898465A69EFF3108172B61368002B3C
:10F36C00FCD0BFF35F8F434640469961210000F00B
:10F37C001FFA43465A699B69BFF35F8F00211160E6
:10F38C0083F31088002831D1FB78DB0700D47CE7AD
:10F39C006B460A220021981D00F052F92B7801AC23
:10F3AC002370032363706B686360154B1D686A6977
:10F3BC00EFF3108172B61368002BFCD0BFF35F8F94
:10F3CC00A9612800210000F0F3F96A69AB69BFF369
:10F3DC005F8F0021116083F31088002800D154E75F
:10F3EC0032006178207800F073F94EE732006178D2
:10F3FC00207800F06DF9C7E774B900102E78002062
:10F40C00885100203051002090B900102A7800203B
:10F41C006449002070B5437804000E00012B1FD006
:10F42C00184B1D686A69EFF3108172B61368002BD4
:10F43C00FCD0BFF35F8FA9612800210000F0B8F960
:10F44C006A69AB69BFF35F8F0021116083F3108889
:10F45C00002804D032006178207800F031F970BDBA
:10F46C00094B01781A789142DAD101795A78914294
:10F47C00D6D141799A789142D2D11021DA788A4347
:10F48C00DA70CDE710550020DC4C002010B5084C8C
:10F49C002378002B0AD18023064807495B051A689C
:10F4AC00C25004338B42FAD10123237010BDC046E5
:10F4BC002F780020085600100001001010B5014BE9
:10F4CC00984710BD09560020064B5A6802609A688E
:10F4DC004260DA6882601A69C2605A6902619B698B
:10F4EC0043617047000002400268064B5A60426854
:10F4FC009A608268DA60C2681A6102695A6142696C
:10F50C009A61704700000240F0B5D6464F46464619
:10F51C008023C0B5421804000D0086B09B039A42AC
:10F52C002ED800270026B88A338B17499847338B7F
:10F53C0082461649B88A9847338B81461449B88A53
:10F54C009847338B13498046B88A98470600FFF7D3
:10F55C009DFF6846FFF7B8FFD047C8478022D823E5
:10F56C00290020005202C047B047FFF7A7FF6846AA
:10F57C00FFF7BAFF06B0E0BCBA46B146A846F0BDEC
:10F58C0000F0DEF8CDE7C0464946000045580000C3
:10F59C005245000046430000F0B54E464546DE4657
:10F5AC0057468023E0B5150082180400894687B0C1
:10F5BC009B039A422DD800270026B88A338B164914
:10F5CC009847338B83461549B88A9847338B8246C4
:10F5DC001349B88A9847338B12498046B88A9847A2
:10F5EC000600FFF753FF6846FFF76EFFD847D0477A
:10F5FC002A0049462000C047B047FFF75FFF684626
:10F60C00FFF772FF07B0F0BCBB46B246A946A04656
:10F61C00F0BD00F095F8CEE74946000045580000D3
:10F62C0052500000464300007047C04600000000E6
:10F63C0001B40248844601BC604700BFAB320010E5
:10F64C0001B40248844601BC604700BF413400103D
:10F65C0001B40248844601BC604700BFED60001055
:10F66C0001B40248844601BC604700BF890C0010FD
:10F67C0001B40248844601BC604700BF091C00105D
:10F68C0001B40248844601BC604700BFBD0C0010A9
:10F69C0001B40248844601BC604700BFD50D001080
:10F6AC0001B40248844601BC604700BF41620010AF
:10F6BC0001B40248844601BC604700BF4D340010C1
:10F6CC0001B40248844601BC604700BFD5860010D7
:10F6DC0001B40248844601BC604700BFED660010CF
:10F6EC0001B40248844601BC604700BF713200106F
:10F6FC0001B40248844601BC604700BFF5620010AB
:10F70C0001B40248844601BC604700BF3D33001081
:10F71C0001B40248844601BC604700BFB7320010F8
:10F72C0001B40248844601BC604700BFED320010B2
:10F73C0001B40248844601BC604700BF915B0010D5
:10F74C0001B40248844601BC604700BF95280010F4
:10F75C0001B40248844601BC604700BF95610010AB
:10F76C0001B40248844601BC604700BFB1320010AE
:10F77C0001B40248844601BC604700BF3D600010E4
:10F78C0001B40248844601BC604700BF455F0010CD
:10F79C0001B40248844601BC604700BFDF32001050
:10F7AC0001B40248844601BC604700BF9922001096
:10F7BC0001B40248844601BC604700BF8D80001034
:10F7CC0001B40248844601BC604700BFE50C001040
:10F7DC0001B40248844601BC604700BF651E00109E
:10F7EC0001B40248844601BC604700BFE10D001023
:10F7FC0098B4001040B2001048B2001058B200107B
:10F80C0068B20010000000000001020000000000BF
:10F81C00FFFF0000100000000000000000000100CD
:10F82C0000000000000000000000020000000000CA
:10F83C0000000000000003000000000000000000B9
:10F84C000000FF000000000001B5486801318E4641
:10F85C000047704609380149884701BDDD13001087
:10F86C00000000000000000000000000000000008C
:10F87C00000000000845002000000000000000000F
:10F88C00503300004C33000054330000523300005E
:10F89C004D5300004D43000053340000433400002E
:10F8AC00FD51001001530010495200101553001067
:10F8BC00000000000001000080A500101E83A8734A
:10F8CC008C51002010000C00000000000000000013
:10F8DC00000000000000000000000000FF0000001D
:10F8EC001455002010000C00000000000000000067
:10F8FC00000000000000000000000000FF000000FD
:10F90C00FFFFFFFF000002000000000000000000ED
:10F91C00383F0020383F0020403F0020403F00206F
:10F92C00483F0020483F0020503F0020503F00201F
:10F93C00583F0020583F0020603F0020603F0020CF
:10F94C00683F0020683F0020703F0020703F00207F
:10F95C00783F0020783F0020803F0020803F00202F
:10F96C00883F0020883F0020903F0020903F0020DF
:10F97C00983F0020983F0020A03F0020A03F00208F
:10F98C00A83F0020A83F0020B03F0020B03F00203F
:10F99C00B83F0020B83F0020C03F0020C03F0020EF
:10F9AC00C83F0020C83F0020D03F0020D03F00209F
:10F9BC00D83F0020D83F0020E03F0020E03F00204F
:10F9CC00E83F0020E83F0020F03F0020F03F0020FF
:10F9DC00F83F0020F83F00200040002000400020AD
:10F9EC00084000200840002010400020104000205B
:10F9FC00184000201840002020400020204000200B
:10FA0C0028400020284000203040002030400020BA
:10FA1C00384000203840002040400020404000206A
:10FA2C00484000204840002050400020504000201A
:10FA3C0058400020584000206040002060400020CA
:10FA4C00684000206840002070400020704000207A
:10FA5C00784000207840002080400020804000202A
:10FA6C0088400020884000209040002090400020DA
:10FA7C009840002098400020A0400020A04000208A
:10FA8C00A8400020A8400020B0400020B04000203A
:10FA9C00B8400020B8400020C0400020C0400020EA
:10FAAC00C8400020C8400020D0400020D04000209A
:10FABC00D8400020D8400020E0400020E04000204A
:10FACC00E8400020E8400020F0400020F0400020FA
:10FADC00F8400020F84000200041002000410020A8
:10FAEC000841002008410020104100201041002056
:10FAFC001841002018410020204100202041002006
:10FB0C0028410020284100203041002030410020B5
:10FB1C003841002038410020404100204041002065
:10FB2C004841002048410020504100205041002015
:10FB3C0058410020584100206041002060410020C5
:10FB4C006841002068410020704100207041002075
:10FB5C007841002078410020804100208041002025
:10FB6C0088410020884100209041002090410020D5
:10FB7C009841002098410020A0410020A041002085
:10FB8C00A8410020A8410020B0410020B041002035
:10FB9C00B8410020B8410020C0410020C0410020E5
:10FBAC00C8410020C8410020D0410020D041002095
:10FBBC00D8410020D8410020E0410020E041002045
:10FBCC00E8410020E8410020F0410020F0410020F5
:10FBDC00F8410020F84100200042002000420020A3
:10FBEC000842002008420020104200201042002051
:10FBFC001842002018420020204200202042002001
:10FC0C0028420020284200203042002030420020B0
:10FC1C003842002038420020404200204042002060
:10FC2C004842002048420020504200205042002010
:10FC3C0058420020584200206042002060420020C0
:10FC4C006842002068420020704200207042002070
:10FC5C007842002078420020804200208042002020
:10FC6C0088420020884200209042002090420020D0
:10FC7C009842002098420020A0420020A042002080
:10FC8C00A8420020A8420020B0420020B042002030
:10FC9C00B8420020B8420020C0420020C0420020E0
:10FCAC00C8420020C8420020D0420020D042002090
:10FCBC00D8420020D8420020E0420020E042002040
:10FCCC00E8420020E8420020F0420020F0420020F0
:10FCDC00F8420020F842002000430020004300209E
:10FCEC00084300200843002010430020104300204C
:10FCFC0018430020184300202043002020430020FC
:10FD0C0028430020284300203043002030430020AB
:10FD1C00484300200000000000000000284800209C
:10FD2C0090480020F848002000000000000000006F
:10FD3C0000000000000000000000000000000000B7
:10FD4C0000000000000000000000000000000000A7
:10FD5C000000000000000000000000000000000097
:10FD6C000000000000000000000000000000000087
:10FD7C000000000000000000000000000000000077
:10FD8C000000000000000000000000000000000067
:10FD9C000000000000000000000000000000000057
:10FDAC000000000000000000000000000000000047
:10FDBC0001000000000000000E33CDAB34126DE6E4
:10FDCC00ECDE05000B00000000000000000000004D
:10FDDC000000000000000000000000000000000017
:10FDEC000000000000000000000000000000000007
:10FDFC0000000000000000000000000000000000F7
:10FE0C0000000000000000000000000000000000E6
:10FE1C0000000000000000000000000000000000D6
:10FE2C0000000000000000000000000000000000C6
:10FE3C0000000000000000000000000000000000B6
:10FE4C0000000000000000000000000000000000A6
:10FE5C000000000000000000000000000000000096
:08FE6C0000000000000000008E
:04000005100001E9FD
:00000001FF
