:020000041000EA
:1000000000B5324B212058609868022188439860DF
:10001000D860186158612E4B002199600221596106
:100020000121F02299502B49196001219960352056
:1000300000F044F80222904214D00621196600F024
:1000400034F8196E01211966002018661A6600F04E
:100050002CF8196E196E196E052000F02FF8012189
:100060000842F9D1002199601B49196000215960AB
:100070001A491B48016001219960EB211966A021F2
:10008000196600F012F800219960164914480160C1
:100090000121996001BC002800D000471248134993
:1000A000086003C880F30888084703B5996A0420EC
:1000B0000142FBD001200142F8D103BD02B5186610
:1000C0001866FFF7F2FF186E186E02BD00000240BE
:1000D000000000180000070000035F00212200005C
:1000E000F4000018222000A00001001008ED00E03C
:1000F00000000000000000000000000074B24E7A12
:1001000000200420F7010010CB010010CD010010E9
:10011000C9010010C9010010C9010010C901001077
:10012000C9010010C9010010C9010010CF01001061
:10013000C9010010C9010010D1010010D301001045
:10014000C1010010C1010010C1010010C101001067
:10015000C1010010C1010010C1010010C101001057
:10016000C1010010C1010010C1010010C101001047
:10017000C1010010C1010010C1010010C101001037
:10018000C1010010C1010010C1010010C101001027
:10019000C1010010C1010010C1010010C101001017
:1001A000C1010010C1010010C1010010C101001007
:1001B000C1010010C1010010C1010010C1010010F7
:1001C000EFF30580103800BE00BE00BE00BE00BECA
:1001D00000BE00BEF2EB8871F0B200100CB300104C
:1001E0003802001090A31AE71E481F49086006C88D
:1001F00081F3088810471D480068002801D019487D
:10020000F3E70DA40ECC002902D000F012F8F9E7B4
:100210001749184A002000E001C19142FCD116495B
:100220008847164988471649884700BEFDE701C937
:1002300001C29A42FBD370470CB30010C0000020EB
:10024000104200205CF40010000004200000042094
:100250005CF40010001004200010042000000000D6
:10026000704700000000000008ED00E0000000D032
:1002700010420020D0720020FD4A0010D50200106C
:10028000F54A0010F8B5C04606480749091A8B1010
:10029000C90FC91810B5491003D0044B002B00D06A
:1002A000984710BD104200201042002000000000BE
:1002B000054B10B5002B03D00449054800E000BFF2
:1002C000FFF7E2FF10BDC046000000008857002085
:1002D00048AA001000B585B0144803AB02AA01A9D2
:1002E00001F09EFF002803D11148104900F0D4FD11
:1002F000039A0299019801F0B7FE0A2001F078FBF9
:1003000005F0F2F90B4805F065FA01236A46002072
:10031000938103A905F098FE01200021404205F0D9
:100320000DFF002006F044FDF6E7C046C0D40100F2
:1003300048AA00104D03001000B591B04022694654
:10034000002006F0E7FC11B000BDC04630B50A2021
:1003500087B001F04DFB02AA11000D4B31CB31C12A
:100360001B6801200B60642107F050FE02236A46DF
:1003700001A90120938007F04DFE0021022004F026
:1003800089FE01200021404208F00CF9F9E7C0463F
:1003900020AD0010F0B5CE46474680B5C9B005AED9
:1003A00005000F0032001D4B13CB13C2390028008B
:1003B00009F0D8FA12236B44994604AB984604001E
:1003C00019004A46280007F005FE4B464246A000A9
:1003D00080591B881288124902900197009508A83D
:1003E00004F02CFB013C020008A9002006F01EFDD1
:1003F000E4B2002006F0DCFC012C04D949B0C0BCFA
:10040000B946B046F0BD3900280009F0C1FA00280D
:10041000F4D11E22034906F009FDEFE730AD0010CC
:100420007CAA0010B0AA001010B5094CC0B00B0097
:1004300002002100684604F001FB6946020000202A
:1004400006F0F4FC002006F0B3FC40B010BDC0463E
:10045000D0AA0010F0B58BB004000D00160009F012
:1004600081FA012834D0022807D02900200009F0A1
:100470008FFA002827D00BB0F0BD07AF310038004D
:1004800000F024FB012300220999F87909020143B5
:10049000FB56BA560591B979002004910521795689
:1004A0000391042179560291032179560191022189
:1004B00079560091032106F0A3FE2900200009F0DF
:1004C00067FA0028D7D11E22044906F0AFFCD2E714
:1004D00007AF3100380000F04FF8D3E7B0AA0010A2
:1004E000004870477CAE00100048704740AD0010D7
:1004F00070B5002823D004282CD8174B8000C5588D
:1005000028000AF075F8C0B2041C1F2812D8E4B203
:10051000002808D00023114AE95C01331180D9B2C8
:1005200002328C42F8D8C0220134E3B25B00920060
:1005300013430CE01F24E4B20028EBD1F3E7064B91
:1005400002221968054802F01FFEC1239B000448DF
:10055000038070BD0020FCE7B03B0020C6490020AE
:10056000C449002000487047A4AD00107047C04641
:10057000002070477047C046F0B5C64600B58D787C
:1005800004000A00CE7882B01A2D00D12EE21A2E75
:1005900000D13FE20F791A2F00D10FE24B791A2BCD
:1005A00000D10BE28B791A2B00D107E2CB791A3BF1
:1005B00059424B41DBB29846162D00D124E230005F
:1005C000162E00D147E2162F00D1FAE151791629F3
:1005D00000D1F6E19179162900D1F2E1D1791639ED
:1005E0000B0059425941C9B2042D00D107E2042839
:1005F00000D134E2042F00D14BE25079042800D11D
:10060000E1E19079042800D1DDE1D079042800D11E
:10061000D9E100239C46072D00D12CE2072E00D102
:10062000CAE1072F00D1C7E15079072800D1C3E103
:100630009079072800D1BFE1D079073803005842EC
:100640005841C0B2884500D1ABE14346002B00D0F1
:1006500064E17F23C5494B70604500D165E1634685
:10066000002B00D19FE17F235B420B702C2D00D12A
:100670009BE12C2E00D198E12C2F00D195E15379EC
:100680002C2B00D191E193792C2B00D18DE1D379E2
:10069000C8792C2B00D189E18B681B020343012010
:1006A00083431078C50700D478E102252B431E0A46
:1006B0000E721E02360E4E721E0ECB718E72957821
:1006C000152D00D167E1D578152D00D163E115799D
:1006D000152D00D15FE15579152D00D15BE195799C
:1006E000152D00D157E1D579152D00D153E1042501
:1006F000AB431E0A0E721E02360E4E721E0ECB71D8
:100700008E729578082D00D142E1D578082D00D160
:100710003EE11579082D00D13AE15579082D00D137
:1007200036E19579082D00D132E1D579082D00D137
:100730002EE10825AB431E0A0E721E02360E4E72C3
:100740001E0ECB718E729578292D00D10AE1D578D5
:10075000292D00D106E11579292D00D102E1557925
:10076000292D00D1FEE09579292D00D1FAE0D57927
:10077000292D00D1F6E07E4D2B40800700D4EEE01D
:100780008020C00003431D0A0D721D022D0E4D7204
:100790001D0ECB718D729078192800D1DBE0D078D6
:1007A000192800D1D7E01079192800D1D3E0507969
:1007B000192800D1CFE09079192800D1CBE0D07969
:1007C000192800D1C7E06B4803401D0A0D721D02B5
:1007D0002D0E4D721D0ECB718D7290781E2800D19A
:1007E000B5E0D0781E2800D1B1E010791E2800D1E4
:1007F000ADE050791E2800D1A9E090791E2800D1E3
:10080000A5E0D0791E2800D1A1E05B4803401D0A75
:100810000D721D022D0E4D721D0ECB718D729078D2
:10082000202800D18FE0D078202800D18BE01079EB
:10083000202800D187E05079202800D183E09079EA
:10084000202800D17FE0D079202800D17BE04B48E0
:1008500003401D0A0D721D022D0E4D721D0ECB712F
:100860008D7290781F286AD0D0781F2867D01079B1
:100870001F2864D050791F2861D090791F285ED03E
:10088000D0791F285BD03E4803401D0A0D721D021F
:100890002D0E4D721D0ECB718D72907821284AD08D
:1008A000D078212847D01079212844D050792128A8
:1008B00041D0907921283ED0D07921283BD03148B1
:1008C00003401D0A0D721D022D0E4D721D0ECB71BF
:1008D0008D7290784C282AD0D0784C2827D0107967
:1008E0004C2824D050794C2821D090794C281ED007
:1008F000D2794C2A1BD0244A1340180A08721802D5
:10090000000ECB7148721B0E0B2220008B7202F07E
:100910003BFC200002B080BCB846F0BD7F231349E9
:100920005B424B70604500D099E600239DE6802233
:1009300052021343E1E7802000020343C1E7802015
:10094000C0010343A1E780208001034381E78020A9
:10095000400103435BE780200001034335E70B4878
:10096000034010E78025AD002B4306E750530020DD
:10097000FFFDFFFFFFF7FFFFFFEFFFFFFFDFFFFFC1
:10098000FFBFFFFFFF7FFFFFFFFFFEFFFFFBFFFF3C
:1009900008252B43CFE604252B43AAE60225AB43CB
:1009A00085E6002356E67F235FE6C8798B681B0245
:1009B00003430120034374E6012043E601239846E4
:1009C000FAE5012110E601239C46072D00D025E61B
:1009D0000120414566D043463B49002B52D17F332D
:1009E0004B700028DFD043460B7042E601233000F5
:1009F00098460F79162E00D0E5E50121FAE5072E7D
:100A00000FD001239C460CE6042E14D0042F4DD0A9
:100A10000121F2E5162D0AD001231A2098461779F4
:100A2000D1E5884512D0012301209C460DE6012323
:100A300017799846EAE7012301219C46072F00D049
:100A4000F2E518004346002B00D102E600231E49C0
:100A50004B70002309E6042DCFD10121D1E7072DEA
:100A6000B6D001239C46072F00D0DDE5012041458B
:100A700000D0EAE5EAE700208845ACD112497F338F
:100A80000B80F6E581234B7000288CD000230B707F
:100A9000EFE501239C46072D00D0BFE5414501D07D
:100AA000180098E7002308490B80E2E5072E03D0E1
:100AB000012301219C46B7E5012043468446002BD3
:100AC00000D1C6E5C2E7C04650530020F0B505008E
:100AD0000120022608560F008E5783B000285BDCE9
:100AE00000D08EE0564CA070002E3EDC6AD1A36888
:100AF0002671E1793A781B020B43D10722D5802178
:100B00000B43910722D540210B43510722D51021D9
:100B10000B43D10622D520210B43120722D5802278
:100B200052011343190A21721902090EE37161720D
:100B30001B0E0B2221002800A37202F025FB2800C7
:100B400003B0F0BD80218B439107DCD440218B435F
:100B50005107DCD410218B43D106DCD420218B43F8
:100B60001207DCD4374A1340DCE7300002F066F9A4
:100B7000354A364B02F0F7F802F0A4F9344A354B07
:100B800002F0F1F802000B003348344902F0C7F8D4
:100B900002F06CF946B2AAE702F050F92A4A2B4B50
:100BA00002F0E1F802F08EF9294A2A4B02F0DBF854
:100BB00002000B002848294902F0B1F802F056F96A
:100BC00040B28FE7300002F039F91F4A244B02F09F
:100BD000CAF802F077F91E4A1E4B02F0C4F8020070
:100BE0000B001D481D4902F09AF8802300900191E6
:100BF000009A1B061000019AD11802F037F946B28C
:100C000075E702F01BF9104A154B02F0ACF802F040
:100C100059F90F4A0F4B02F0A6F802000B000E48DC
:100C20000E4902F07CF8802300900191009A1B0687
:100C30001000019AD11802F019F940B252E7C046EB
:100C400050530020FFEFFFFF3C2F5737C58094BF64
:100C500089D2DEE00B2561408A8EE4F21F366140C6
:100C6000C580943F1300002010B5642900D010BD4A
:100C700010221900024802F087FA0120F7E7C04667
:100C8000C43B002010B5024804F08AFA012010BDD0
:100C9000C43B002010B50138C0B204F075FB10BD94
:100CA00010B50138C0B204F08FFB10BD0138C0B2DE
:100CB00043000D4A1B181B019B18D02230B51206A9
:100CC00099785068DC78536801221500A5408A4065
:100CD0002B405C4263411040424250415B0018434C
:100CE000431E9841C0B230BD2C7100200138C0B203
:100CF0004300044A1B181B019B18587B01235840D2
:100D00007047C0462C71002010B50138C0B204F005
:100D10007FFB10BD7047C046F0B50D0083B001AF3A
:100D2000040039002800160008F01EF87A78002325
:100D3000002A04D0FB78013B5A425341DBB2013C0C
:100D400032002900E0B204F07FFB03B0F0BDC046E2
:100D500010B582B06C46248A01380094C0B204F009
:100D6000FFFB02B010BDC04610B50138C0B204F0A0
:100D70003FFC10BD10B50138C0B204F0C1FB10BD7E
:100D8000094A83009A1810B51468402254408032F2
:100D90002240064CC000A44663441A60044B9C46A3
:100DA0006044416010BDC04604C0014004D0014011
:100DB00000400140074B8000C3181B68C900920027
:100DC0000A435A400C231340034A9446604403608C
:100DD0007047C04604C0014004D00140064BC0002B
:100DE000C3181B6809045940C0239B021940034BD8
:100DF0009C4660440160704704400140045001403B
:100E0000064BC000C3181B6809025940C0239B0051
:100E10001940034B9C466044016070470440014008
:100E200004500140064BC000C3181B680903594019
:100E3000C0239B011940034B9C46604401607047EE
:100E40000440014004500140054B8000C3181B685A
:100E50004B4001211940034B9C46604401607047A0
:100E600004C0014004D00140064B8000C3181B6839
:100E7000054A090159409446302360440B40036001
:100E80007047C04604C0014004D001408023DB0508
:100E90001868000F7047C0460FB400B5084883B00B
:100EA00003F09CFF049B002B07D005A918000191BB
:100EB00003F0ECFD034803F091FF012003F0FEFD79
:100EC00044AB001054AB0010EFF3108072B6034A2D
:100ED0001368002BFCD0BFF35F8F70472C0100D04C
:100EE000BFF35F8F0022024B1A6080F310887047B7
:100EF0002C0100D070B5EFF3108C72B60D4D2B683D
:100F0000002BFCD0BFF35F8F0724CB08C618C05C52
:100F100001230C40A3401C000440034207D11843A6
:100F20003070BFF35F8F2C608CF3108870BD1000A1
:100F3000FFF7B2FF2C0100D0F8B54746CE468846F1
:100F400080B5EFF3108C72B61C4D2C68002CFCD0D1
:100F5000BFF35F8F9A4222D807210126894602E01B
:100F60000132934218D34D4637001540AF40D408A4
:100F70000119045D2742F3D110003C430C70BFF30C
:100F80005F8F00220D4B1A608CF3108800280EDB57
:100F9000C0BCB946B046F8BD01204042EFE7BFF300
:100FA0005F8F00232B608CF3108801204042434662
:100FB000002BEDD00898FFF76FFFC0462C0100D042
:100FC000044A1078431CDBB2172B00D9102313708E
:100FD0007047C046D43B002010B5064B064C82B08B
:100FE0000100009318221F232000FFF7A5FF02B085
:100FF00010BDC04658AB00100C5300200021044B1C
:10100000044ABFF35F8F02C39342FAD17047C046D0
:10101000000100D0800100D0054B064A1360064A4B
:10102000136053609360D3601361536193617047A1
:101030008080808000E400E004E400E01F2318408A
:101040001E3B8340002905D0C021044A490053506B
:1010500013607047802201498B50FAE700E100E0FD
:1010600001228240034B1B6813405A1E9341D8B2A1
:101070007047C04600E100E070B50D00EFF3108648
:1010800072B60F4A1368002BFCD0BFF35F8F0D4B75
:1010900010309B6884001B590B4A934203D09D4239
:1010A00001D001F095FA074B9B681D51BFF35F8F8C
:1010B000BFF35F8F0022024B1A6086F3108870BD69
:1010C000240100D000ED00E0C1010010F0B557464A
:1010D0004E46DE464546E0B585B006000091170055
:1010E000EFF3108B72B66A4A1368002BFCD0BFF383
:1010F0005F8F0025674B5D579A46002D00DAA9E007
:101100006B00654C01935B199B009846A146C14456
:101110004B4652469B7910361370604BB6009B6865
:1011200099590B1B2F2B33D95D4B994200D0ACE062
:10113000019B42469C465B4B6544AD0063535A4B52
:101140000232A218043B9B1A1B05584A5B0D651915
:1011500013436B80564B0121AB80FF23AB71009B87
:10116000EF71AB604B460B4319004C4B9B68995198
:10117000BFF35F8FBFF35F8F0022454B1A608BF385
:10118000108805B0F0BCBB46B246A946A046F0BDEB
:1011900001200A008243D3798C46BB4231D84546B0
:1011A000130044491B1B5B415943090D3D4B6353DD
:1011B0003D4B02356519043B5B1B1B053B4D5B0D2D
:1011C0002B43AA464D466B800425AC465546E04469
:1011D000131F44441B1B1B055B0D1D434B4699719C
:1011E00000999D8099604946DF71334B014313603C
:1011F000BBE75800C01880002018C179B9422FD928
:1012000002000623D356002BF3DA02932B4B6146E0
:101210000393131D9A4604235B429C46E1445046C7
:101220004B461B1A1B055B0D9C46204B957198463F
:101230006346404603439380019B5A199200039BE7
:10124000A418A380029B1C4AA371009B2260E77133
:10125000A3608AE701F0BCF9002553465D574FE7CC
:10126000908802934005131D9A46031561469C46DB
:101270004046D444634604302018181AE023000581
:10128000400D1B0218430390C5E701F0A1F94FE799
:10129000240100D0CA720020D83B002000ED00E0FD
:1012A000C101001000A1FFFF083C002000E0FFFF8B
:1012B00001BDFFFFAAAA00000148804701BD000050
:1012C00070B501240443EFF30581EFF3108C72B67F
:1012D000214A1368002BFCD0BFF35F8F1F4B050022
:1012E0001F4AED1A6D416A43120D1E4D8900AE680A
:1012F00052B27658A6421CD00621595691421CD0B3
:1013000012215956914222D01E215956914220D085
:101310002A2159560324914210D0134B19781A7080
:101320008171BFF35F8F00220B4B1A608CF3108822
:1013300070BDAB680D4C5C50EFE7002461000919EB
:1013400089005B18FF21997109499980E5E701241B
:10135000F4E70224F2E7C046240100D0D83B002085
:10136000AAAA000000ED00E0CA720020C10100102E
:1013700001BDFFFF024B9C4661448900016070473C
:101380004000003470B5114C114DAC420FD2FF2615
:101390002368002B0CD0FFF713FE01002000FFF79D
:1013A000E9FFA680BFF35F8F0834AC42F0D370BD75
:1013B000FFF706FE01002000FFF7DCFF2671BFF3F8
:1013C0005F8F0834AC42E3D3F1E7C046004200200F
:1013D0001042002010B50400FFF7F2FD01002000CC
:1013E000FFF7C8FFFF232371BFF35F8F10BDC04617
:1013F00010B504000120FFF7EFFD034BC3189B005D
:101400002360BFF35F8F10BD400000340A4B1968A2
:10141000EFF3108072B60A68002AFCD0BFF35F8F2A
:101420001B68BFF35F8F00221A6080F3108840BFF3
:10143000002000217047C046A8720020F0B5DE46AB
:1014400057464E464546E0B587B0EFF30583032285
:1014500001251A40954091008846A946B34B039256
:101460005C58B34B1D60B34B04934B46B248436387
:101470000823E55E002D37DAA3881BB2002B00DBC2
:10148000ADE0A379002B00D0EEE00823E05E002859
:1014900020DB430062691B18DB00D3189E68DD68FF
:1014A000731C00D111E1A44801004144826A0B6918
:1014B000B71A9B1A9F4215D30123026A03988340EF
:1014C0001A420FD09C4800F037FC8D4202DCCCD190
:1014D0008642CAD940BF07B0F0BCBB46B246A94657
:1014E000A046F0BD0E61EDE762696B0092465B19A4
:1014F000DB009A4453469E68DF6800F01DFC8F4273
:10150000BADC00D103E1002F00DAE8E0524653468E
:1015100052691B699346049A934200D1D9E052461E
:101520000821605E52880004594610439847009095
:1015300001910099019A0B001000134300D1CEE0F5
:1015400013000A00B61A9F41002806DB7A4800F013
:10155000F3FB009E019F36184F4153469E60DF60AB
:1015600000229A5E002A00DA86E753009918606923
:10157000C900411802938B68C9689B46B94200DDD7
:101580007AE702D1B34200D976E708239C46A44407
:10159000059565462281A446029B2C0006E0530077
:1015A0009918C90041188D68C968AB469B18DB00C3
:1015B000C318B94206DC00D1B3E01C000023E25E90
:1015C000002AECDA230064469C4653461A806346A0
:1015D000059D1D80A3881BB2002B00DA51E722690C
:1015E000EFF3108172B61368002BFCD0BFF35F8F4E
:1015F0000123A7885B42A3803FB22369BFF35F8FBB
:1016000000221A6081F31088002F00DA39E72300E6
:10161000083322009A4666697B00DB19DB00F31869
:10162000996850468C460824115FDD68002910DB5C
:10163000029306E0AB4244D00023E15E2000002983
:1016400006DB4C006418E4003419E368AB42F1DDBA
:10165000029B078000201F5E1980002FDCDA140037
:10166000A379002B00D110E70023A37126000823E3
:10167000E15E08364B1C00D12CE70800A2466569E4
:1016800002E03E004B1C1AD04B005B18DB00EF1849
:101690000A008C46E95E7B881BB2002BF1DA01233D
:1016A0005B42DC17BB60FC60824205D05346318050
:1016B0001B893B8053461A8160464B1CE4D154463B
:1016C000E5E6A3686345B7D9C2E76B1C00D0EAE63C
:1016D000F8E65B4658461B69984700281BD15346DD
:1016E0001B8822692381EFF3108372B611680029E9
:1016F000FCD0BFF35F8F514662880A802269658003
:10170000BFF35F8F0021116083F31088B4E6864237
:1017100000D8F8E6B0E65B461A685B680092019371
:1017200007E7B34500D848E74CE7C0468C71002076
:101730003C7005403D1400100040054070B52E4C33
:101740002569002D04D00A212C48FFF713FE70BD37
:101750002B4E0321300000F0E5FAE660FFF730FC85
:10176000284B03229C46D02322701B061B680121B4
:101770006370254B6044A3600F238000206102202A
:10178000638063694942A18019800231198647311B
:101790001D83585218315A5275325C399952183299
:1017A000013199521832013199521832013199524E
:1017B000083518329D5202311832995218320131CF
:1017C0009952183201319952183201319952183216
:1017D000013199521832013199520C4B0C49DC609D
:1017E00001303562FFF748FC01210320FFF726FC9A
:1017F000084B1D60A7E7C046203C0020A8720020CF
:101800000040054040000034FFFF10008C710020B4
:101810003D14001038600540F0B5C646060000B51E
:1018200018200F00904601F061FC051E3FD01821E2
:10183000404601F079FC39006861300000F072FA2E
:10184000EE60FFF7BDFBD0222F70120612681A4B14
:101850006A709C460122434652429BB26B819B18A0
:101860006B8043466044800028612A81AA80002B57
:101870000BD05A006C694244D200104B12192380DD
:10188000013318349BB29442F9D10124BC400C4B73
:10189000BA0038000B493462D550FFF7EDFB012147
:1018A0003800FFF7CBFB084B9C46664434602800A9
:1018B00080BCB846F0BDC04640000034FFFF0000C9
:1018C0008C7100203D1400103820000070B501001C
:1018D0000469EFF3108C72B620680028FCD0BFF3C7
:1018E0005F8F02200D5E4C6968004019C00024180B
:1018F0000869002D36DB26884E80BFF35F8F0026F7
:1019000006608CF31088E3606388049801332061DB
:101910005B0405985B0CA26060611A1C002B1FD051
:1019200093B22804628018430A69EFF3108C72B6F0
:101930001368002BFCD0BFF35F8F8B8823808D80D2
:101940000B69BFF35F8F00221A608CF310880B784D
:1019500001329A40CB6808498C4663441A6070BDD6
:101960000122DDE7BFF35F8F002303608CF3108853
:1019700001204042F3E7C0463C20000010B54389F7
:101980000A1493421ADD53009B184269DB00D318F6
:101990000469EFF3108C72B62268002AFCD0BFF302
:1019A0005F8F5A88090494B2090C8A4208D00369EF
:1019B000BFF35F8F00221A608CF31088002010BDE7
:1019C0008022120214435C80012302698371BFF3F9
:1019D0005F8F002111608CF31088044902788C46D7
:1019E0009340C268012062441360E8E73C20000095
:1019F000F0B5C64600B582B0040000F0A5F9FA22A1
:101A000006000F00200000230021920001F0CEFA12
:101A10008019794104000D1E02DA01242E4D644222
:101A200006267642F71736196F41AF4214D811D007
:101A300000F08AF932003B00121A8B41002B15DCB2
:101A4000002B46D02000290000F00AFA02B080BC2A
:101A5000B846F0BDA642EBD90026002700F074F985
:101A600032003B00121A8B41002BE9DD00F06CF9CB
:101A700032003B00121A8B41002B0ADB002301933A
:101A8000164B3200009316483B00FFF71FFF013052
:101A9000D8D000233900B0469C46124A1248536AF7
:101AA000994204D8966A4645CCD29942CAD1066872
:101AB000EFF3108772B63368002BFCD0BFF35F8F53
:101AC0000368BFF35F8F66461E6087F3108820BFF0
:101AD000E5E7002AB6D0C9E7FFFFFF7F0D1400102D
:101AE000203C002000400540A8720020F0B5574679
:101AF0004E46DE464546E0B506000F0085B0EFF3E2
:101B0000058399468B46002B12D0384900204B6A3A
:101B1000BB4206D38A6ADB1B591E8B41B24240414D
:101B2000184305B0F0BCBB46B246A946A046F0BD7E
:101B30002F4B9A46DB68984653461B7840460393E2
:101B400000F0FAF84246039B040004339B009B58C4
:101B50000D001B1A39003000001BA941894510DC1B
:101B60000DD020BF214A0020536A5B45D9D3926A29
:101B7000DB1B591E8B41B24240411843D1E78342DF
:101B8000EFD900F0E1F832003B00121A8B41002B34
:101B90001ADB00230193174B3200009350463B00A1
:101BA000FFF794FE011E0FDD104B5A6A5A451BD3F6
:101BB0009B6AB34216D35046FFF7E0FE0B4A002063
:101BC000536A5B45ADD3D2E7084A0020536A5B45B0
:101BD000A7D30020926ADB1BB24240415A1E9341B8
:101BE00018439EE75A45E6D120BFE4E70040054090
:101BF000203C00200D140010F0B5CE4647461100E1
:101C000080B583B004009C460C9D194300D16CE064
:101C10006146DB170193009353401E00019B4B402C
:101C20001F0000980199361A8F4163460A996B602C
:101C30000B9BAC6029612A606B6100F085F880190C
:101C40007941002902DA0120314940422269EFF34B
:101C5000108972B61368002BFCD0BFF35F8F02238C
:101C6000E65E636972009219D2009B182269904661
:101C7000002E42DB1A886280BFF35F8F0022474646
:101C80003A6089F31088234A9860D9601A615A88AB
:101C90005D6101325204520C111C002A2BD088B213
:101CA0003204024359802069EFF3108772B601684D
:101CB0000029FCD0BFF35F8FA1881980A68023691B
:101CC000BFF35F8F0021196087F3108812482378D3
:101CD0008446013199400120E36863441960EA6059
:101CE00003B0C0BCB946B046F0BD002301260027B2
:101CF00001229C4699E70121D1E7BFF35F8F0023C2
:101D0000136089F31088012200205242E7E7C046A1
:101D1000FFFFFF7F3D1400103C200000004870478B
:101D20000040054010B5024A0248FFF7E3F810BD35
:101D300074AB0010105300200300416A0A00986A37
:101D4000596A8A42FAD17047034B596A0A00986A65
:101D5000596A9142FAD170470040054070B50400BD
:101D60000D00174A536A1900966A536A8B42FAD1DA
:101D70003000190024184D41AB4216D813D0104B37
:101D80002A005B6A9D4203D90D494B6A9342FCD3FA
:101D9000934207D10A4A02E0516A994202D1916AFC
:101DA000A142F9D370BDA642E9D9054B5B6A1C007C
:101DB0005A1CEFD0012201246442E5175242E3E7A6
:101DC00000400540244B70B598420BD843011B1AC4
:101DD000224A9B001818916AC000936A5B1A9842C5
:101DE000FBD870BDFA2200239200002101F0DEF83A
:101DF00004000D00194A536A1900966A536A8B420F
:101E0000FAD13000190024184D41AB4218D9134BB8
:101E10005B6A1C005A1C0AD0012301246442E517A6
:101E20005B420E494A6A9A42FCD39A42D9D10B4A84
:101E300002E0516A9942D4D1916AA142F9D3D0E724
:101E4000AB4205D0054A2B00526A9542E9D8ECE72F
:101E5000A642F7D9DBE7C0469BC4200000400540FE
:101E6000064A536A9942FCD807D1044B02E05A6AE9
:101E7000914202D19A6A9042F9D8704700400540D9
:101E8000F8B5DE464E4657464546E0B58B4605005A
:101E90000A991800160000F007FD0A9B6C001F024B
:101EA000324B64199C46A4006444636881469F4297
:101EB00000D967602B1FDBB29846012B30D9C023B5
:101EC00080229B01E31812011A60294BAD00595979
:101ED0009A4600291BD17301E026226853401E4018
:101EE000802342465B01E3181E60012A30D980231B
:101EF00080229B01E31812011A6053464A4667602C
:101F00005A51F0BCBB46B246A946A046F8BD586936
:101F100000F0CAFC013043001B18033BFDD2DAE796
:101F20005B46012BCBD1C02303229B01E3181A602F
:101F3000023AA3681A42FCD07301E0262268AD0081
:101F400053401E4080230A4A5B019246E3181E60FC
:101F50005A462168514003220A401A6001225B461A
:101F60009A40A3681A42FCD0C1E7C04600800040F6
:101F700018530020F0B546464F46D646C0B51F0060
:101F8000344B44009C462418A4006444636888468B
:101F90001600FF2B02D880235B006360031FDBB2B7
:101FA0009A46012B30D9C02380229B01E3181201ED
:101FB0001A60294B85005959994600291BD1730194
:101FC000E026226853401E40802352465B01E318FE
:101FD0001E60012A30D9802380229B01E318120160
:101FE0001A6080235B0063604B465F51E0BCBA46D9
:101FF000B146A846F0BD586900F056FC01304300D8
:102000001B18033BFDD2DAE74346012BCBD1C0239B
:1020100003229B01E3181A60023AA3681A42FCD01B
:102020007301E0262268850053401E4080230A4A3F
:102030005B019146E3181E6042462168514003222D
:102040000A401A60012342469340A2681342FCD022
:10205000C1E7C0460080004018530020014B8000BB
:10206000C058704718530020F0B54746CE4680B59B
:102070005B4B16005A680700884683B0FF2A02D8D7
:10208000802252005A600322564B554D1A6001239C
:10209000AC682342FCD0202229685140C0320A405B
:1020A00051490A602A684E4D5A40032313400B6081
:1020B0000223AC682342FCD080224C4B12011A60F0
:1020C00080235B006B604A4C99464A4B3A0063613F
:1020D000012143464848009600F0D8F941463800AF
:1020E000714300F0E1FB454B05005A68FF2A01D817
:1020F0004A465A608022424B12011A602169002927
:1021000007D0606900F0D0FB013043001B18033B8F
:10211000FDD2E023394A3B4811680B40036002239B
:102120001168594001330B40042103609368194240
:10213000FCD08021344B090119608021334B4900C8
:1021400051602361264B5A68FF2A00D85960032248
:102150000121244B1A60224A93681942FCD0E023E3
:102160001068034020480360126803234A4002219C
:1021700013401B4A036093681942FCD080211B4B1B
:10218000090119608021224B4900516065615A683C
:10219000FF2A00D8596080221E4B12011A60A169E3
:1021A000002907D0606900F07FFB013043001B1855
:1021B000033BFDD2402316490A685A40A03313401E
:1021C000154A13608022154B12011A6080235B00B0
:1021D0004B60084BA36103B0C0BCB946B046F0BD2C
:1021E0003C8000403CB000403C9000403CA000409F
:1021F00018530020006CDC02008002403080004058
:1022000030B000403090004030A00040001BB700CC
:102210004880004048B000404890004048A000403E
:10222000F0B54E46DE4657464546E0B51600924AA2
:1022300085B09346A022520091465A4603969B468B
:10224000060001920291019B8C4A93420DD9012311
:102250005B429C468A4AE1449446019B6344019355
:102260004B460F2BEFD100208EE01F00854B07243B
:102270009C4667442300634338001900984600F0E9
:1022800013FBA246651E864250D06C4338002100E5
:1022900000F00AFB864259D06B1E9846012D00D1F2
:1022A000D3E05346E41A2100380000F0FDFA8642DC
:1022B00058D0AB1E9846022D00D1B9E05346E41A1F
:1022C0002100380000F0F0FA864264D0EB1E9846F8
:1022D000032D66D05346E41A2100380000F0E4FADA
:1022E000864200D172E02B1F9846042D00D174E085
:1022F0005346E41A2100380000F0D6FA864200D195
:102300007DE0052D00D17FE053463800E11A00F052
:10231000CBFA06248642ADD10029ABD1C8465B4634
:10232000D14601250298039E26E0A8464146380082
:1023300000F0BAFA002900D197E0651EA2466C436E
:102340003800210000F0B0FA8642A5D12100380003
:1023500000F0AAFA00299FD1C8465B46D1460298F0
:10236000039E09E00029A4D15246C2465B46C846F6
:10237000554691460298039E4246434951434A4678
:102380000160012032601D6005B0F0BCBB46B24662
:10239000A946A046F0BD0029E6D0EB1E9846032DC5
:1023A00098D1092138000324092500F07DFA8642DE
:1023B000BBD00323062138009A460334073D00F0C2
:1023C00073FA8642C2D0012398466AE70029CBD02F
:1023D0002B1F9846042D00D08AE704240C353B09B6
:1023E0009E42A2D004230C2138009A4608340D3DA9
:1023F00000F05AFA8642A9D00223984651E70029F4
:10240000B2D0052D00D07FE719213800192500F042
:102410004BFA864226D01421380000F045FA0523F5
:1024200014249A4686421BD0023B9846153D38E755
:10243000042302249846BB089E4200D176E7A246B8
:10244000013D7B089E4200D180E7B74200D0FEE606
:102450000122C8465B46914601250298039E8BE700
:10246000042573E7A846052460E7C8465B46A146F5
:1024700025000298039E7FE750262F0050F80C009D
:1024800020D1FFFFB0710B00001BB700F8B50400AE
:1024900021481E0017000D0000F006FA0100380068
:1024A00000F002FA069B36041B031E432368002B30
:1024B00020DB1A4B1A49E3185A1E934180229201DD
:1024C00094465B421B0B174A1B0363441360164A76
:1024D00013601F000A689743FBD1144B2560E21874
:1024E0002123A06013602368002BFCDA0823E66038
:1024F0001360F8BD3F2322681340AB42D9D1A368D3
:102500001B051B0D8342D4D1EE22E368D202134097
:10251000B342CED1EDE7C046001BB7000040FDBF7F
:1025200008C0004000E0004000F00040043000001F
:102530008023024A9B000B43D36270470080054012
:10254000002310B50100988A1B8B984710BDC04628
:10255000162310B50100188802331B88984710BD58
:10256000F8B54746CE4680B50F1E18D014239946BD
:10257000043304000025012698464B46188843463C
:1025800021681B88984701C4431E984101350640C5
:10259000AF42F2D13000C0BCB946B046F8BD01260A
:1025A000F8E7C046AA23064A1B0113608D235B008F
:1025B000D3600449044B19605368002BFCDA704760
:1025C0000040024000B0FA00006002407047C04680
:1025D00010B50148FEF760FC98AB001070B5074DD0
:1025E000074EB54209D20024013E761BB60808CD3D
:1025F000984723000134B342F9D170BD08AA0010F6
:1026000044AA001070B5074D074EB54209D2002408
:10261000013E761BB60808CD984723000134B3422B
:10262000F9D170BD3CAA001044AA0010054B064A1F
:1026300006491A60064A074B1A6010000B68984357
:10264000FBD1704700E00040BFCDFBFE08C000405A
:10265000FE7F3C0000F00040044BDB6C002B03D1FC
:102660008022034BD2021A607047C046000011500E
:102670004C201150044A054B1A60054A1368DB01CF
:102680008033FBD17047C046FFFFFF0100F00040E0
:1026900008C000404022034B9A675A671A67DA66FF
:1026A0007047C04600F0014010B5FEF7A7FC10BD12
:1026B000F8B52749274C284D641AA6103200302E51
:1026C00000D930222800920000F05EFDBC2C3BD8DF
:1026D00030202F232C196407204A801BE40F9B1BFA
:1026E000052B16D93700002C02D0B300771CEA5016
:1026F000001B33199B004108EB18C900C9181A6068
:102700005A6008339942FAD1012303421CD09843FE
:10271000C619B300EA50731C2F2E15D09B00EA5047
:10272000B31C2E2E10D09B00EA50F31C2D2E0BD084
:102730009B00EA50331D2C2E06D09B00EA50731DDF
:102740002B2E01D09B00EA50054B9D60F8BDC04682
:1027500000010010C001001000000020C1010010A5
:1027600000ED00E0002310B5294C82B0A367FFF70D
:1027700019FF0122274B1A60636C012BFCD1032245
:10278000254B1A60224A936B012BFCD10133009335
:102790000121224A22480433FFF778FE0523012154
:1027A0000093204A2048FFF771FE002202210420F6
:1027B0001E4BFFF7DFFB0022012105201C4BFFF71A
:1027C000D9FB0022002107201A4BFFF7D3FB002280
:1027D00000210820174BFFF7CDFB8023DB0000937F
:1027E000002200210920134BFFF74AFB0022104B67
:1027F00000210620FFF7BEFB0420FFF72FFC0E4947
:1028000000F052F801000020FFF792FE02B010BD68
:10281000008000403CB0004030B00040002F6859BC
:1028200000800240008C864700C00240001BB700B9
:1028300040597307006CDC0240420F00014804213C
:10284000014B1847403C002061250010014B9B685C
:1028500018470000403C0020124A936F9B0815D295
:102860009066D166002905D0FFE7FFE7FFE7516FCB
:10287000106F704704B580210906C2175140002827
:1028800000D0C84308F068F8002104BDF0B5146E0C
:10289000556E576F166FFFF7E3FF1466556657675F
:1028A0001667F0BD000000D0114A936F9B0813D249
:1028B00010665166002905D0FFE7FFE7FFE7516F7B
:1028C000106F704704B5002801D00020C04308F005
:1028D00043F8002104BDC046F0B5146E556E576F25
:1028E000166FFFF7E5FF1466556657671667F0BD6C
:1028F000000000D094464A4A926F9208624601D284
:1029000028E0C046F0B5464E346E756E776F366F70
:1029100000F020F89446424A1466556657671667D9
:102920006246F0BD94463E4A926F9208624601D2DA
:1029300054E0C046F0B53A4E346E756E776F366F20
:1029400000F04CF89446364A146655665767166789
:102950006246F0BD002B24DB11D000293EDA00B521
:10296000C943404200D1013100F038F8C943404228
:1029700000D10131DB43524200D1013300BD002AB6
:10298000EBD1002801D1002905D00020C90FC907CB
:1029900001D1C043410800B507F0C6FF0022002363
:1029A00000BD00B500290ADBDB43524200D10133F0
:1029B00000F014F8C943404200D1013100BDC943C1
:1029C000404200D10131DB43524200D1013300F0DB
:1029D00005F8DB43524200D1013300BD002923D169
:1029E000002B18D1002A0CD0BC460D4F38667A66F1
:1029F00000210023FFE7FFE7FFE77A6F386F6746A4
:102A00007047002801D00748010000B507F08CFF8F
:102A10000022002300BD02000B00002000217047AF
:102A2000000000D0FFFFFFFF002B00D0BFE0130C21
:102A300028D1002AE7D080B4114F39667A66FFE7C3
:102A4000FFE730B4040C7B6F396F1B0423433B66F4
:102A50007A66FFE7FFE7FFE7C04684B27B6F3D6F12
:102A60001B0423433B667A66FFE7FFE7C04600236B
:102A70002C042D0C7A6F386F00196941B0BC704777
:102A8000000000D0F0B594460025140E01D11202CA
:102A90000835140F01D112010435940F01D19200B1
:102AA0000235D40F01D152000135D40B0134254F2A
:102AB0007C66254C3C660E0C93B2FFE7FFE7FFE710
:102AC0003C6F6643360C7703BE467343DF0B5B04F3
:102AD000C01AB941130C7343DB18C91ACE086643F8
:102AE000360CB64493B273431F0F1B01C01AB94191
:102AF000130C73431F0B1B05C01AB941860D8F02BF
:102B00003E436643360C092D24DB520A7243801A79
:102B10007703460A6643360C16235B1BDE40DF4014
:102B2000BF1964466643821B7046043506330100B4
:102B3000D940A840C01900D30131A24206D20023D7
:102B4000F0BD0000000000D0FFFFFFFF121B0130AE
:102B5000F3D3F1E709277F1BFE406446A2B272431C
:102B6000801A00D20139220C7243130C1204821A0B
:102B700099410B007046043513370100F940A84015
:102B8000801900D30131002B02D1A2420AD2F0BD3C
:102B9000013000D30131121BFAD2013BF8D1A2421D
:102BA00000D2F0BD013000D30131121BF7E7F0B5C0
:102BB0001C0C00D080E00CB400251C0A04D11B02C0
:102BC000160E3343120208351C0B04D11B01160FDD
:102BD0003343120104359C0B04D19B00960F334301
:102BE00092000235DC0B02D192185B4101351C00CA
:102BF000971864410134464F7C66464C3C660E0C87
:102C0000FFE7FFE7FFE7C0463C6F6643360C7703FC
:102C1000BE4697B27743C01B00D20139C01B00D219
:102C200001399FB27743C91BC91B170C77437E0438
:102C3000FF0B801BB941CE086643360C0C2D33DBED
:102C4000B644120B1F053A431B0B97B27743C01BC8
:102C500000D201399FB27743C91B170C77433E045A
:102C60003F0C801BB941860D8F023E4366432927E6
:102C70007F1BFE400C3D7746AF40BF1930BCA2B26F
:102C8000ABB272437343801A9941220C7243130C06
:102C90001204801A994102000B000137001BA94160
:102CA000F9D2781E0021F0BD0C277F1BFE4077462D
:102CB0007F0BAF40FF19E0E700245D1C07D0144FE5
:102CC0007D663966FFE7FFE7FFE7FFE73C6F95B2F8
:102CD0009EB265436643401BB141150C1E0C654313
:102CE000664336042F0C3E432D04401BB1419942EC
:102CF00004D202000B0020000021F0BD01D190425F
:102D0000F7D3801A994101349942F2D3F6E70000D3
:102D1000000000D0FFFFFFFF48404140484018B48A
:102D2000134B5B68019308BD18B4114B1B680193EA
:102D300008BD94460F4A926F920805D2624618B4B5
:102D40000B4BDB68019308BD0A4AF0B5146E556E53
:102D5000576F166F6246FFF7F2FF064A1466556614
:102D600057671667F0BD18B4014B9B68019308BD07
:102D700000440020000000D0FFB5504042405040C9
:102D800059404B40594000E0FFB5154F4C00640DD1
:102D900003D0BC4204D10C0314D80020090D09054E
:102DA0005C00640D03D0BC4204D11C030AD800228D
:102DB0001B0D1B0501264B4009D44B4003D58B420C
:102DC00000D18242FFBD9942FCD19042FFBD0B432E
:102DD000DB1803431343F5D0C9434918FFBD000076
:102DE000FF07000000B5FFF7CFFF804100BDC046E0
:102DF00000B5FFF7C9FF01D9002000BD012000BDCB
:102E000000B5FFF7B9FF01D9002000BD012000BDCA
:102E100000B5FFF7B1FF804100BD012040054A0029
:102E2000121804D85A00121801D800207047012047
:102E3000704700000021002805D17047C1174840A5
:102E4000401AFAD0C90713B5064B1B6898470CBC4B
:102E5000441CA2401005120B0349091B0905194324
:102E6000114310BDA47100201F04000010B54C00D8
:102E7000620D8023D218DB00D21A5B057E2A10DD9A
:102E80009E3A13DACC170903490819435242D1403C
:102E9000640001341532202A05DAD040084360432B
:102EA00010BD002010BD0846604310BDC80FC018FB
:102EB000013810BD18B4024B5B6A019308BD0000D5
:102EC0000044002018B4024BDB6C019308BD0000E5
:102ED0000044002010B50148FDF7DEFFA4AB001050
:102EE000132370B51D78012D19D014DD1D48FFF78F
:102EF0002FFB06001C48FFF72BFB1C4C80223100E7
:102F0000200000F041F9022D06D01948FFF718FB08
:102F1000184B186070BD154C174BA364F5E7174BA1
:102F2000124C23606360A360E36023616361A3616B
:102F3000E36123626362A362E36223636363A36367
:102F4000E36323646364A364E36423656365A36547
:102F5000E36523666366A366E36623676367A36727
:102F6000E367D9E7534400005346000000440020C3
:102F70004C330000A4710020812F0010D52E0010CA
:102F800007B5604601880A0A0230DF2AFAD1C9B2C1
:102F9000820804D3028840880004104300E00068DF
:102FA000014A5050039007BD004400205143434361
:102FB000C9188C46110C83B24B4310B4040C614306
:102FC00092B280B2504362431C041B0C001910BC27
:102FD00059411304120CC01851416144704700005C
:102FE0004840414048400E4B5B6818470C4B1B68FB
:102FF00018470C4A936F9B0802D2094BDB681847AD
:10300000F0B5146E556E576F166FFFF7F6FF054A51
:103010001466556657671667F0BD014B9B681847E5
:10302000A8710020000000D0491A002808D10846E5
:1030300070470000C10FC90700D54042002817D0D3
:10304000F44603B40B4B1B68984706BC81409E387E
:103050004042803107D20B0607D04900490AC0051B
:103060001043084360470130F8E7490A8902F5E751
:1030700070470000A4710020014B5B6A18470000F4
:10308000A871002010B50148FDF706FF5CAC0010E8
:10309000132310B510481C78FFF75AFA0100012CD1
:1030A0000AD003DD80220D4800F06EF80C48FFF7CF
:1030B00047FA0C4B186010BD084C5422200000F059
:1030C00063F82200084980322368002B00D1216078
:1030D00004349442F8D1E9E753460000A871002077
:1030E0004C330000A47100208530001070B504003E
:1030F0000A4E300007F078FC200006F04FFF050074
:10310000300007F009FC002D05D0054B2C199C421E
:1031100001D8280070BD0348FDF7BEFE0042002024
:1031200000000420BCAB0010F8B506000C000C4FEA
:10313000380007F059FC2100300006F0CFFE0500F2
:10314000380007F0E9FB7443002D05D0054B2C191E
:103150009C4201D82800F8BD0348FDF79DFEC046FB
:103160000042002000000420BCAB001001480421F4
:10317000014B1847503C002061250010014B1B6893
:1031800018470000503C0020014B5B6818470000C6
:10319000503C00209A4200D2885470477047C04685
:1031A000F8B55746DE464E464546E0B599460A9B79
:1031B00007009A460D9B884693460B9C9B073BD184
:1031C0000C9B9C423DD21E1B0B9415000C005E44D0
:1031D0002A004B46013521002020B847B542F7D1DF
:1031E000A0460B9C002C20D0454636195346321B76
:1031F000013C185D29004B46B847002CF6D12B0046
:10320000350098460D9B9B070FD55B46EC1A0C9B2F
:10321000A3420AD9464698462A004B463100202050
:103220000134B84701354445F6D32800F0BCBB460D
:10323000B246A946A046F8BD16001500002CD3D111
:10324000E0E716001500002CCED1EEE7F0B54546BC
:10325000DE4657464E46E0B585B09C4610AB1B781F
:10326000149F934698460F9C129E139DBB074CD407
:10327000002D42D1B44248D201233B4099460E9BD7
:10328000013B9A46302304E0524601341355A642CE
:1032900001D9202CF8D14B46002B00D183E00E9BA6
:1032A000013B99463023A54205D82EE04A46013419
:1032B0001355AC4229D0202CF8D1FB060CD57B0548
:1032C00054D4A64263D0A54261D0119B102B50D09C
:1032D000022B57D0202C32D1202301930E9B5A462B
:1032E0000093039763460295FFF75AFF05B0F0BCC1
:1032F000BB46B246A946A046F0BD01233B409946D5
:1033000001233B422AD1B442B9D3FB061CD57B052D
:10331000DBD4002CD5D1119B102B5BD0119B022B41
:103320006BD0302301240E9A13704346002B10D12A
:103330007B073ED52B260E9A631C1655CDE723003E
:10334000013430260E9AD654202CC5D04346002B8B
:10335000EED02D260E9A631C1655BEE74346002B71
:103360002FD0013DB44200D289E798E7119B102B82
:10337000B2D1BB0637D5202CAED058230E9A1355A8
:103380000134A7E7202CA7D02300013407E0631EF7
:10339000012CC0D0119A102A31D0022AD1D1622634
:1033A0000E9AD65496E7FB06CED57B0500D488E767
:1033B0008BE723003E0790D520260E9A0133165541
:1033C0008BE70C233B405A1E9341ED1AB44200D2C6
:1033D00055E764E7BB060ED478230E9A02241370D7
:1033E00030235370A1E7202C00D175E778230E9A83
:1033F000135501346EE75823EFE76033EDE70E9A7B
:10340000A61E91464E44BA0602D55822327098E75D
:103410007822327095E7C04610B5002800D110BD63
:1034200001F092FCFBE7C0460B0010B5002802D06B
:1034300049681B68984710BDF0B55746DE464E46B2
:103440004546E0B595B083460F00924698461E9AD1
:103450001F9B10001900209EFFF7DFFC002800D002
:10346000EAE11E981F990122C54B5242FFF7BAFCB0
:10347000002800D014E11E981F990122C14B52422E
:10348000FFF7C6FC002800D0E9E01E981F99002233
:10349000BD4BFFF7BDFC002800D0C8E01E981F9967
:1034A0000022BA4BFFF79EFC002800D0BFE01E9818
:1034B0001F9900220023FFF795FC002800D0E4E0CC
:1034C00000230B93229B5B0500D4062600243023A7
:1034D00007E0172106AA013452181355013E202C8B
:1034E00001D0092EF5D81E981F99FFF7BFFCA84BF5
:1034F000F2009B181A685B68050008920993FFF7B1
:103500009DFC02000B001E981F99FFF708FC089A0B
:10351000099BFFF728FC06900791FFF7CBFC81463B
:10352000FFF788FC02000B0006980799FFF7F7FBEE
:103530000022984B06900791FFF76AFC002800D103
:103540000DE101239C46E1444846FFF773FC02006D
:103550000B0008980999FFF74BFC002802D00023C4
:1035600099460135002E00D1D9E006954D46B94661
:1035700014E006AA944617230A2163442800013464
:103580001F19FFF791F93031397028000A21013EE7
:10359000FFF78AF9092D00D817E10500202CE8D1A2
:1035A0004F46069D20240CAE06AA1723944663447A
:1035B00099465B46B34606930FE04B4628000A2126
:1035C0000134E618FFF748F93031280031700A213C
:1035D000FFF742F9051E00D1E4E0202CEDD1069B57
:1035E0005E469B460323229A1340012B18D1219B50
:1035F000002B15D00B9B002B00D1FDE0219B013B44
:103600002193202B0CD93023219A07E0172006A9FB
:10361000013409180B55944200D3CCE0202CF5D18D
:10362000229B01940393219B0096029322E0229B0C
:1036300052460493219B3900039358461E9B1F9CBE
:10364000029600930194434600F04AF904002000DA
:1036500015B0F0BCBB46B246A946A046F0BD229BC1
:103660005B070FD403224C4B2299019203912199BD
:10367000009302914346524639005846FFF790FDA9
:103680000400E4E70422454BEEE71E9A1F9B00204E
:103690000021FFF744FB01231E901F910B9311E7BC
:1036A000229B54469B0711D1219B042B0ED9219BB1
:1036B00055469C465E46043C64442A004346013518
:1036C00039002020B047A542F7D1B346344D26003B
:1036D0002B1F99465B46A3461C003200E878434600
:1036E0003900013DA04701364D45F6D123005C4627
:1036F0009B46229B04349B07A9D55346219AE31A83
:103700009A42A4D95E461500220043463900202083
:10371000B04753460134E31A9D42F5D897E7280095
:10372000FFF78CFB02000B001E981F99FFF7F7FABA
:103730000022184B06900791FFF754FB0CAE0028AF
:1037400000D031E7069807990022124BFFF760FB83
:10375000002800D028E7012301359D4324E70022FB
:10376000069807990B4BFFF73DFB002800D0F9E6C0
:103770004B46002B5CD101239C46E144F2E6C04657
:10378000FFFFEFFFFFFFEF7F65CDCD4165CDCDC1E1
:1037900080B000100000E03F20AC001018AC00101A
:1037A00028AC0010069B5E469B460323229A1340DA
:1037B000012B00D181E0202C00D131E70B9B002BA5
:1037C00027D02D23335501342AE74F46069D202C60
:1037D00000D1E7E63022331907E0172006A90134AB
:1037E00009180A55202C00D1DCE6A342F5D12E227F
:1037F0000CAE0134F254D7E60C23229A134257D070
:10380000219B013B2193A34200D9FCE6202C00D14F
:1038100006E7229B5B0703D52B2333550134FFE6D4
:10382000229B1B0700D4FBE6202333550134F7E627
:10383000DB0700D496E69EE7229B55469B0711D1F5
:10384000219B032B0ED9219B54469C465E46033D8B
:10385000654422004346013439002020B047AC4281
:10386000F7D1B346B9465F461C4EEC1C2A00B0782F
:10387000434649460135B847013EAC42F6D1229B4A
:10388000BB464F469B0700D4E1E65346219AE31A14
:103890009A4200D8DBE65E46150022004346390016
:1038A0002020B04753460134E31AAB42F5D3CEE6AD
:1038B000219BA34200D9A6E6B2E6219B002B00D1B2
:1038C00079E70B9B002B97D0219B013B21939C42D6
:1038D00000D298E6202C00D073E7A1E624AC0010BB
:1038E000F0B5DE4657464E464546E0B599B08146AE
:1038F0008B4692469846229A239B10001900FFF7A8
:103900008CFA002800D0CAE0229823990122824B29
:103910005242FFF77DFA002800D0C0E02298239998
:1039200001227E4B5242FFF75DFA002800D0B6E03C
:103930002298239900220023FFF754FA002800D090
:10394000C9E1229B239C0893099408980999802334
:10395000269ADB001A400D928022269C1201144008
:1039600022000B94269C07000E001C4200D0ADE004
:103970000B00034300D0D5E0002A00D00AE2220069
:1039800006332493022313400C930223134200D0E6
:1039900002E2259B042B00D20FE2043B0B93002391
:1039A00004250A930022229823990023FFF71AFA8C
:1039B000002800D003E25A4B269A134004930B9B35
:1039C0000393249B0293089B099C009301945946FE
:1039D000434652464846FFF72FFD02002020269B13
:1039E0001F27034059424B415B421840531C089328
:1039F000594643464530C8470A9AD317D4185C4005
:103A0000D30F0A936B1E0B9308AB9C4600256744AB
:103A100001E0202D0FD020000A21FEF745FF0135DF
:103A20007E193031317020000A21FEF73DFF26005B
:103A30000400092EEDD8052306930B9B59460593E8
:103A4000002304930A3303930A9B4846029310AB66
:103A50000093089A43460195FFF7F8FB0C9B002B57
:103A60002DD05346C41A259BA34228D94D465F4604
:103A700081461E00534639001A192020434601345E
:103A8000A847A642F6D8534648462599C21A01329D
:103A90000023914200D386E1013018180FE0269BE5
:103AA0000493259B0393249B0293229B239C0093C6
:103AB00001944346524659464846FFF7BDFC19B0AB
:103AC000F0BCBB46B246A946A046F0BD01432BD18F
:103AD0000B9B2200002B00D154E700230A93249B68
:103AE0000A9A0024934200DD85E12298239900225E
:103AF0000023FFF777F9002800D035E1269B084A1C
:103B000002941A408023DB0013430493259B039304
:103B1000089B099CCBE7C046FFFFEF7FFFFFEFFF4D
:103B2000FFF7FFFF06232493B44B70009C46400D23
:103B30006044FFF783F9B24AB24BFFF714F9B24A77
:103B4000B24BFFF7F1F83603B14B360B33430400A9
:103B50000D00380019000022AE4BFFF7E0F8AE4A26
:103B6000AE4BFFF700F902000B0020002900FFF721
:103B7000DBF8FFF77BF90A90FFF760F9A84AA94B39
:103B800004000D00FFF7EFF80022A74BFFF7CCF879
:103B9000FFF76CF9A54A0600A54B20002900FFF7A6
:103BA000E2F8040030000D000C96FFF747F9A14A37
:103BB000A14BFFF7D8F802000B0020002900FFF707
:103BC000AEF802000B0006000F00FFF7CCF8320041
:103BD00004000D003B0030003900FFF7A5F800227B
:103BE0000E900F91954B20002900FFF7A2F80022BC
:103BF000934BFFF799F802000B0020002900FFF714
:103C000098F800228F4BFFF78FF802000B0020007E
:103C10002900FFF78EF80D008021040032003B00E0
:103C20000020C905FFF77BF802000B0020002900E7
:103C3000FFF77AF802000B000E980F99FFF779F85A
:103C40000022734BFFF770F87F4B0C9C9C4664443A
:103C500000222305FFF787F806000F0002000B0083
:103C600008980999FFF7BEF800280AD00A9B30008F
:103C7000013B39000A930022714BFFF75AF8060006
:103C80000F000A9A330063323900C62A12D8022282
:103C90002698042510400B9A0C90002A25D1259BCC
:103CA000042B05D9002800D0A1E0259B043B0B93F1
:103CB000042541E00222269810400B9A0C90002A1D
:103CC00012D1259B052B76D9002872D1259B05257D
:103CD000053B0B9334E0802212069446229B089306
:103CE000239B6344099330E605250B4300D1F6E698
:103CF00008980999554A564BFFF782F8002808D0D2
:103D0000089809990022534BFFF76CF8002800D05F
:103D1000E5E6249B002B1CD00D9B002B19D0249B87
:103D2000013B2493259BAB4204D90C9B002B5AD01A
:103D300002230C9300230B930A9B002B00D131E646
:103D40000898099932003B00FEF7F3FF08900991AB
:103D500028E6259BAB42EDD90C9B002B43D00023DA
:103D60000B9302330C93E7E78020269B3A4A000628
:103D70001A40802384460294089C099D2900DB0098
:103D800013430493259B6144220003930B0000928C
:103D900001938EE60524A8E600230B930A930233D1
:103DA00004250C93FEE553468C46013B63441B1AE5
:103DB00072E602230C930525C2E70423EDE580207B
:103DC000089E099F000639008446269A224B6144CA
:103DD000134004930B9B32000393249B02930B002C
:103DE00000920193F3E5259B5B1B0B93A4E7022351
:103DF00004250C93A0E79C1A013C76E601FCFFFF2A
:103E0000FB799F501344D33FB3C8608B288AC63FC9
:103E10000000F03F0000F83F61436F63A787D23F87
:103E200071A379094F930A400000E03F1655B5BBD6
:103E3000B16B0240EF39FAFE422EE63F00002C4003
:103E40000000244000001840FF0300002D431CEB3D
:103E5000E2361A3F80842E41FFF7FFFFF0B5DE46C1
:103E600057464E464546E0B5A5B01E002E9B9246ED
:103E70000C93CD4ACD4B80468B461A60002900D169
:103E8000EAE1002330789946002800D1ECE1C84BE4
:103E90004C460B93C74B454657460E930AE0631CAE
:103EA000984622003B005946A847444630780028EF
:103EB00000D187E001362528F1D108239A46043B3A
:103EC0009946023B9846013B00229C460D9430786F
:103ED000711C0300203BDBB2102B03D80B9C9B0012
:103EE000E3589F460300303B89460D9C092B3AD985
:103EF000002398462A2800D1C1E000239A462E28A4
:103F00004BD00300683BDBB2122B1ED80E999B00EE
:103F1000CB589F4663460E001A43D8E743460E002F
:103F20001A43D4E74B460E001A43D0E710230E0085
:103F30001A43CCE753460E001A43C8E780235B00C0
:103F40001A43FF3B9C467078E1444E4667284FD8A1
:103F50002428A4D90300253BDBB2422B9FD89649E5
:103F60009B00CB589F46002394461E0000E0013181
:103F7000B3009B195B001E180878303E0300303BED
:103F8000092BF4D90123624689469C460023B0469A
:103F90009A460E00E1442E28B3D1302180204942B8
:103FA0008C46C000024370784B4684446146092920
:103FB00000D86CE12A2800D17AE101239C464E46C4
:103FC000E1449EE7A146A846BA46CA4503D8012364
:103FD0005B425344994653464A4659460020C047DF
:103FE000200025B0F0BCBB46B246A946A046F0BDB5
:103FF0000300693BDBB20D930F2B00D94FE7012182
:1040000099408C466D49894661464B4619400F914F
:10401000634649460B4200D028E10D9B0A2B3AD05B
:10402000072B00D03BE70C9B190008C98846002BE2
:1040300000D14BE121200243914614A98C461F2256
:104040000F2162448C4651460D950C91A2461500F5
:104050000F9902E020290CD0130064461C40200078
:104060003730092C00D80738013168541A090F2B52
:10407000F0D80C9B54460D9D9A460F9133E10C9B52
:1040800002CB8846002947DB0C9301239C467078BD
:104090004E46E14431E70C9B02CB14935346002B70
:1040A00000D138E19C4608780B000C908C44002825
:1040B00001D100F098FC89466146944603E05A78A5
:1040C0000133002A01D08B42F9D1494662465B1A7E
:1040D0000C900F93530500D520E1022318001040E7
:1040E0000D90134200D1CBE30D930B1BB1469A46C2
:1040F0005E460C9822003B003100A847534601342D
:10410000185D0028F6D1B3464E460D9B002B00D01B
:10411000C7E1149B0C93C9E60C9301239C462838F5
:1041200049420243884670784E46E144E5E670789D
:104130006C2800D17FE180235B001A43FF3B9C4643
:10414000E14402E780239B001A4301239C467078D8
:10415000E144FAE67078682800D173E180231A43BD
:104160007F3B9C46E144F0E6672800D103E1472805
:1041700000D15AE1452800D15AE104920721424674
:104180000C9B0392073352468B43190002920CC9D1
:104190002800009201930C9122003B005946FFF742
:1041A0009FFB040082E6C0465D3E0010745700206D
:1041B000E4AE001028AF001074AF00104190000072
:1041C000462800D1DBE00492072142460C9B039273
:1041D000073352468B43190002920CC92800009203
:1041E00001930C9122003B005946FFF725F904008A
:1041F0005CE6631C984622003B0059462520A847F0
:10420000444653E60C9B04330D93631C9946920776
:1042100000D422E10C9B2200187859463B00A847A5
:1042200043464444012B00D885E23300B8462E00B3
:104230005F4625004C46994622004346013439002A
:104240002020B047AC42F7D12C00BB463500474692
:104250004E460D9B0C9329E6DB4B307898460023A5
:104260009946002800D012E60024AEE66F2800D15F
:1042700088E000D80BE31023782800D1CFE09A43E0
:104280000A239C4600230F930A330D9380E0564681
:10429000B1008919490001330E181878303E010029
:1042A00030390929F4D9B2461E000133994628E66F
:1042B0000C9B023602CB8A46C9435046C9170840B8
:1042C00082460C933078731C99461AE6102310002E
:1042D000984311331843814680201300C0000340E7
:1042E000024200D1A9E64B460693082305935346A4
:1042F000049310230393002302930F9B2200019346
:104300001CAB009359463B002800FEF79FFF434635
:1043100004000C93CAE501235B42C3E60F9B53459F
:1043200001D953460F930223180010400D901342F9
:1043300000D1B7E10D93D1460B1B9A463300A1443F
:104340002E0022004D460C98B9465F469B4608E079
:104350004B463900541CB0475346185D002877D0AF
:1043600022009542F4D15B46BB464F46A946350034
:104370004C461E00C9E680231B011A43FDE620239C
:104380001A4320E708239C4600230F9308330D931C
:1043900080231100DB0019401A4200D116E10D23E1
:1043A0009A431000802302009B001A401492184286
:1043B00000D0C2E1802302005B001A4091460C9AB3
:1043C00004320F92184200D0B7E2430600D59FE1B5
:1043D000030600D419E30C9B1B880993002B00D023
:1043E000FCE110339843002900D1F7E100239946FE
:1043F00043460593534604930D9B06900393002375
:10440000D2E0582808D0622867D102239C460023B6
:104410000F9302330D93BBE720231A43103B9C46B6
:1044200000230F9310330D93B2E780231B011A432F
:1044300020231A43A1E6C0239B001A43F31C99468C
:10444000B07882E5C0231A43F31C9946B0787CE526
:1044500035005E46BB464F4657E64346012B00D823
:1044600063E1631E43449A463300B9462E005F461B
:1044700055469B46A24622004B4601343900202077
:10448000B047AC42F7D135005E46BB464F46A14629
:1044900054460C9B4A46187859463B004444A8476A
:1044A000D7E6A1460F9B984500D832E64444E41A6B
:1044B0003300B8462E005F4625004C469946220040
:1044C0004346013439002020B047AC42F7D12C00DC
:1044D000BB46350047464E461BE680231000DB00F6
:1044E00018401A4200D10FE1112118008A430D92A1
:1044F0000D9A802311009B0019408C461A4269D105
:10450000802311005B00194089460C9904310F91FA
:104510001A4200D0CAE113005B0600D5F0E0130098
:104520001B0600D459E20C9B00229B5ED9175A1837
:104530004A4092B2D90F0C91002B00D1F9E1100042
:1045400014AA944642461F23149252466344A84636
:1045500016944D460400B946B2461F00159201E07C
:10456000202D0FD020000A21FEF79EF901357E197B
:104570003031317020000A21FEF796F92600040040
:10458000092EEDD8149B4F46A94645469846159BE3
:1045900056469A46169C0D9B0693434605935346F2
:1045A00004930A2303930C9B02934B4601931CAB89
:1045B0002200009359463B002800FEF747FE0F9B60
:1045C00004000C9372E4C0469D3100100C239A4302
:1045D0001000E7E607220C9B073393430132944611
:1045E0009C4462460C920CCBD90F0F9111001943D9
:1045F00000D191E0D9171391129151401091139964
:104600005940119110981199129A139B801A99414F
:104610001090119114AA0023944642469946149290
:1046200052461F336344A846B24616944E46109C29
:10463000119DB94615921F0001E0202E10D02000D8
:1046400029000A220023FEF76DF9013630322B00D3
:10465000BA550D0022000400002BEED1092AECD837
:10466000149B1094119545469846159B4F46B146AC
:1046700056469A46169C0D9B069343460593534611
:1046800004930A2303930F9B02934B4601931CABA5
:104690002200009359463B002800FEF7D7FD040096
:1046A000FFF704FC0F9B984500D8C1E18023DB0095
:1046B0000D9343460F9A1B199B1A994633002E00FF
:1046C0004D46B9465F469B460C9122004B4601344D
:1046D00039002020B047AC42F7D143460C99013352
:1046E0000F930B7835000C935E46BB464F46002B6C
:1046F00000D10EE50D9B002B00D1F6E4002319E656
:104700000C9B1B781A0015E710239A430D92EFE6D5
:104710000C9B1B78099361E6002399460028AAD1D7
:10472000002200231092119374E70C9B220018784A
:1047300059463B00A8474C468BE50C9AFA3BFF3B99
:1047400007329A430133994691444B460C931368C0
:10475000526815921A4306D11032904300220992F2
:10476000002900D081E06122810600D54122D2B229
:104770000A9214AA91460A9A00210A3A14924246D1
:104780001792524618925A460991B3461F311E009D
:104790000F9B4944BA4619941A95002467469846D7
:1047A0008946159D16901B920AE03032D2B24B46D4
:1047B00001341A55A8454AD0202C4AD006000D00D5
:1047C0003A00002330002900FEF7ACF8D2B2092AE3
:1047D000EBD9149B9C466244D2B2E8E7612382067F
:1047E00000D54123DBB20A3B0C93434614A91F2298
:1047F0008C46159353466244A046B2464C461797E2
:10480000A9461700099D0D9E1490169308E03033B9
:10481000DBB201343B55B5420ED3202C0CD0050041
:1048200031002800FEF740F8CBB20929EFD90C9AE5
:1048300094466344DBB2ECE7159B4D46A1464446E3
:104840009846169B564614989A46179FD0E5B7424D
:10485000B2D9179B57469846189B5E469A461B9BB3
:1048600009949B461698199C1A9D434605935346F6
:1048700004930D9B0690039300230293099B05E785
:104880000F9B984500D914E701330F932DE41023B3
:10489000110099430D91692800D0BAE080231000DF
:1048A000DB0018401A4200D122E61DE60C9B1B6873
:1048B000DA0F1100002B00D18CE0DA179818504065
:1048C00014AA914642461F23149252464B44A046D6
:1048D000A946169704006546B2461F000C91159232
:1048E00001E0202D0FD020000A21FDF7DDFF01356A
:1048F0007E193031317020000A21FDF7D5FF2600E6
:104900000400092EEDD8149B444698460C9BAC46F7
:104910001900159B56464D469A46169F0D9B0291CF
:10492000069343460593534604930A230393634631
:104930003CE6002800D02EE602E60C9B1B68994658
:10494000002B03D110339843002938D1612382060C
:1049500000D54123DBB20A3B0C93434616935346E2
:1049600014A91F228C4617932B006244A0464D4683
:10497000B246189799461700149C0D9E159008E0B2
:104980003033DBB201343B55B5420ED3202C0CD072
:10499000050031002800FDF787FFCBB20929EFD9C8
:1049A0000C9A94466344DBB2ECE7169B149444469D
:1049B0009846179B56464D469A461598189F43466B
:1049C0000593534604930D9B069003930023029393
:1049D000149BEBE50028A1D172E70C9B1B68D9174B
:1049E0005A184A40A6E580231000DB0018409C4678
:1049F0000F901A420FD00220030013400F93104271
:104A000019D00023A1460F934CE50C9B1B6809931A
:104A1000E4E40A0034E40223180010400D9013422D
:104A200000D03EE54346002B00D042E6FFF771FB85
:104A300001330F937FE463460D93F3E70EB4012235
:104A400030B584B007AC08CC064D010000942800B6
:104A500052420394FFF702FA04B030BC08BC03B022
:104A60001847C0469531001010B50C0084B003946F
:104A7000012402A902900093034813006242FFF749
:104A8000EDF904B010BDC0462934001010B5094A34
:104A90000300146884B0002C08D00122009106485D
:104AA000524203A9A047012004B010BD00F096F9BE
:104AB0000020F9E7745700201934001000BEFDE70C
:104AC000094A03001068002805D00849C3188B4222
:104AD00007D81360704706480449C31810608B421A
:104AE000F7D901204042F5E75C5300200000042084
:104AF000D072002010B5FFF7E1FFC04670B5FDF79A
:104B00006DFD074D074EB54209D20024013E761BCC
:104B1000B60808CD984723000134B342F9D170BDDF
:104B200044AA001048AA0010030010B508001100A4
:104B30001B68984710BDC046F0B5C64600B5437D1A
:104B400007000C001600002B46D0002A17DD0B785A
:104B50000A2B24D000239846012E13D001252900CA
:104B6000635C01350A2B26D0B542F8D1464509DCF5
:104B7000A419013C23780D3B5A4253413B7580BC3C
:104B8000B846F0BD4346E018A419F11A013C3B6851
:104B9000984723780D3B5A4253413B75EFE7037D1D
:104BA000002BD7D102210F483B689847012EDFD058
:104BB00001239846D2E7631E5B5C0D2BD4D0884559
:104BC00004DA4346C91AE0183B68984702210548B1
:104BD0003B68A8469847C7E703681100200098473C
:104BE000CDE7C046D0B00010F0B5C6460B68060051
:104BF0000C0000B5802B06D05A1C2260E4182671E8
:104C000080BCB846F0BD0F4B1D68002D16D00B1DA3
:104C100098460D4F02E02D69002D0FD02B68002B18
:104C2000F9D03B68002B01D0AB42F4D128004146BB
:104C30002268FFF781FF2D69002DEFD101220023AB
:104C4000DBE7C046405300204C530020F0B54546FA
:104C5000DE464E465746E0B583B091461C0080467E
:104C60000D00FDF771F80023304A12184B41002B5C
:104C700002DA01222E4B52422E4908008A4605F0E4
:104C800083FE07006B1C03D1404605F0B1FC050014
:104C9000002C27D0284E294B1C68002C18D04B46DE
:104CA000002B21D1264B994602E02469002C0FD01D
:104CB0002368002BF9D04B461B68002B01D09C4287
:104CC000F3D120002A004146B0472469002CEFD1DF
:104CD000002F26D1280003B0F0BCBB46B246A9463F
:104CE000A046F0BD174ED6E7154B99460A239B46C2
:104CF00002E02469002CEBD02368002BF9D04B464E
:104D00001B68002B01D0A342F3D12A0041462000AA
:104D1000B0476B465A462000DA71D91D0122B047D0
:104D2000E7E7504605F0F8FDD4E7C04640420F00E3
:104D3000FFFFFF7F08420020394B00104053002046
:104D40004C530020294B0010F0B5CE46474680B5A5
:104D500083B06B460600DD1D2870FCF7F5FF0023CD
:104D6000194A12184B41002B02DA0122174B52420A
:104D700017490800884605F007FE164B81461C6857
:104D8000002C14D0144F02E02469002C0FD02368AB
:104D9000002BF9D03B68002B01D09C42F4D12000BD
:104DA00001222900FFF7C8FE2469002CEFD14B46F1
:104DB000002B05D1300003B0C0BCB946B046F0BDF1
:104DC000404605F0A9FDF5E740420F00FFFFFF7FD9
:104DD00008420020405300204C53002070B50400CE
:104DE00005F006FC01230100050001222000FFF769
:104DF0002DFF084B1C68002C06D06368002B05D0E3
:104E000098472469002CF8D1280070BD2469002C33
:104E1000F3D1F9E740530020F0B5CE46474680B5C0
:104E2000A3B004000D00FCF78FFF0023274A1218DF
:104E30004B41002B02DA0122254B5242254E300015
:104E400005F0A2FD00232200019307002B00224859
:104E500001A9FFF709FE214B804699461C68019B7A
:104E6000002B1AD0002C2FD01D4D02E02469002CFD
:104E70000FD02368002BF9D02B68002B01D0A34260
:104E8000F4D12000019A02A9FFF756FE2469002CF4
:104E9000EFD14B461C6800230193002C06D06368B9
:104EA000002B0BD098472469002CF8D1002F07D194
:104EB000404623B0C0BCB946B046F0BD2469ECE71B
:104EC000300005F029FDF3E70194EFE740420F00C1
:104ED000FFFFFF7F08420020E94B001040530020F5
:104EE0004C5300200FB400B583B004A901C901914F
:104EF000FFF792FF03B008BC04B01847F0B5D646E0
:104F00004F4646461500C0B504000E003022002171
:104F100082B02800FEF732F9524A01209446737895
:104F200063441B052360F378984000F0BDFEB17820
:104F3000F77889464C4911238846F9028C46414648
:104F400060469A462268494B0140D3181B0DDB008E
:104F50004B44DB030B4351460B434946081DA0213C
:104F6000C9058C4680001018BA01624413613D4B9C
:104F700050609C464B467078E760604400052060B6
:104F80006360337963441B05236173796361B3798B
:104F9000E3613378AB70F27B002A59D10133DBB285
:104FA000EB70EB78324B334F9C46334B61462764B2
:104FB000E16363642A73B3894946238700F036FCB2
:104FC0006169206900F032FCE169206900F02EFC83
:104FD0002A003100200005F08FFCA8780121C0B222
:104FE000FBF732FFE8780121C0B2FBF72DFFA8786C
:104FF0000321C0B2FBF738FFE8780321C0B2FBF70A
:1050000033FF0121282300222970EA546A461B4BF2
:1050100001A81B49938005F077FC6A465A2301A832
:105020001849537105F070FC6A461E2301A8164901
:10503000537105F069FC3C236A46144901A8537179
:1050400005F062FC02B0E0BCBA46B146A846F0BD2D
:10505000013BDBB2EB70AB78074B0D4F9C46044B2A
:10506000A4E7C04602050000FF7FE0FF0000E0AFBC
:10507000302200201C2200200822002080D2FFFFC6
:10508000045300207C570020BC7200209C7100203B
:10509000F4210020F0B53F4C0500227883B0002AAF
:1050A00008D030220120A25C4042002A01D003B087
:1050B000F0BD3034A57000295ED06B1EDBB2E3700A
:1050C0000122280021730021FBF774FEE078012201
:1050D0000021C0B2FBF76EFE2F4B304E9C4631686C
:1050E00028006144090D0631C9B2FBF749FE2A4B7D
:1050F00031689C466144E078090D0631C0B2C9B2FE
:10510000FBF73EFE01212800FBF768FEE078012155
:10511000C0B2FBF763FE03CE2E00E378DBB2203E85
:1051200032D40122B24001263700AF401D00203D9D
:1051300026D4AE400125324301922A009A401743FB
:1051400000230022009700F0B1FCA0780121C0B23A
:10515000FBF77AFEE0780121C0B2FBF775FEA0787C
:105160000321C0B2FBF780FEE0780321C0B2FBF759
:105170007BFE002025709AE76B1CDBB2E3709FE793
:105180002025ED1AEE40D5E720260122761BF240BD
:10519000C9E7C0462C7100200000E0AFA0570020F6
:1051A000F0B5C646060000B5674D684C2A0084B0CD
:1051B00031002000FFF7A2FE022305202B74FCF72C
:1051C0004DFFFDF731FF6249051CFDF712FFEC2191
:1051D0008905FDF70BFF8046FDF74EFF87B20020E3
:1051E000002F0DD03800FDF71FFF011C4046FDF7D2
:1051F000FAFE8721C905FDF710FFFDF73DFFC0B29C
:105200004A23E054023BE7525249281CFDF7F1FEC5
:10521000EC218905FDF7EAFE8046FDF72DFF87B2F8
:105220000020002F0DD03800FDF7FEFE011C404687
:10523000FDF7D9FE8721C905FDF7EFFEFDF71CFF3D
:10524000C0B25223E054023BE7524349281CFDF709
:10525000D0FEEC218905FDF7C9FE8046FDF70CFF65
:1052600087B20023002F0DD03800FDF7DDFE011CB2
:105270004046FDF7B8FE8721C905FDF7CEFEFDF7D4
:10528000FBFEC3B24E22A3544C233449E752281CE0
:10529000FDF7AFFEEC218905FDF7A8FE071CFDF721
:1052A000EBFE85B20020002D0DD02800FDF7BCFEDE
:1052B000011C381CFDF797FE8721C905FDF7ADFEDF
:1052C000FDF7DAFEC0B256230421E054244A023B23
:1052D0002448E55205F030FB234B00211870234A87
:1052E000002005F029FBB37B002B0ED0204B186863
:1052F000204C2378002B03D100280FD101232370E9
:105300001D4804B080BCB846F0BDB068184C2060A1
:10531000002811D0174C2378002BF1D100230193E2
:105320000123164A5B420292154A0092154AFCF785
:1053300063FC01232370E3E7FCF7F0FC0122022168
:10534000FCF76AFA2060D3E72C710020A0570020F8
:10535000001B374C001BB74A001BB74C001B374BD8
:10536000B0720020603C0020CB72002070570020FB
:1053700088460020CC7200207C5800200045002088
:10538000BD2B002018FCFFFF012210B544000D4B7F
:1053900024182401E418E273A0780221C0B2FBF7BC
:1053A0002FFDE0780221C0B2FBF72AFDA07803218F
:1053B000C0B2FBF737FDE0780321C0B2FBF732FD46
:1053C00010BDC0462C71002010B544000F4B2418AE
:1053D0002401E418A0780021C0B2FBF723FDE07897
:1053E0000021C0B2FBF71EFDA0780021C0B2FBF780
:1053F00007FDE0780021C0B2FBF702FD6420002128
:10540000FCF7ACFC0023E37310BDC0462C710020F8
:10541000BC220C4B520170B5002600259C1802E0FE
:10542000BC339C420DD01A788242F9D15A788A4214
:10543000F6D1DA88002AF3D0DE805D73BC339C425B
:10544000F1D170BDAC590020F0B5C64600B5984604
:105450009378170005000E009C465B0618D0BC220E
:10546000264B52011C009A1802E0BC34A2422AD0FA
:1054700020788542F9D161788E42F6D1E188002901
:10548000F3D021798C45F0D1012080BCB846F0BD25
:10549000BC221A4B52011C009A1802E0BC34944200
:1054A00011D020788542F9D161788E42F6D1E18819
:1054B0000029F3D021798C45E6D021794906E3D043
:1054C000BC349442EDD11C00BC235B01E21802E025
:1054D000BC34A24210D0E388002BF9D1390020005F
:1054E00005F06AFA43462570A3706670BB78DB430B
:1054F000DBB2DB09E370C7E70020C6E7AC59002048
:10550000F8B50E001100BC22134B52017F279D18E5
:1055100002E0BC33AB4219D01C78A042F9D15C78D0
:10552000A642F6D1DC88002CF3D01A79002A02D0EA
:105530001A791742EDD100202D2218710130DA724C
:10554000D870253A180005F00FFAF8BD0348FFF7A8
:1055500045FC0020F9E7C046AC59002030AC0010F3
:10556000F8B505006846008B1F4C8446BC204001FE
:10557000271850061BD002E0BC34BC421ED026784F
:105580002000B542F8D16678B142F5D1E688002E08
:10559000F2D02679B242EFD16246190005F0E4F963
:1055A000F8BD6678B1420FD0BC34BC4206D0267834
:1055B0002000B542F5D0BC34BC42F8D111000B48F4
:1055C000FFF790FC0020EBE7E688002EECD0267970
:1055D000B24202D026797606E6D1227151424A4182
:1055E000E2700122E272D7E7AC59002048AC00100B
:1055F00070B553062DD0BC24284B64011E1902E05F
:10560000BC33B34240D01D781C00A842F8D15D786D
:10561000A942F5D1DD88002DF2D01D79AA42EFD143
:10562000637B002B34D00123E373637B002B06D113
:1056300008E00120FCF7C6FB637B002B02D0A37BB4
:10564000002BF6D1637BD8B2002B23D10023E37368
:1056500070BDBC24114B64011E1902E0BC33B3427F
:1056600012D01D781C00A842F8D15D78A942F5D16E
:10567000DD88002DF2D01D79AA42D1D01D796D06AA
:10568000CED0BC33B342ECD111000548FFF72AFC61
:105690000020DDE700236373D8E7C046AC59002043
:1056A00048AC0010F0B5002910D00024FF26084AAD
:1056B000084F035D150A534033405B00FA5A01342A
:1056C0006A408C42F5DBD04380B2F0BD0020FCE79D
:1056D000FFFF0000442C002003BDC04610B50400AD
:1056E000FCF790FFA04710BD70B58024124B6402F8
:1056F000124A1C6013682342FCD00F20FBF7B0FC59
:10570000002105000F20FBF799FC00220C4B5A707A
:10571000D0220C4B12061C60136DDB0704D401244D
:1057200020BF136D1C42FBD0D02329000F201B0685
:105730009B6DFBF783FC70BD042001400400014019
:105740007857002004300140F0B5C64600B504008B
:1057500086B00F200E009046FBF782FC002105006A
:105760000F20FBF76BFC0023002200920193012322
:10577000029343460393D023049605946F46002476
:105780000026012102201B06002C13D01A6D1042A6
:10579000FCD05C6540BF1A6D114203D120BF1A6D69
:1057A0001142FBD09A6DA24209D00026B200BC582B
:1057B000EAE79A6D1A6D1142FBD140BFE6E7013668
:1057C000062EF3D129000F20FBF738FC06B080BC71
:1057D000B846F0BD0D4B0E4A70B5934210D31C0075
:1057E0000C4A99180B4D0C4A92686051FF20C0007A
:1057F00023500A4B0A4823500A48FFF7A5FF70BD03
:1058000001235B421C000849ECE7C0460008042065
:1058100000000420F407000000ED00E0DD56001059
:10582000FC070000D9560010F3070000074B10B525
:105830009C466044000D012806D0054A80004118AE
:105840000448FBF757FB10BD034AF7E70000E0AF41
:1058500084AC00101453002060AC0010F0B5574623
:105860004546DE464E468846E0B583B0060005252F
:10587000FBF72AFB434684465D571879334B344A7D
:10588000F3181B0D9B009246D7580122202482401A
:10589000241A013A002D41DBA54232DC1100A94057
:1058A0000F422ED14146096889464146897900292F
:1058B00045D12C00AA40934659463A40394241D13D
:1058C000802189018846002816D06146A44634000C
:1058D0004E469946030001915100705A404500D24E
:1058E0004019A91812318900013208519A42F3D3A4
:1058F000019B64469C464B465A4617435246D75036
:1059000001E0012464426046FBF7EAFA200003B09C
:10591000F0BCBB46B246A946A046F0BD002C02DA58
:1059200010E0013C0ED31100A14025000F42F8D138
:10593000414609688946414689790029BAD014242C
:105940006442E0E709246442DDE7C0460000E0AFBE
:10595000FC520020F8B5DE4657464E4645460C0040
:10596000E0B515000600FBF7AFFA0523A1798246E2
:1059700022792068E35600293DD1002B01DB9D42AE
:1059800036D11E4B0127F3181B0D9B0098461C496E
:1059900097400B008B4641465B58013FAF401900D2
:1059A000994639401F4220D180239B019C46002A02
:1059B0000BD04B00C45A644500D264196B181233E3
:1059C0009B0001319C518A42F3D84B463B431F0058
:1059D00042465B469F505046FBF782FA2800F0BCD7
:1059E000BB46B246A946A046F8BD09256D42F2E77E
:1059F0000B256D42EFE714256D42ECE70000E0AFA8
:105A0000FC520020F0B5DE4657464E464546E0B50E
:105A10001600DC22924685B04B0002935B18DB0037
:105A2000C518AA445246834628001268CC3000921A
:105A300002682B0001921C4A802094460E9C63440D
:105A400080021860002C1DD08023DB0499460123BE
:105A500098463300D835E0272E0055469A463F0237
:105A600003912000FCF7F2FE4A46430113432B60EA
:105A700053464246C34013403B433360631E1C40C1
:105A8000EFD10399029B5B18DB005B441A0000997D
:105A9000DC321160019ACC331A6005B0F0BCBB4611
:105AA000B246A946A046F0BDCC300000F0B5DE46B7
:105AB00057464E464546E0B51600DC22924685B074
:105AC0004B0002935B18DB00C518AA44524683467C
:105AD00028001268CC30009202682B0001921C4A08
:105AE000802094460E9C634480021860002C1CD0D9
:105AF0008023DB049946012398463300D8352E00D5
:105B000055469A46134F03912000FCF79FFE4A46E4
:105B1000430113432B6053464246C34013403B436B
:105B20003360631E1C40EFD10399029B5B18DB00BE
:105B30005B441A000099DC321160019ACC331A6080
:105B400005B0F0BCBB46B246A946A046F0BDC04673
:105B5000CC30000080E00000F0B54E464546DE4601
:105B60005746E0B583B089460CA984460D781F2AB4
:105B700045D84946490088464944C9004618370077
:105B80003400DC373868CC3483462068310001901B
:105B90001C4880248246A40251440C6069424D4155
:105BA0001E216D428D4318498A465544052B0CD958
:105BB000A0201F214005D836540104430532053B7F
:105BC0003C600A403560052BF6D852019B06134312
:105BD00042464A44D20062441000DC3213600300A3
:105BE000D8331D605B461360019BCC3003600020FE
:105BF00003B0F0BCBB46B246A946A046F0BD0520A6
:105C00004042F5E7CC3000009FE00000F0B50125F0
:105C10008D400468AC430460002B2ED04D006C18FE
:105C2000E400041926001F68C83637609F680436F0
:105C300077605F68DB68DC34376023606B18184D71
:105C4000DB00AC468025C41864442D062560256021
:105C5000144C0D1D8C40846001242600AE4080252C
:105C600008318C401F21AD014519C0180A40D830B9
:105C70002E602C6002600020F0BD4D006C18E40026
:105C8000041926008027C8367F023760C0273F03EB
:105C9000B760F82704367F02DC3437602360CDE735
:105CA000D010000001010101F0B5C646040000B5A6
:105CB000002813D00B4B0025984601260A4F264298
:105CC00003D1640801352642FBD042462900380042
:105CD000FBF710F9640801D00135F0E780BCB84645
:105CE000F0BDC046A0AC0010C2720020F8B500F0B4
:105CF00047F90C23194DFF22AB6705201849FBF724
:105D0000E5F9184C402200212000FDF737FA402722
:105D1000002301262121144A66702783A2601360A4
:105D200063545F31618445396354104A104963609C
:105D3000E2602787A1620B606362E26204F004FE06
:105D400080239B052E64EB6490230A4A0120EA50CD
:105D50008022094B5202DA64F8BDC046000011509F
:105D60006D2F00207053002084001050000110504F
:105D70008000105010D001000020115010B50121FA
:105D80000520FBF75BF910BD10B500220021024889
:105D900000F016F910BDC04690530020044B197056
:105DA000002904D080219023024A8902D1507047F3
:105DB000C7720020002011500B785B0602D14B788F
:105DC000052B00D070478A78014B1A60FAE7C0466D
:105DD00000001150F0B5C646C87800B58007830FA3
:105DE0001800012B60D08F780A794B797F213940D8
:105DF000FC091B024E001343334D32195201AA18FD
:105E0000977001276740577000275B055B0DD770BF
:105E10001383D076B846CA00012C32D02B4FBC4633
:105E20008F016244BC46AC446746BA60474617607F
:105E3000002932D0264AC90090466246414451604A
:105E40003F223F339343022837D0224937190A684B
:105E50007F01D3180B602049EF19FA608B422ED8CE
:105E600036197601AD19EB7E1C499B064A40134357
:105E70008022120613436A681360012080BCB84672
:105E8000F0BD174FBC468F016244BC46AC44674628
:105E9000BA6247461760002908D1002364012C1913
:105EA0006360104BE360E8E70020E7E70B4AC900B6
:105EB0009046624641445162C2E75B00C5E7FCF789
:105EC00087FBFA68CCE7C04670530020840010506E
:105ED0000400105084570020FF0F10500000105095
:105EE000800010500001105010B504F02DFD10BDC1
:105EF00010B57F200C0020404000E409110000197B
:105F00001A00034B4001C01800F05AF8012010BDE0
:105F1000705300207F23180000B5084083B00B4267
:105F200004D14B424B41084A013393668022C90990
:105F30004000064B401840010021C018120104F037
:105F40004BFD03B000BDC04600201150705300202F
:105F50007F22130010B50B400A4200D110BDC909C1
:105F60005B005B1804485B01C01800230022034952
:105F7000C37004F031FDF1E770530020FFF7FFFF1D
:105F800080220A4B520410B51A60094B09491A6065
:105F900010000B689843FBD1802200215201064873
:105FA000FDF7ECF80922054B5A6710BD00E00040F0
:105FB00000F0004008C000400000105000001150E8
:105FC000002310B5C382013382828376016104000D
:105FD00004F0FAFC002804D080219023074A8902AB
:105FE000D150200004F008FD002802D001232377BF
:105FF00010BD200004F0D8FCFAE7C0460020115084
:10600000002070477047C0467047C0460020704768
:1060100000207047002070477047C0467047C04658
:106020007047C0467047C046024B5878431E98419F
:10603000C0B27047584E0020024B18784007C00F7E
:106040007047C046584E0020F0B5D6464F464646EB
:10605000C0B52F4B07009A461B780E00FF2B50D17E
:10606000002941D0002154222A48FDF787F8002258
:10607000294C2A4B20001A70FBF7ACF9284B1C6006
:10608000284C2000143CFBF7B3F9200001F08AFDF6
:10609000254B264D1C60264B002B04D0280000E029
:1060A00000BF244B1860244900248946214900235D
:1060B00088462A7810E043461B6862019B18002B33
:1060C00012D05B68002B0FD098472A780134E4B2D5
:1060D000511C2300A14209DBA242ECD89B1A5B01B0
:1060E0004B445B68002BEFD100200BE0534631009E
:1060F00038001F70FFF7FAFD0028F5D03800FFF7D1
:106100003DFE0120E0BCBA46B146A846F0BDC046FF
:10611000803C0020584E0020504E0020C8720020C5
:10612000AC4E0020783C0020B04E0020C47200200D
:10613000000000008C4600200CB20010F0B5DE46D6
:1061400057464E464546E0B5C84B91B002931B7882
:10615000FF2B00D13EE1C64BC64E9B465F46C64B69
:106160000DAC0193C54B009335686A69EFF310815C
:1061700072B61368002BFCD0BFF35F8FA9612800B3
:10618000210001F03FFB6A69AB69BFF35F8F00211B
:10619000116083F31088002800D11BE16378082B7D
:1061A000E2D89B00FB589F466368002BDCD0A068B8
:1061B0009847D9E77F222179AF4D0A405300EB1869
:1061C0009846C809804440460123303005799D43F4
:1061D0000571057903339D430571002A00D100E163
:1061E0004346A74A1B7D1278934200D3EFE0A54AAD
:1061F0005B011568ED18002D00D1EBE0A368627912
:106200002078AD69A847AFE79F4A1378002B00D1EB
:10621000E0E01378013BDBB213701378002BA3D1BD
:106220000122954D01212B78042013432B70342338
:10623000EA5C8A43EA54EA5C8243EA540133EA5C4A
:106240008A43EA54EA5C8243EA54237800209B465E
:1062500000F09EFC602223791A40602A00D1EFE012
:10626000402A00D1F5E0DB06DB0E012B00D113E163
:10627000022B00D1C7E0002B00D0E1E0202A00D1A2
:106280001CE2002A00D0DBE06379092B00D9D7E0BB
:106290007E4A9B00D3589F46774D2B78DB0700D46E
:1062A00062E7FFF7BFFE5FE7019BDB78DB0700D407
:1062B0005AE76068FFF7A8FE56E76F4D2B78DB07BB
:1062C00000D451E728780007C00FFFF7A9FE4BE77D
:1062D00023786A4999468B46694B6A4998468A46AB
:1062E00039001A7847460023B04600254E468946B5
:1062F00010E053461B686A019B18002B00D176E022
:10630000DB68300098473A780135EDB2511C2B001C
:106310008D4244DC9542ECD39B1A5B015B44EFE772
:10632000237858499946564B8A4698463100BB46D1
:106330004E461A7800250023474689460FE053460B
:106340001B686A019B18002B55D0DB68300098470A
:106350003A780135EDB2511C2B008D4207DC954295
:10636000EDD39B1A009A5B0194466344EDE7019DCF
:10637000542200212800FCF701FF1022FF2144488D
:10638000FCF7FCFE28002022FF2114304E465F4619
:10639000FCF7F4FE00F0F2FBFFF740FEE4E6364DBA
:1063A000542200212800FCF7E9FE1022FF21281DBD
:1063B000FCF7E4FE28002022FF21143046464F4619
:1063C000FCF7DCFE00F0DAFB2379AB70CCE6501C66
:1063D000984213DA11B0F0BCBB46B246A946A046BB
:1063E000F0BDA3686279207800F0E6FBBCE6464683
:1063F0004F46214DE6E74E465F46CBE71F4D9B1AC1
:106400005B015D19FAE67023217A0B4218D1C809A5
:1064100082460F330B405B0098461948EB185344F3
:106420001B7D00789946834266D216485B0100685E
:1064300081469944002A00D15FE14B46002B68D188
:1064400020780021FFF766FD80212078FFF762FDAC
:106450008AE6104800F09CFB012158460EAAFFF77F
:10646000CFFD002800D07FE6EAE7C046803C002050
:1064700064B10010B04E0020584E00200CB2001045
:10648000C47200208C460020C872002088B1001021
:106490005C4E002001600010237A0F2BD0D8CF4A29
:1064A000EB181B791578AB423ED3691C9942C7DBC8
:1064B0005D1BCB4B6D01ED18686900F069FB012194
:1064C00058466B690EAA9847002800D04CE6602217
:1064D000150023791D401A42B2D163790A3B012B82
:1064E000AED800F055FB63790A2B00D199E15846EC
:1064F0000EA900F0D9FA37E6431C4B4500DAF7E065
:106500004B461B1A5B019946B5488144002A00D1CD
:10651000F3E04B46586900F03BFB4B4601215846DF
:106520005B690EAA98479CE7AE4A5B011568ED18B7
:10653000002DC1D184E7A37999466B789945D6D0CF
:106540006B78002B00D033E14B466B70002B00D1F1
:106550002BE148460138C0B2F9F7C6FF002800D148
:106560007EE143780793022B00D079E10122C179C3
:10657000B1468B11491113400A40302112015B01D1
:1065800013432A78A8468A4313432B7009239A465B
:1065900082445646BA46C37882781B021343C31816
:1065A00005938E4B04938E4B08938E4B09938E4B21
:1065B0000A93059BB34200D855E1737801220B2B57
:1065C00003D13378F278F6187378042B00D044E1C5
:1065D000059B00279B1B9BB20693049B0B921D7887
:1065E000002303931BE0099A7B011568ED18002D29
:1065F00000D132E1310058462B69069A984784460B
:10660000082803D9069A824200D313E1049B01377C
:106610001D78FFB26B1C03979F4200DD1DE1BD4258
:10662000E1D8039B5D1B089B6D019C466544E1E737
:106630006B780CAA02321370584601230EA900F0A1
:1066400049FA91E5E3881A0AD8B20F2A00D9F7E689
:1066500066499300CB589F460EA800F09FFA584613
:10666000A179FFF791FB02222B7813432B707BE576
:10667000E388012B00D0E3E608222B7858469343A9
:106680000EA92B7000F010FA6EE5022029780CABF1
:106690009A1C8B068908DB0F01400B431380584678
:1066A00002230EA900F016FA5EE5E388012B00D064
:1066B000C6E608222B7813432B7018E7237A0F2B9A
:1066C00000D9BDE6EB181D79444B1B789D4228D2BA
:1066D000444B6D011B685D19002D00D1B0E668695F
:1066E00000F056FA012158466B690EAA9847B8E6A1
:1066F000002A00D0A4E60023994662790220130004
:1067000003928343012B15D0002A00D098E62B007A
:106710004344534430331B790CAA9B07DB0F0232EE
:10672000BCE75A1CAA4200DA8AE6ED1A2C4B6D012E
:10673000ED18D4E7E388002B12D1029B1878039B55
:10674000012B23D0FFF7E6FB43460221EB1853440D
:1067500030331A790A4301211A711A790A431A71DE
:106760004B46002B00D1FFE4586900F011FA4B466C
:1067700001215B690EAA58469847002000F008FAEC
:106780003523EB5CDB0700D5EEE4B0E6FFF7E0FB7A
:1067900043460221EB18534430331A798A431A7165
:1067A0001A7903998A431A71DAE7FFF737FC9EE6F4
:1067B00000215846FFF7F2FA5846FFF795FBAB78F1
:1067C000074903930491054B064998461A780591A9
:1067D000002329001D008A461BE0C046C472002029
:1067E0000CB200108C4600206C4E0020B0B100109E
:1067F000059B6A011B689B18002B4DD0DB6858462F
:10680000984743461A780135EDB2511C2B008D4252
:106810002EDC9542ECD39B1A049A5B0194466344A8
:10682000ECE70CAB9A1C584601230EA9157000F03A
:1068300051F999E40B9A012A4FD0002A3CD0002349
:10684000B07804E00133DBB20F71934234D2C11847
:10685000C9B241440D79FF2DF4D04E464546574606
:1068600000236B70ECE54E465746FFF7D5FB3EE63E
:106870005546542200212800FCF780FC1022FF21FD
:10688000281DFCF77BFC28002022FF211430FCF798
:1068900075FC039BAB7057E65546FAE7FFF7B6FB6E
:1068A000021E00D1CCE5D37891781B020B435846E9
:1068B0000EA900F00FF9D4E565463B002A0031002F
:1068C0000A9800F0F3FEAC46049B039A1B786644DA
:1068D0000133934200DB6CE6BFE7174B296999420D
:1068E000ADD1079AABE7FFF793FB021E00D1A7E5F6
:1068F000584613780EA900F0EDF8B2E52189F9F7B2
:10690000F7FD021EF4D19BE5022A0FD0FFF782FBB0
:10691000021EC8D194E5F9F7E3FD021E00D18FE510
:10692000122358460EA900F0D5F89AE5F9F7DCFDD8
:10693000021EB8D184E5C046696F0010F8B557460D
:106940004E46DE4645460C00E0B516001F00002A04
:106950003CD0702398461E4B00259B461D4B9A4603
:106960001AE05B461B78200099465346997800F060
:106970005FFE00281CD021004846FFF72BFA0028B4
:1069800016D0A378DA09012A19D00A9A01351370B2
:106990002378E418B54219DA6378052B08D1E37837
:1069A0009B079B0FBB4203D14246A3781A42D8D023
:1069B0000020F0BCBB46B246A946A046F8BD0B9AE3
:1069C000013513702378E418B542E5DB0120F0E7C8
:1069D000803C0020584E0020702270B58B780C004F
:1069E0001A4201D0002070BD064B20001D78064BD6
:1069F000997800F01DFE0028F4D021002800FFF750
:106A0000E9F9F0E7803C0020584E00200B007F2081
:106A100010B51840DB0934334000044AC018044B59
:106A20001168C01800F0C0FD10BDC046AC4E00207B
:106A3000584E00200B007F2010B51840DB0934337E
:106A40004000044AC018044B1168C01800F0D4FD7F
:106A500010BDC046AC4E0020584E002070B57F24BB
:106A60000F480C4064000419CD09641930342079B2
:106A7000C00701D5002070BD01262579094835439E
:106A800000782571FFF734FA0028F4D10122237928
:106A9000934323712379033293432371EAE7C0467A
:106AA000584E0020803C002070B5094C060008229A
:106AB00020000D00FCF768FB00238021E360A36049
:106AC0002B783000994300220023FFF7C7FF70BDE9
:106AD000A0490020F8B5CE4647469046254E80B5E1
:106AE0008146082230000D001F00FCF74DFB434695
:106AF000B3600023F381EC79AB7924021C43231C9F
:106B0000BC4200D93B1C9FB2B381002C0DD0002F9A
:106B100017D04246002A2BD0402F1BD89FB2337883
:106B20007F2B1CD80021144A0FE080212B780022F3
:106B3000994348460023FFF791FFC0BCB946B046D1
:106B4000F8BD7F230022317899433B004846FFF788
:106B500085FFF2E740239FB233787F2BE2D9064CC2
:106B60003A0041462000FCF70FFB80212200ECE7B1
:106B70000020E2E7A04900206049002010B514225F
:106B800000210248FCF7FAFA10BDC046A0490020D7
:106B9000014B18617047C046A049002010B5054C54
:106BA000010008222000FCF7EFFA0023A360E36055
:106BB00010BDC046A049002070B5384C1D00237898
:106BC0000600DA09C9098A4210D00020002D00D041
:106BD00070BD21003000FFF7EFF82369002B03D0D0
:106BE00022000321300098470120F1E77F2B06D8CF
:106BF000A068002834D02A002949FCF7C5FAE289A8
:106C0000A1685219E38892B24919E281A1609342C6
:106C100014D03F2D12D9A389981A051C80B24028A0
:106C20002AD82078ADB27F2828D800219A4232D0C5
:106C30001B4A2B003000FFF711FFC9E72369002B27
:106C400005D0220002213000984700280AD0802178
:106C500023780022994330000023FFF7FFFEB7E7B7
:106C60000020B5E700213000FFF754F93000802103
:106C7000FFF750F90120ABE74025D2E79A4207D051
:106C8000074C2A002000FCF77FFA80212200D0E781
:106C900080210022CDE70022CBE7C046A04900209A
:106CA0006049002070B50400FFF7BEF9002800D14C
:106CB00070BDFFF7C1F90028FAD1E3001B19DB0012
:106CC000124D1B19DB00EE18F1780029F0D01033BB
:106CD0005D19280000F080FD3F28E9D90020F178F7
:106CE000FFF794FE0028E3D0280000F075FDF1784E
:106CF0003F2807D9064BE201D21800204023FFF7B6
:106D0000ADFED5E70020FFF795FED1E7184700203C
:106D100094460020F0B58023C646C6003418E4002F
:106D20002418204FE4001034050000B53C195B0224
:106D30009A4200D31C4A200092B200F0B1FD804676
:106D4000FFF772F9002803D1404680BCB846F0BD79
:106D5000FFF772F90028F7D17619F6007619F600D8
:106D6000BE19F378002BEFD0200000F035FD3F284E
:106D7000EAD90020F178FFF749FE0028E4D020008E
:106D800000F02AFDF1783F2807D9084BEA01D21814
:106D900000204023FFF762FED6E70020FFF74AFEFF
:106DA000D2E7C04618470020FFFF000094460020AD
:106DB000F8B50400FFF738F9002801D10020F8BD2C
:106DC000FFF73AF90028F9D1E5002D19ED002D194A
:106DD000ED002E00134F2436F619300000F0DEFCD3
:106DE0000028EBD07F190020B978FFF70FFE0028AC
:106DF000E4D00D4DE401651929004022300000F077
:106E00004FFDB978041E08D003002A000020FFF7C8
:106E100025FE0028D2D02000D1E70020FFF70AFE8F
:106E2000CCE7C04618470020D446002070B5C40007
:106E30002418E4000C4B2418E400E4188023050017
:106E40005B029A4200D3094A200092B200F0EEFDA4
:106E50000600200000F0A2FC3F2801D8300070BDE1
:106E60002800FFF7A5FFF9E73C470020FFFF0000DF
:106E70009222F0B500251B4C83B000212000920027
:106E8000FCF77CF9184B21001D70FF236371E1238F
:106E90005B02A360200008238022A3733831009591
:106EA000073B5200103000F043FC2100012320007A
:106EB00080223931FF3152000093243000F038FC39
:106EC0008E239B00E7183800FAF784FA90239B0082
:106ED000E6183000FAF77EFAE561276226636563FB
:106EE00003B0F0BD18470020144700200A4A116B78
:106EF000136A00290CD0002B07D00023D361536301
:106F00001363002313620120704753631363FAE78E
:106F1000002BF8D0D161F4E71847002070B50F4C72
:106F2000052200212000FCF729F90D4D2B78DA0706
:106F300007D50C4C9B070CD50121200000F052FE18
:106F400070BD2000103000F02DFE2B78054C9B0703
:106F5000F2D4200000F026FEEEE7C04618470020DD
:106F6000144700203C470020F0B54B79060083B061
:106F7000022B02D18B79022B03D00025280003B00D
:106F8000F0BD204FBB78002BF7D18B7809253B70E3
:106F90000C780C196378242B07D00CE02378E418C4
:106FA0005D196378ADB2242B05D19542F6D9002046
:106FB000FFF778FEE2E71A00052B15D0042AF6D178
:106FC00063790A2BF3D1104B277801930133009397
:106FD00030000223E119023AFFF7B0FC0028CCD0C0
:106FE0000E35ED19ADB2E2E721003000FFF7F4FCF9
:106FF0000028C2D0A3787B7023785D19E4186278EA
:10700000ADB2DBE7184700201A470020F8B560232F
:1070100014001278050013400020202B07D1304ABD
:107020006379277916781B023B439E4200D0F8BD56
:107030006378222B1AD007D8202B34D0212BF6D1FD
:1070400001293ED00120F2E7232BF0D1012940D0C5
:107050000329F7D1234B002BF4D0E178A378090260
:107060000020194300E000BF0120E0E7012930D0F3
:107070000329E7D101252E00A378E4780239240200
:107080001C431471264024321000714000F0AAFD08
:10709000154B002BD6D06208002031002A4000E0BA
:1070A00000BF0120C3E701290BD00329CAD10F4B30
:1070B000002BC7D008320020110000E000BF0120E3
:1070C000B5E7072321002800094AFFF703FD012047
:1070D000ADE721002800FFF7E7FC0120A7E7C04645
:1070E0001847002000000000000000000000000021
:1070F00020470020F0B54F464646D646C0B5364D2F
:107100008046EA780C001F008A423CD0AB788B4264
:1071100010D00020E0BCBA46B146A846F0BD2F4BC7
:10712000002B04D02E4800F04FFB002851D0002047
:10713000FFF7B8FDAB78A34201D00120EAE7294B65
:10714000002B02D0002000E000BF0020FFF730FE3F
:107150000028F2D1244C200000F020FB0028ECD1C4
:10716000002FEAD0BF06E8D1243C4046A178FFF7C3
:107170004DFC0028E1D0002300224046A178FFF713
:107180006DFC0120C6E79AB210239A46174EAA4416
:107190003100504600F04AFC154B002BBFD06B79F4
:1071A000FF2BBCD0002FBAD0F219914603E0013674
:1071B0004E45B4D06B7932789A42F8D1504600F0FF
:1071C00003FB0028F3D15346103B597900E000BF80
:1071D000EDE7F9F7B1F8AAE71847002039030010E6
:1071E00028470020000000003C4700209446002073
:1071F000000000007047C046012070477047C0463D
:10720000F0B557464E464546DE46E0B5002783B00A
:107210001D000CABDF570DAB1B780E005BB2984620
:107220000EAB1B7814005BB29B460FAB1B785BB2B6
:107230009A4610AB1B789946002807D0002003B06F
:10724000F0BCBB46B246A946A046F0BD1E4B00208E
:1072500001935978FFF7DAFB0028EFD01B4B002E83
:1072600022D14246EDB22D02E4B2FFB23F042C43DC
:1072700012063C4314435A461A7552465A754A46FA
:107280009A751A0011991C61D9750B0A13760B02B5
:107290001B0E53760B0E93760B2301990C4A4978FB
:1072A0000020FFF7DBFBCAE742461A755A465A75BB
:1072B00052469A754A46DA75119A1E745C749D742A
:1072C000DF749A610C23E8E7384A0020084A00205E
:1072D000184A002010B50C2200210248FBF74EFF8F
:1072E00010BDC046384A00200120704710B50C225E
:1072F00000210248FBF742FF10BDC046384A00207B
:10730000F0B54B7906000D0083B0032B0AD1087944
:10731000C400241A1234A4B2944203D8194F7B78C3
:10732000002B03D00024200003B0F0BD09786918B9
:107330004B78212BF6D1B9600B780200C9187B1C61
:107340000193BB1C009330000323FFF7F7FA0028DA
:10735000E8D0AB79012B01D1EB79FB700123BB7134
:10736000AB78B9783B70BB68DA791B7A1B021343A0
:10737000BB800029D7D010233000034AFFF76EFBF3
:10738000D1E7C046384A0020284A00201F23F0B524
:1073900014001278050083B01340012B01D00020A7
:1073A0000CE05A4E207933789842F8D160231800C7
:1073B0001040134204D101290BD0012003B0F0BDCD
:1073C0002028ECD163780B2BE9D8514A9B00D35885
:1073D0009F466378062BE2D1E378212B7AD0222BCB
:1073E000DDD10020F9F7BEF821000200B3882800A3
:1073F000FFF770FBE1E7012910D00329DDD1A17867
:107400000020B171FFF7F6FED7E70129D5D1E17869
:107410000020F171FFF7F0FE0028C0D02100280005
:10742000FFF742FBC9E701295ED00329C5D1E07906
:10743000A37900021843E278A178041C102800D92F
:107440001024344BA4B2002907D0012805D918789C
:10745000884202D1013C304BA4B200200094F9F7DD
:1074600085F8AAE70129A8D10123210028002B4A89
:10747000FFF730FBA1E701299FD10123210028005C
:10748000274AFFF727FB98E7012996D1E379A079EE
:107490001B020343E278A178181C102B00D910209E
:1074A00080B200292DD0012B2BD90126194F01388C
:1074B000397080B27B1C00900020F9F759F833181E
:1074C0009BB2002B00D16AE73A0021002800FFF7A9
:1074D00001FB72E7B268002A00D160E721002800B2
:1074E0001378FFF7F7FA69E7E379A2791B021343F0
:1074F000102B00D953E721002800064AFFF7EAFACB
:107500005BE7044F00263B00D5E7C046384A002021
:107510004CB20010084A0020094A00203E4A0020D0
:107520003F4A002070B51B4D0400A8786E7882B0E9
:10753000884204D08E4216D0002002B070BD9BB2AB
:10754000864211D0144E002A17D100930021330037
:1075500000200232F9F70AF8102332002000A9783F
:10756000FFF77CFAE9E79BB2002A0CD100201A0051
:107570000A49F8F7FFFF0120DFE73200022100206F
:10758000FFF73CFEE8E700200121044AFFF736FE42
:107590000120D2E7384A0020284A0020184A00205B
:1075A00010B5FAF725FA10BD037870B5DB070400B3
:1075B0000E00DD0F002B17D103785B0701D52800E3
:1075C00070BD01213000494203F0D6F92378DB0772
:1075D000DD0F002B0AD123785B0708D4042223781F
:1075E00001251343237002E00025E8E70025300061
:1075F00003F092F9E3E7C04670B50C0001210600E4
:107600004942200003F0B8F933785B07DD0F002B07
:1076100004DB200003F080F9280070BD3378DB071D
:1076200004D40422337893433370F2E70025F0E763
:10763000437902791B021343C2785B0592075B0D05
:10764000920F022A1DD0032A0CD00020012A08D153
:1076500002394A425141124A94466144994240419A
:10766000C0B2704702394A1E91410E4A4942114048
:107670008022D20094460020614499424041C0B229
:10768000EFE7022905D0002040229A424041C0B2D3
:10769000E7E7054A981843425841C0B2E1E7C046BF
:1076A000FF03000040FCFFFF00FEFFFF8A1870B5DB
:1076B000914207D27F264C78052C04D00C7809190A
:1076C0008A42F8D870BD34008D782C4064000419CB
:1076D000ED0963550C7809198A42ECD8F2E7C046E7
:1076E00070B54D1E0300EDB200291ED001780020B8
:1076F0000E00301880B25B18904205D30FE00818D6
:1077000080B25B1882420AD91978002907D05C78C8
:107710000B2C0BD0042CF2D1DC78002CEFD1013DE6
:10772000EDB2FF2D02D01978E3E7002070BDC0460E
:10773000F0B5C64600B504006846057E8020884640
:1077400017001E000002824226D8E068002803D0FD
:107750000121494203F010F92069002803D00121DA
:10776000494203F009F94346236073045B0CED03BF
:107770001D430023E0686381A780E5802381002802
:1077800001D003F0C9F82069002801D003F0C4F843
:10779000012080BCB846F0BD0020FAE710B504898E
:1077A00041898288A3B288B28C4207D31B1A9BB24C
:1077B000101C9A4200D9181C80B210BD5100091A41
:1077C0005B189BB2F4E7C04603894089181A43420C
:1077D0005841C0B27047C04610B5048941898288BB
:1077E000A3B288B28C4207D31B1A9BB200209A42E4
:1077F00001D9D21A90B210BD5100091A5B189BB280
:10780000F4E7C04670B5040000690E00002803D0FC
:107810000121494203F0B0F825896089A288A9B204
:1078200083B2854232D3CD1AADB2002D28D0AA4200
:1078300008D291422FD3891A8BB263819A4203D81E
:107840009B1A9BB29A42FBD9E28821685204520CDF
:1078500053433000C918FBF797FC63890125591C75
:1078600089B2A2888B420DD900215200891A89B2AF
:1078700020696181002801D003F04EF8280070BD16
:10788000618989B252009142F2DBEFE75500ED1AAF
:107890004D19ADB2C9E789188BB26381CEE7C046F6
:1078A000F0B546464F46D646C0B506000069894643
:1078B0009046002803D00121494203F05DF8318948
:1078C0007289B5888BB294B2914254D31F1BBFB258
:1078D000002F4AD0BD4205D2AB4251D25B199CB2B7
:1078E0002F0074814346B8453DD89FB2A54203D8C6
:1078F000641BA4B2A542FBD9F28831685204520C31
:10790000904662432B1B9BB2891842469F4225D961
:1079100053439BB21A0048469A46FBF735FC434650
:1079200048467D1B64195C4331685044A2B2FBF7A2
:107930002BFC7189B588CB199BB26A00994216D984
:107940009B1A9BB230697381002801D002F0E4FFDA
:107950003800E0BCBA46B146A846F0BD48467A4376
:10796000FBF712FCE5E73B1CBFE773899BB26A009B
:107970009342E7DBE4E76F003F1BDF19BFB2A7E7E5
:107980005B1B9CB2ACE7C046F8B50400C0680E00B3
:10799000002803D00121494202F0EEFF2589208909
:1079A0006189A288ADB283B28FB2884229D3DB1B32
:1079B0009BB29A4209D8E779FF0906D1E06800280E
:1079C00001D002F0A9FF3800F8BD2B0095421DD36D
:1079D0009B1A9BB29342FBD2E28820685204520C5D
:1079E00053433100C018FBF7CFFB6B1C9BB2A2883E
:1079F0009D4217D9002352009B1A9BB20127238175
:107A0000DCE75100C91B5B189BB2D2E7E288206813
:107A10005204520C53433100C018FBF7B5FB01353B
:107A2000A288ABB252009342E8DBE5E7F0B54E46E0
:107A30005746DE464546E0B589460600170083B046
:107A4000002A67D0C068002803D00121494202F013
:107A500093FF3389F2799BB298467389B5889BB2BC
:107A6000D20940D198455ED26A00D31A43449BB2F2
:107A7000AB425DD2EB1A1A1C9BB2BB4200D93A1C36
:107A800097B27B1B9BB20193F3885B045B0C9A4615
:107A90004346DB199BB29B464446A84503D3641B6F
:107AA000A4B2AC42FBD25346634330682D1BADB247
:107AB000C018BD424BD3524649467A43FBF764FB9C
:107AC000B3885B00D84501D89B4503DB5A46D31ADF
:107AD0009BB29B465B463D003381F06800281AD07C
:107AE00002F01AFF17E0F2885204520C9246AF429D
:107AF00020D298454DD34246D21A92B26900781BE3
:107B000080B2D21901908A4233DA4346FB189BB205
:107B10009B46C1E70025280003B0F0BCBB46B24637
:107B2000A946A046F0BD4246D31A9BB2AB42A1D3B0
:107B30000025D2E7002DD0D07F1B574398465A1915
:107B4000002392B2B94493462F000193A4E7534611
:107B50005D43ADB22A004946FBF716FB019B2900A5
:107B6000E21853465A43306892B24944FBF70CFB83
:107B7000A6E75A1992B29346D21B92B2904693420C
:107B80000CD94346591A8BB29846FB189BB29B46B8
:107B900082E76900CA1A424492B2B0E7914200DD1E
:107BA0007AE7EEE710B50400C068002803D0012191
:107BB000494202F0E1FE2069002803D00121494238
:107BC00002F0DAFE0023E06863812381002801D0FF
:107BD00002F0A2FE2069002801D002F09DFE0120E3
:107BE00010BDC04670B50400C0680D00002803D069
:107BF0000121494202F0C0FE2069002803D0012182
:107C0000494202F0B9FE7F21E379ED011940E068B5
:107C10002943E171002801D002F07EFE206900288E
:107C200001D002F079FE012070BDC046C2784369E0
:107C30001A707047F0B5DE464E46454657464E4BE5
:107C4000E0B599464D4B87B005934D4B884604935C
:107C50004C4B00909B464B4602920193002300261A
:107C60000024019D039303E001365635052C45D0D1
:107C70002B78009A0134E4B29342F5D15623019A4D
:107C80007343944663441B79DB07EDD54346002BD1
:107C900002D06B784345E7D1029A002A02D0AB7834
:107CA0009342E1D1052C64D0374B002B02D0200049
:107CB00000E000BF0599A946B246002700230D0049
:107CC0005E460A7810E0F9003368C91B89005B182A
:107CD000002B03D020009B6998472A780137FFB218
:107CE000511C3B00B94211DBBA42ECD89A1AD300BE
:107CF0009B1A049A9B0094466344EBE7002302938B
:107D0000039B002B2ED005239846A7E74D46210064
:107D10000098F8F7F9FF562200212800FBF72EFA09
:107D200028000822FF210D30FBF728FA2800202226
:107D3000FF211530FBF722FA144BB34699461B7B03
:107D40005646A34290D10121114B494218689A46E8
:107D500002F012FE00234A4653735346186802F09D
:107D6000DBFD81E707B0F0BCBB46B246A946A046A2
:107D7000F0BD012303939DE7744F0020C5720020DE
:107D8000B0B200109046002000000000B44900206E
:107D90002C520020F0B54546DE4657464E46E0B52B
:107DA000040001389446C2B20D008FB0042A00D9F5
:107DB00092E056214143814BCB5C9846002D2FD158
:107DC0007F4E737BD9B2022B00D189E0032952D0B8
:107DD00001291ED17B4FFB88002B00D0D9E06346E0
:107DE0000121794D9AB249422868F28102F0C4FD1E
:107DF00003232868737302F08FFD01233A78210072
:107E0000D2095A400023D2014046D2B20093F8F77B
:107E10009FFF0FB0F0BCBB46B246A946A046F0BDDE
:107E200006AF3A00674B03CB03C204AB9C4611205C
:107E30001600604402220021FBF7A0F901213470F2
:107E40005F4CF570E389604D736023684942F360CD
:107E5000636828683361A368B760736102F08CFDC2
:107E600000232868637302F057FD3369002BD0D0DC
:107E700030009847CDE7534F7B78092B32D0524BD7
:107E80009A4606AB984606CF06C31D0004AB9C4637
:107E90001120022260440021FBF770F92C700024AD
:107EA000EC70F38901216B604346AB603368494253
:107EB000EB6073682B61B3686B615346186802F01E
:107EC0005BFD53461868747302F026FD2B69002B86
:107ED0009FD0280098479CE73C4B1B7898466DE75D
:107EE000384F7CE73B78002BC9D1042AC7D85622EB
:107EF0001300324963438B461E3B5B449946012382
:107F00009846314BA3469A462B2343430497059644
:107F10004F4646460C00984642430392F3B29946B8
:107F200043469D1918356D0065196B79DB070ED531
:107F3000039B4A465946E05CF8F716FF01226B792D
:107F4000781E93436B7153461968FFF755FB434600
:107F50009D196D00651931356B79DB0711D58022CC
:107F60004B4613431A00039B5946E05CF8F7FCFEAE
:107F700001226B79380093436B7153461968FFF700
:107F80003BFB01360237102EC8D15C46049F059E8C
:107F900077E70D4D0239286802F0EEFC02232868CD
:107FA000737302F0B9FC80213A7833680A40F9888B
:107FB000404600912100F8F7CBFE2AE7744F0020DD
:107FC000B4490020245100202C520020044A0020F3
:107FD0007047C0460023013810B513800B80C3B230
:107FE000042B0FD856246043074B1B181C79A40799
:107FF000E00F002C05DADC88002C03D00C801B89F4
:10800000138010BD0020FCE7744F002010B5F8F776
:1080100029FE10BDF0B54F464646D646C0B5404F86
:1080200005003B780E00984210D0FF2B10D0310095
:1080300028003D70F8F726FE002804D1E0BCBA46BF
:10804000B146A846F0BD2800F8F764FE0120F5E728
:10805000344C2000143CF9F7CBF92000FFF7A2FDC7
:10806000314B1C60314C2000F9F7B4F9304B1C60E7
:10807000304B002B50D0304B1800984600E000BF2A
:108080002E4B186000222E4B2E4C1A60AF3200216E
:10809000FF322000FBF772F8102200212A48FBF77C
:1080A0006DF8D7235B009946A14456220021200099
:1080B000FBF764F820000822FF210D30FBF75EF883
:1080C00020002022FF2115305634FBF757F8A14538
:1080D000EBD143461D491A788A46184900240023EB
:1080E000894611E04B46E1001B68091B89005B18BB
:1080F000002B03D05B68984743461A780134E4B2FA
:10810000511C2300A14292DBA242EBD89A1AD30061
:108110009B1A9B005344EDE7074B9846B2E7C046D5
:10812000A03C0020983C0020385200203052002013
:108130002C52002000000000C57200209046002054
:10814000044A0020744F0020B4490020B0B200104F
:10815000F0B5CE46474680B54378040083B0002B87
:1081600014D18368002B11D00578002D15D0691E1D
:10817000CBB2042B0AD856224A433F4B9B181B799B
:10818000DB0703D53D4E737B002B0ED00025280066
:1081900003B0C0BCB946B046F0BD394BDB78DB0656
:1081A000F4D5364E737B002BF0D10121354F494277
:1081B000386802F0E1FB737B3F68DAB2002B03D032
:1081C000380002F0A9FBE1E7012335737373E3681C
:1081D000A16833602369F281736063690822B36028
:1081E000294B18009846FAF7CFFF380002F094FBAD
:1081F000691ECBB2042B3BD856224A431E4BD05C9F
:108200002369002B05D029004246F8F7B3FD05008D
:10821000BDE76B46DF1D04233B701C4B2900424623
:10822000B7607360F8F7A6FD051EAFD0184B9846EF
:10823000184B99463B78042B10D143461B78FF2BF3
:10824000F8D04B461868FFF7BFFA0028F2D1434632
:108250001B78FF2BEED000F091F8EBE76369002B61
:1082600001D03A781A703B78E370F38963608EE747
:10827000034B1878C4E7C046744F0020B44900206F
:10828000044A00202C520020245100202D7C001094
:10829000A03C00203852002030B5324C8BB00D1E6F
:1082A00020706170A2701AD1F8F7F4FC3220FFF749
:1082B00077F92078F8F7F4FCE1204000FFF770F937
:1082C0002078F8F7F3FC002817D11022E3786078C3
:1082D0009343E37000280ED001F05CF90BE0E1203D
:1082E0004000FFF75DF9A178607802241E4B1F4A19
:1082F000009401F0DDF80BB030BD2078F8F7F6FC03
:108300000F220300E078134090431843E0701220DE
:10831000174B00210A3A68441D70FAF72FFF6A468E
:10832000144B0021138208232078938204AAF8F7C3
:10833000F3FC0028DFD0104B082202938023002199
:108340001B0304A80393FAF719FF02AB0693074B2C
:1083500004A80793044B089307230993FFF7F8FE3B
:10836000C9E7C046044A0020BD8500102C510020FA
:10837000C97200200705000080060001F0B55746CD
:108380004E464546DE467F4B814698467E4BE0B5DD
:108390009A4687B07D4E7E4F03AD34686269EFF335
:1083A000108172B61368002BFCD0BFF35F8FA16100
:1083B00020002900FFF726FA6269A369BFF35F8FE7
:1083C0000021116083F31088002852D06B78022BB3
:1083D00056D00FD8002B15D028786A792979FFF765
:1083E00029FC28790028D8D06B79002BD5D001F052
:1083F000D1F8D2E7032BD0D16B68002BCDD0A86881
:108400009847CAE7FB78DB0600D482E028783B78FF
:10841000984209D129797A788A4205D16A79BC785B
:108420009346944200D188E03068FFF7CDF9346874
:1084300083466269EFF3108172B61368002BFCD09B
:10844000BFF35F8FA16120002900FFF79DFA6269E9
:10845000A369BFF35F8F0021116083F310880028A8
:1084600004D04A4669782878FFF7B2FD5B46002BB6
:1084700093D007B0F0BCBB46B246A946A046F0BDBB
:108480007F232979A8780B40002806D1002BF0D152
:10849000AA686979FFF77EFC7FE7421ED4B2042CFC
:1084A000E7D8562454434246A44662441279D20780
:1084B000DFD55A006244CC0942441219140030340A
:1084C00001926279009494460122934662465C468A
:1084D000A243009C627162799446042293466246EC
:1084E0005C46A243009C6271002BD1D05246019B96
:1084F00012785B7D934216D2264ADC00E31A146898
:108500009B00E418002CB4D0AB686A796469A0477A
:1085100043E71022FB7829791343FB706A792878A6
:10852000FFF7BAFE39E7541C9C42A2DB9B1ADC0021
:10853000E41A194BA400E418E6E7184C227B002A41
:1085400002D1627B002A03D15A46FFF7A5FE24E739
:10855000002200211800F8F707FC0121104B4942C6
:1085600018689B4602F008FA002363735B4618689C
:1085700002F0D2F96B7928789B4629795A46FFF7A1
:108580008BFE0AE7744F0020C5720020385200208D
:10859000044A002090460020B0B20010B4490020E8
:1085A0002C52002010B5044B08001B78FF2B01D083
:1085B000FFF7E4FE10BDC046A03C0020F0B54E46DB
:1085C000DE4657464546E0B5C678040093B0002E17
:1085D0000AD1BD4B07781E7043690C2B00D9F2E11C
:1085E000BA4A9B00D3589F46B94DEB78DB060DD5B0
:1085F000B54A1378022B09D8642001331370FEF7B3
:10860000CFFF2000FFF7A4FD002807D11022EB7850
:1086100068789343EB70002800D0DDE113B0F0BC24
:10862000BB46B246A946A046F0BD0122A94B197A25
:108630000A4200D1C7E1587A0221440701D4410817
:1086400011400F24A24A987AD378A3430B43D370E6
:10865000C006E3D59178507803229F4B00921132E7
:1086600000F002FFDAE708AB9C4612200522002149
:108670006044FAF783FD6A46984B0021138608236D
:108680009386934B0CAA1878F8F746FB0028C5D0C0
:10869000934B08220A93802300211B030CA80B9301
:1086A000FAF76CFD0AAB0E938E4B0CA80F938A4B16
:1086B000109307231193FFF74BFDAFE706243220F9
:1086C000FEF76EFF8248844B8178864A407800949A
:1086D00000F0EEFEA2E77F4B9B7ADB069ED57C4A3C
:1086E0007D4B91785078072200920D3200F0BCFE4D
:1086F00094E7784B1A7B092A00D170E17A4A01206D
:1087000006921279D20711D55A2206998A5CD207AD
:1087100000D447E2B0228A5CD20700D438E2832238
:1087200052008A5C0420D20700D577E75622451E06
:108730006A43069D6649AC460C88624414808C7876
:10874000C978947001240907090FD17011790AAD15
:1087500021431171DB7B0CAC5371A023DB002B8018
:10876000002368801022002120000B93FAF706FDF9
:10877000594B2000109308230E951193FFF7E8FC46
:108780004CE70220FEF70CFFA3689F787B1EDAB24D
:10879000042A00D942E7562602225E43524D0021A8
:1087A000AC19237913432371494B1878F8F7ACFAC5
:1087B00063791220984608AB9C460522002160444C
:1087C000FAF7DCFC454B0CAC238043462200390011
:1087D000705DA380F8F7A0FA002800D11EE7404B97
:1087E00008220A93902300215B0320000B93FAF7E1
:1087F000C5FC0AAB27700E933A4B20000F93364B03
:10880000109309231193FFF7A3FC07E7791ECBB25E
:10881000042B00D902E756224A432E4D324B288AB8
:108820009918C880688A0CAC0881E88A08224881B7
:108830002B7E20000B732D4B00210A9390231B03EA
:108840000B93FAF79BFC0AAB27700E93224B08356B
:1088500010930A2320000F951193FFF779FCDDE6B2
:1088600080221C4D52006B89934200D9D6E61F4AE4
:108870000AAE0A9200220CACB280F38000212000E4
:108880000832FAF77BFC144B277010930B23083542
:1088900020000E960F951193FFF75AFCBEE6144B7D
:1088A0000CAC0A9300231022002120000B93FAF74E
:1088B00065FC0AAB27700E93074B200010930C2326
:1088C0001193FFF745FCA9E6C97200207CB20010A5
:1088D000044A002024510020BD8500100705000037
:1088E000800600012C510020744F002080060002F9
:1088F000000901007C1EE3B2042B00D98EE656234A
:108900006343B4499B460A0004205A4413790691F4
:1089100003431371B04B1A0058891D7A083280182E
:10892000AD18AE4B0490A84200D83DE18846B94648
:108930009A46AB4B0896099403932A78002A00D1F3
:1089400015E16B7801260B2B02D1EE78AD186B7810
:10895000042B00D062E6049B31005A1B280092B21F
:10896000FEF7BEFE082800D858E653462F001A78B6
:108970004D460793002400238146059619E0994B44
:10898000E1001B68091B89005B18002B0BD04246D5
:108990005946DE68505C4B463A002900B047002833
:1089A0004DD153461A780134E4B2511C23008C4255
:1089B00020DC9442E3D39A1AD3009B1A039A9B00BB
:1089C00094466344E3E71021874BDA7858788A436A
:1089D000DA70002800D121E600F0DCFD1EE67D4AB9
:1089E000052011000692AE2252008A5CD20700D503
:1089F00014E69BE64B46A9463D001F00049BED197B
:108A0000AB429AD84F46089E099C079B069D1A7850
:108A1000744BAC4619685623634363445D7B501C1A
:108A200095422BD385422FDCAD1AEB006C4A5B1BC1
:108A30009B009B18310038001B699847EEE54B46B8
:108A4000059EA9463D001F00002E0ED04046AB7883
:108A50005844F618F6B2C218517BFF2900D0DDE564
:108A60000133DBB25473B342F5D1584615302300BD
:108A70003A0029004044FEF719FEBFE7EB005B1BFC
:108A80009B00CB18002BD5D15623069D6343AC46E3
:108A900063449D7B95425AD301268542C4DD56230B
:108AA000069D6343AC466344DD7B954257D3022663
:108AB0008542B9DD5623069D6343AC4663441D7C65
:108AC00095425AD303268542AEDD5623069D634365
:108AD000AC4663445D7C95425CD30426A842A3DA8D
:108AE0005623069D6343AC4663449D7CAA425DD8F1
:108AF0000526A84298DA5623069D6343AC46634494
:108B0000DD7CAA425AD80626A8428DDA5623634352
:108B1000069CA44663441D7D954256D21C236B439C
:108B2000CB180726002B85D110212F4BDA785878E7
:108B30008A43DA70002828D1052F00D16EE52B4B2F
:108B4000002B00D16AE5380000E000BF66E5EB00CD
:108B50005B1B9B00CB18002BA1D001266AE7EB0022
:108B60005B1B9B00CB18002BA4D0022662E71B4B9B
:108B70004F46089E099C079347E7EB005B1B9B0051
:108B8000CB18002BA1D0032654E700F003FDD3E758
:108B90000320CBE5EB005B1B9B00CB18002B9FD089
:108BA000042647E70220C1E507932EE7EB005B1B95
:108BB0009B00CB18002B9ED005263BE71C236B4364
:108BC000CB18002BA2D0062634E7A842ACDB072640
:108BD0002AE7C046744F002024510020C5720020AF
:108BE000B0B2001090460020044A002000000000AF
:108BF0000138C3B2042B04D856224243024BD05C46
:108C00007047024B1878FBE7744F0020044A00209D
:108C1000004870472C5100200138C2B270B5042AB8
:108C200017D8562242430C4CA3181B79DB07D80FE8
:108C3000002B00D170BD7F20084B08401D68CB0978
:108C400035334000C018801829000019FEF7ACFC2D
:108C5000F0E70020EEE7C046744F00202C520020C1
:108C60000138C2B270B5042A17D8562242430C4CC0
:108C7000A3181B79DB07D80F002B00D170BD7F2014
:108C8000084B08401D68CB0935334000C0188018D8
:108C900029000019FEF7B0FCF0E70020EEE7C0461F
:108CA000744F00202C520020F0B5C64600B50500D8
:108CB0000138C4B2984682B0042C0DD856237F24C4
:108CC00058430C40134F64002418CE093C19A419D2
:108CD00030346679F60704D5002002B080BCB8466F
:108CE000F0BD01239C46634666791E434346667188
:108CF000C05D009313000A002900F8F729F8002846
:108D0000EBD1012263799343637163790332934317
:108D10006371E1E7744F0020F8B5431EDAB2040036
:108D20000D00042A11D856265E430D4F2800BB19AA
:108D3000D978FEF77DFC002805D0F05D2A002100DF
:108D4000F7F7EAFFF8BD0020FCE7064E2800F178AF
:108D50000907090FFEF76CFC0028F4D03078EDE726
:108D6000744F0020044A0020431EDAB2042A0CD8B3
:108D7000562253430A481A5CC0180A7043784B7055
:108D800083788B70C378CB707047064B1A780A7063
:108D90005A784A709A788A70DB781B071B0FF2E7C3
:108DA000744F0020044A0020F0B557464E46454611
:108DB000DE46E0B583B004000CA81D0008C80F0013
:108DC0009A46038816009946002C11D1454BDB7852
:108DD000DB0604D5444B98465B7B002B18D000245F
:108DE000200003B0F0BCBB46B246A946A046F0BD89
:108DF000611ECBB2042BF2D856224A433B4B9B1840
:108E00001B79DB07EBD5384B98465B7B002BE6D113
:108E10000121374B49429B46186801F0ADFD43469E
:108E200059465B7B0868DAB2002B02D001F074FD72
:108E3000D5E7414601234B73CA8152462D4B0A6048
:108E40009A460E9A2C4B4A600F9A0C738A605246CF
:108E50001380534632022A435A804A469F80DA8062
:108E600001F05AFD611ECBB2042B38D856224A437A
:108E70001E4BD05C0E9B002B05D021005246F7F70D
:108E800079FF0400ACE76B46DD1D04232B704346DD
:108E900042469D60194B210053605246F7F76AFF26
:108EA000041E9CD0164E174F2B78042B0DD133780F
:108EB000FF2BF9D03868FEF787FC0028F4D133780F
:108EC000FF2BF1D0FFF75AFAEEE70F9B002B02D0F1
:108ED0001A002B7813702B784346DB8980E7014B0F
:108EE0001878C7E7044A0020B4490020744F0020D6
:108EF0002C52002024510020810600002D7C0010FF
:108F0000A03C002038520020F0B50400C646631E85
:108F1000DAB2080000B5042A00D98DE056225A437F
:108F20005A4BD218411CC9B2072900D99EE0584BB0
:108F30001D786B1C9846574B1F6853185B7B9D42EE
:108F40005ED9DE00F31A9B00FB18002B60D1811C58
:108F5000C9B2082943D053185B7B9D425ED898451F
:108F600050DAC11CC9B2082939D053185B7B9D4225
:108F70005BD8984546DA011DC9B208292FD053188D
:108F80005B7B9D425DD898453CDA411DC9B20829FA
:108F900025D053185B7B9D425AD8984532DA811D03
:108FA000C9B208291BD053185B7B9D4257D89845FE
:108FB00028DAC11DC9B2082911D053185B7B9D4224
:108FC00057D898451EDAFF2809D1127DAA4257D2F8
:108FD000D3009B1A9B00FB180721002B18D11021EE
:108FE0002D4BDA7858788A43DA70002826D1042C81
:108FF00011D82A4B002B0ED0200000E000BF0AE061
:109000009845A4DB5D1BEB00254A5B1B9B009B186E
:1090100020001B69984780BCB846F0BDDE00F31AFB
:109020009B00FB18002B9CD0F2E7DE00F31A9B009C
:10903000FB18002B9FD0EBE7002273E700F0AAFAA1
:10904000D5E7DE00F31A9B00FB18002B9DD0DFE76D
:10905000DE00F31A9B00FB18002BA0D0D8E7DE003F
:10906000F31A9B00FB18002BA3D0D1E70829D2D11B
:10907000B5E7DE00F31A9B00FB18002BA3D0C7E76F
:1090800013009045ABDB0721BCE7C046744F0020BE
:10909000C572002090460020044A00200000000015
:1090A000B0B2001070B5C37884B0002B12D101ACFF
:1090B0000578836800210C2220001E79FAF75EF8FB
:1090C0002800FFF795FD00212070200025716671B2
:1090D00001F062FC04B070BD10B5C37882B0002B03
:1090E0000CD100780649441F2401221D5218091989
:1090F0004978019300930133FFF7D6FD02B010BD0C
:109100006053002070B5C57888B0002D1AD106785C
:109110000D4B721F12019B180C4A02AC9278002171
:109120009A700B4B10220093012320000193FAF751
:1091300025F86B460493074B20002670069307958D
:10914000FFF706F808B070BD60530020444E0020C1
:109150002303080059910010F0B5C4788BB0002C9F
:1091600028D1836805781A791B4F5B796E1F360109
:109170001B02B91913438A789A421DD00133DBB21E
:109180001A00511E8A41032152421140134A04AE73
:109190000A4302AF0292002110223000BB80FC8003
:1091A000F9F7ECFF0E4B30003570069708930994E1
:1091B000FEF7CEFF0BB0F0BD321D49780123280029
:1091C000D21901940094FFF76FFD0028F2D0280017
:1091D000F15DFFF799FEEDE76053002020030800E2
:1091E00059910010F0B5C57889B0002D28D101271C
:1091F000836806781C795979721F1B4B12019B18E2
:109200001B7A090221431F421CD0631E9C41032389
:1092100064422340154C6F461C43FF23009402AC6C
:109220000B40102200212000BB80FD80F9F7A6FF33
:109230000F4B26702000049706930795FEF788FFD2
:1092400009B0F0BD02AD0C2200212800F9F796FF0D
:109250003000FFF7CDFC002128706F7028002E71C0
:109260006C7101F099FBEBE76053002020030400D0
:10927000A590001070B5C37888B0002B10D183681A
:109280001C79002C0CD105781A4A6B1F1B019B1806
:10929000012216009B791E401A4216D19B0701D469
:1092A00008B070BD02AC144B1022002120000093C6
:1092B0000196F9F763FF6B46257004930F4B20006E
:1092C00006930796FEF744FFEAE7902302AE5B00A1
:1092D000002130000F3200930194F9F74FFF6B46E5
:1092E00035700493054B300006930794FEF730FF6A
:1092F000D6E7C0466853002020010100D990001035
:10930000F0B5C64600B5C4788AB0002C42D1836857
:1093100005785E7918796A1F4B4B1201984694467E
:109320000121C44463460F009B7A360206431F4066
:10933000194233D102210C001C40194252D10421A0
:109340000F001F40194245D108210C001C40194252
:1093500000D071E010210F001F40194261D0431E60
:1093600098410322394B41420A4013430293FF23A1
:1093700002AF334004AEBB80102200213000FC80DD
:10938000F9F7FCFE324B35703000069708930994CC
:10939000FEF7DEFE0AB080BCB846F0BD431E984121
:1093A00041420320FF2308402A4902AF33400143D2
:1093B00004AE02911022BB8000213000FC80F9F73E
:1093C000DDFE254B35703000069708930994FEF7B3
:1093D000BFFEDFE7431E98410139204B4042014068
:1093E0000B43C3E7431E9841013140421C4B0140EF
:1093F0000B43029302AB9846FF234246334004AC32
:109400009380D780002110222000F9F7B7FE434651
:10941000257006930E4B200008930997FEF798FEDF
:10942000B8E7634604325978280001234244019783
:109430000097FFF739FCADE7431E984105394042DC
:10944000084B0140D4E7C0466053002020011400BF
:10945000D990001020011000E591001020011200A9
:109460002001110020011300F0B51E000B000700C1
:10947000581E834103205B421840902389B06D46FB
:109480005B0003432B80002302AC6A80A98010227A
:1094900000212000EB80F9F771FE0E9B2000277061
:1094A000049506960793FEF753FE09B0F0BDC0463B
:1094B000F0B51D000B0016005A1E93410324C6464A
:1094C0005B421C40A02300B588B01C436B466A4633
:1094D00099800423009402AC07000021D38020006F
:1094E0000822F9F74BFE6B4604930E9B2000277071
:1094F000059606950793FEF72BFE08B080BCB8468C
:10950000F0BDC04610B5102200210248F9F736FE22
:10951000012010BD605300200120704770B5140079
:1095200052790D00092A10D1A279002A0DD1E279D1
:10953000012A0AD80F2B08D92678A6197378052B8B
:1095400003D1F378DB439B0701D0002070BD3100CD
:109550002800FFF7E1FB0028F7D0A278034B053D78
:109560002901CA54B2785B185A70EFE760530020A3
:1095700010B5042806D9064A0538000110184378AA
:10958000002B00D110BD10220021F9F7F7FDF9E7FB
:1095900060530020411F084B09010A1DD2185B18B7
:1095A0005978002300B583B0019300930133FFF78E
:1095B0007BFB03B000BDC0466053002070B5421F66
:1095C0000F4B1201D35C040088B000208B4201D005
:1095D00008B070BD6A460B4B6E4603CB03C2150044
:1095E000002118222800F9F7C9FD074B2800EB607D
:1095F000064B2C70AE602B61FEF7AAFDE8E7C04673
:1096000060530020E8B20010444E00200591001085
:10961000F0B54746CE4680B5060017008BB0002A4D
:1096200000D06EE03D4B441F24019846A146C14442
:109630004B461D79002D66D0EB0737D44B469A7800
:1096400001200123002A04D155E00133DBB293420B
:1096500051D82900D9400842F7D019004A1E91413B
:10966000032249420A40A0210A43029202AA93809F
:109670000423914604ADD380002108222800F9F785
:109680007DFD4B462E7027000693254B0837089327
:1096900000234744280007970993FEF759FD002847
:1096A00029D1221D4444617842441EE0A023029344
:1096B000802304ADDB020822002128000393F9F780
:1096C0005DFD02AB2E70069323000C3343440793D9
:1096D000144B280008930997FEF73AFD00280AD199
:1096E0004B460434220059784244019000900123F3
:1096F0003000FFF7D9FA01200BB0C0BCB946B04624
:10970000F0BD0020F8E704342200597842440123D8
:1097100001950095FFF7C8FAEEE7C04660530020B8
:109720000193001075920010F0B54646D6464F469C
:10973000C0B58268060053788CB00A3B012B02D971
:10974000C378002B24D1814C53791779357822784E
:109750001B023B43AA4249D0A27BAA4200D173E03C
:10976000227FAA4200D177E02A22A25CAA4215D029
:109770003822A25CAA4219D04622A25CAA421DD07D
:109780005422A25CAA4221D06222A25CAA4225D025
:109790000CB0E0BCBA46B146A846F0BD2B22A25C94
:1097A000BA42E5D103229146904625E03922A25CD7
:1097B000BA42E1D10422914690461DE04722A25CC4
:1097C000BA42DDD105229146904615E05522A25CB1
:1097D000BA42D9D10622914690460DE06322A25C9E
:1097E000BA42D5D107229146904605E06278BA4246
:1097F000B2D1002291469046002DC9D07269022A4A
:109800007BD031D8002A58D043464246DB009B1A11
:109810005B00E3185B7804AEB38000234C4A4D49EB
:10982000127806AC31807280F38010220021200073
:10983000F9F7A4FC484B25700A93022320000896F0
:109840000B93FEF785FCA3E7E27BBA4200D087E7E3
:10985000012291469046CFE7627FBA4200D083E76B
:10986000022291469046C7E7032A00D090E7FFF70F
:10987000CFF943464246DB00991A49009A46635C99
:10988000AB4200D084E7B36861189A79DB791B0298
:10989000134301220A71314A002A04D002004946CA
:1098A0002800F6F777FD534642469B1A5B00E31803
:1098B00028005978FFF728FB6AE741464046C9006F
:1098C000091A490061184E7904AF71424E4124498A
:1098D00006AC0491FF210B40BB80FA8000211022CE
:1098E0002000F9F74BFC1C4B25700136200008972F
:1098F0000A930B96FEF72CFC4AE743464246DB00F0
:109900009E1A9A4680237600A61932895B009A42F5
:109910000BD9FF3B3371114B002BC4D00023002225
:1099200049462800F6F736FDBDE7F479FFF770F9F0
:1099300003230393084B22000293338939000193D8
:10994000009000232800FFF72FFA21E710420020A3
:10995000C6720020210B000029970010950300100B
:10996000210A0000030010B500280CD007290AD8EE
:10997000CA00521A054C5200115D0020994201D1D3
:10998000A418607910BD0020FCE7C04610420020FA
:1099900070B50C0082B000280FD007290DD8CB007D
:1099A000104E5B1A5B009D5D854206D1F6182800BB
:1099B000B178FFF731F9002802D1002002B070BD64
:1099C00000200949E20173895218B1780190009092
:1099D0002800FFF769F90028F0D12800B178FFF7D7
:1099E0003FF9EAE710420020444A002010B57022F7
:1099F00000210248F9F7C2FB012010BD10420020EF
:109A000001207047474A70B50D001178040081426B
:109A10001BD0917BA14221D0117FA14237D02A21B6
:109A2000515CA1423CD03821515CA14243D0462137
:109A3000515CA1424AD05421515CA14251D06221D3
:109A4000515C0020A14257D070BD9178A94202D04C
:109A5000D178A942DDD10021002207E0117CA94282
:109A600002D0517CA942D7D101210122002C57D02C
:109A7000ED09012D4BD02C48002806D02B48D201EF
:109A800012189BB2200000E000BF0120DCE7917FAC
:109A9000A94202D0D17FA942C1D102210222E5E729
:109AA0002C21515CA94203D02D21515CA942BAD18D
:109AB00003210322DAE73A21515CA94203D03B217A
:109AC000515CA942B3D104210422CFE74821515C63
:109AD000A94203D04921515CA942ACD105210522FC
:109AE000C4E75621515CA94203D05721515CA942D9
:109AF000A5D106210622B9E76421515CA94203D011
:109B00006521525CAA429FD107210722AEE708488F
:109B1000D20112189BB22000F6F79CFC012093E7BB
:109B2000002091E71042002000000000844A00203D
:109B3000444A002070B54E4D04002B7883421BD060
:109B4000AB7BA34226D02B7FA34232D02A23EB5CEF
:109B5000A3423ED03823EB5CA3424AD04623EB5CC1
:109B6000A34256D05423EB5CA34262D06223EB5C49
:109B7000A34200D16EE070BD3E4B002B02D000210D
:109B8000F6F752FC0E2200212800F9F7F7FAAB7B1A
:109B9000A342D8D1374B002B03D001212000F6F788
:109BA00043FC0E2200213448F9F7E8FA2B7FA34248
:109BB000CCD1304B002B03D002212000F6F734FC2F
:109BC0000E2200212D48F9F7D9FA2A23EB5CA34293
:109BD000C0D1284B002B03D003212000F6F724FC32
:109BE0000E2200212648F9F7C9FA3823EB5CA3427C
:109BF000B4D1204B002B03D004212000F6F714FC35
:109C00000E2200211F48F9F7B9FA4623EB5CA34264
:109C1000A8D1184B002B03D005212000F6F704FC37
:109C20000E2200211848F9F7A9FA5423EB5CA3424D
:109C30009CD1104B002B03D006212000F6F7F4FB3B
:109C40000E2200211148F9F799FA6223EB5CA34236
:109C500000D090E7074B002B03D007212000F6F738
:109C6000E3FB0E2200210A48F9F788FA83E7C04691
:109C700010420020290400101E4200202C42002027
:109C80003A42002048420020564200206442002010
:109C900072420020F0B54E46DE4657464546E0B5D6
:109CA000140052790E0083B0032A30D12179CA0002
:109CB000521A123292B29A4229D82778E7197B7841
:109CC000212B24D1484B98461B78002B00D175E0FE
:109CD00043469B7B002B00D173E043461B7F002B48
:109CE00000D171E02A234246D35C002B6FD0382389
:109CF000D35C002B6ED04623D35C002B6DD0542355
:109D0000D35C002B6CD06223D35C002B07D00020E7
:109D100003B0F0BCBB46B246A946A046F0BD07332F
:109D20009B465B465A46DB0001939B1A42465B000A
:109D3000D65400223D78434491469A467D19002925
:109D40000BD121E05146CA708B812B78ED1801238D
:109D50009C462379E1444B4516DD6B78052BD6D123
:109D600029003000FEF7D8FF0028D0D06B79297980
:109D70001B020B43AA785B055B0DD1090129E1D1D8
:109D800051468A704B81E0E75A46019B9B1A5B0063
:109D9000A27843445A70BA79DA713A7AF9791202A0
:109DA0000A431A81114A12789A71A279012A01D0C4
:109DB0000120ADE7E27901205A71A9E700239B4613
:109DC000AFE701239B46ACE702239B46A9E70323A9
:109DD0009B46A6E704239B46A3E705239B46A0E7F3
:109DE00006239B469DE7C04610420020C672002015
:109DF000F0B5374B04001A7889B082421CD09A7BA8
:109E0000A2423CD01A7FA2423ED02A229A5CA242B1
:109E10003FD038229A5CA24241D046229A5CA242AC
:109E200043D054229A5CA24245D062229A5CA2425C
:109E300047D0012009B0F0BD5A788A42DFD1002016
:109E4000002CF6D0C200121A52009B185E796F46A1
:109E500073425E411F4B02AD00930023B980102274
:109E600000212800FB80F9F789F91B4B01362800F7
:109E70002C70049706930796FEF76AF9D9E7DA7B08
:109E80008A42BFD10120DBE75A7F8A42BDD102203E
:109E9000D6E72B229A5C8A42BBD10320D0E7392235
:109EA0009A5C8A42B9D10420CAE747229A5C8A4266
:109EB000B7D10520C4E755229A5C8A42B5D1062065
:109EC000BEE763229A5C8A42B3D10720B8E7C04656
:109ED00010420020210A000029970010030010B54D
:109EE0000A0003490868190000F004F810BDC046D4
:109EF000B840002070B50B0C0024150C002B28D1A5
:109F0000002D3CD18BB291B2594300F051F8051E9F
:109F100033D00300083B5A6803239A43043A242AA7
:109F200012D80300132A0AD90460446008331B2A9C
:109F300005D98460C460242A2AD00300103300228B
:109F40001A605A609A6002E00021F9F717F92800B8
:109F500070BD002D16D1151C89B292B24A43ADB224
:109F60009BB26B43110C5B18190C0BD1190492B204
:109F7000114300F01DF8051ECBD10025E7E72B1C8F
:109F80000D1CE9E700F01CFB0C2300250360DEE755
:109F90000300046118334461D1E7C04610B5034B98
:109FA0000100186800F004F810BDC046B840002059
:109FB000F0B54E464546DE465746E0B50D000B353A
:109FC000060085B0162D21D8102900D9D4E000F064
:109FD000D5FA102518230221CA4FFB181A005C6815
:109FE000083A944200D186E103226368A168934352
:109FF000E268CA6091600121E3185A6830000A43A0
:10A000005A6000F0C3FA20000830B8E007239D43EF
:10A0100000D5B1E0A94200D9AEE000F0AFFAFC23D0
:10A020005B009D4200D2E0E1690A00D1AEE0042964
:10A0300000D9A1E138239846A90988443931CB00D9
:10A04000082252429446AF4FFB189C446346DC689A
:10A05000A44514D0032399460B0061469C4607E0B3
:10A06000E068002A00DB40E1814200D141E10400C8
:10A070004A46636893435A1B0F2AF1DD41463A0072
:10A080003C690832944200D11EE103206368834397
:10A09000581B0F2800DDACE13A617A610028AADA8A
:10A0A0007A68904680229200934200D336E1DA0823
:10A0B000580901238340404618438046D300DB19EA
:10A0C0009A687860E360A2609C60D46001208B1085
:10A0D0009840404562D8434603420AD1032399433E
:10A0E000434640000431034203D14000043103429F
:10A0F000FBD00323B3469C460E00B8460190F00007
:10A1000040440100B246CB680BE064465A681F0029
:10A11000A243DB68541B0F2C00DD39E1002C00DB6F
:10A1200053E19942F1D101239946CA44534608317B
:10A130009B07E8D1032205E003680838013E83420B
:10A1400000D013E23242F7D14346019A5B68934351
:10A1500042465360019A520001929A421CD8002A4A
:10A1600006D119E004229146019ACA445200019294
:10A170001342F7D05646C2E70C233360002005B0E7
:10A18000F0BCBB46B246A946A046F0BD80233F22A4
:10A19000402190469B0053E75E4647460322BC6839
:10A1A000636893439846AB4203D35B1B0F2B00DDE0
:10A1B0008DE0230043440293534B08201B68103367
:10A1C0005B19019300F006FA504903900B688A4628
:10A1D000013306D08446019B4242013B6344134055
:10A1E00001933000019900F0D9F903008146013351
:10A1F00000D11CE1029B834200D916E1444B029836
:10A200009B461A68019B59469C4662440A60039922
:10A210000139484500D157E153461B68013300D14D
:10A220005EE14B4602981B1A9B185A46136007239F
:10A230004A4648461A400292184200D115E1039856
:10A24000013384469B1A019A99444A44019263441B
:10A250000A409B1A194030008A4600F09FF9431CBF
:10A2600000D158E14B46C01A0300534401935B46AA
:10A270001A68012052441A604B464946BB60019B54
:10A2800003434B60BC4213D043460F2B00D82BE155
:10A2900007210C3B8B436168014005201943616035
:10A2A000E118486088600F2B00D93FE14B465B689E
:10A2B00018490868904200D20A601749086890421D
:10A2C00000D20A604C46B4E07B689846FEE6012264
:10A2D000290013431143651961603000BD606B6054
:10A2E00000F054F92000083049E7A268D06082608D
:10A2F00081E66146C3E6DC680231A34200D1BEE6D6
:10A3000072E6C046B03C00204C450020A43C002032
:10A310001C45002044450020484500205A0A042AD4
:10A320007CD9142A00D9B0E010005B3082465C3240
:10A33000D200082040428446BA189444624692688B
:10A340000B308146944500D186E00800A246614664
:10A35000844602E09268914204D04C465068A04383
:10A360009842F7D8D368614654469C466346A2603B
:10A37000E3609C60D460A9E6142967D9542900D908
:10A380008CE06E239846290B88446F31CB0057E64A
:10A39000BA46012051468446491905435046456056
:10A3A000856847466046EB605E469D60534639616E
:10A3B0007961204308374860CF6030008F609C503F
:10A3C00000F0E4F850460830D9E6BA4601205E466F
:10A3D0005244516801435160BA683000D3609A60BA
:10A3E00000F0D4F838000830C9E62B00E90808333B
:10A3F000F2E56119884601218C460D4341466560AE
:10A4000039617961CA608A60624602434A60E050FD
:10A41000300000F0BBF820000830B0E69A091000C8
:10A42000393238308246D20083E7BC4241D0BC6822
:10A430006368032293431A005B1BAA4202D30F2BCB
:10A4400000DD44E7300000F0A1F897E65B23984672
:10A4500088445C31CB00F3E55346981001238340D8
:10A46000404618438046786080E7019B039A4B443E
:10A470000B40D31A194030008A4600F08FF8431C75
:10A4800000D0EFE600239A46F1E6542A2ED81A0BA4
:10A4900010006F326E308246D2004AE7AA235B007A
:10A4A00099422ED8DD3B9846E90B88447831CB00A1
:10A4B000C6E5304B9B461A68019B9C465B4662444E
:10A4C0001A60039B591EA7E64846084200D0A3E63F
:10A4D000B9684344894601210B4349464B60E7E68E
:10A4E00053464A461A60A2E64860ABE7AA204000FD
:10A4F000824226D8DA0B1000783277308246D200BA
:10A5000017E71D4B994226D87C239846A90C88440E
:10A510007D31CB0094E5019A029B94464A46083B64
:10A5200063449B1A019300239A46A0E62100300061
:10A53000083100F0E5F85B461A68BB6899465B682D
:10A54000B6E60D4882420CD89A0C10007D327C3061
:10A550008246D200EDE6FE237E227F2190469B00BC
:10A560006EE5FE227E2092008246E2E643465B686C
:10A57000F0E5C0461C4500205405000010B5024817
:10A5800000F024F810BDC0461845002010B5024860
:10A5900000F01EF810BDC04618450020002370B51D
:10A5A000064C050008002360FAF78AFA431C00D025
:10A5B00070BD2368002BFBD02B60F9E748530020C7
:10A5C000014B18687047C046B84000207047C0462D
:10A5D0007047C046802310B55B01082801D11800E0
:10A5E00010BDFFF7EDFF16230360173BF7E7C046EA
:10A5F00010B583070AD00300032102E001330B42A8
:10A6000005D01A78002AF9D1181A10BD030019686C
:10A610000C4A0D4C8A188A4322420FD15968094AC4
:10A6200004338A188A43224208D15968054A043300
:10A630008A188A432242F1D000E001331A78002AB6
:10A64000FBD1E1E7FFFEFEFE80808080F0B5C646CC
:10A65000060000B508200D00FFF7BCFF0400300025
:10A66000FFF78CFF234B210098469B685F6803230C
:10A670009F4338001138401B0019F8F715F9451EA3
:10A680006543AC4208DC00213000FFF787FF4346FA
:10A690009B68DB19984206D03000FFF777FF002057
:10A6A00080BCB846F0BD30006942FFF777FF01304B
:10A6B0000ED0012243467F1B9B6817430E4A5F6002
:10A6C000136830005B1B1360FFF760FF0120E7E7B2
:10A6D00000213000FFF762FF43469A68831A0F2B70
:10A6E000DADD064C04492468001B086001210B4395
:10A6F0005360D1E7B03C00201C450020A43C002062
:10A70000F0B5D6464F46464605000C00C0B50029B8
:10A7100048D0FFF733FF2100012708394B68032099
:10A720009C46BB43CE1872688243604638408046E0
:10A730006A4891468468B44200D17CE07260B418E3
:10A7400064683C40A2464446002C30D10C68A446C4
:10A75000091B8C686344A4460824A0468044C44571
:10A760005CD0CC68A04664464246E26094605246A3
:10A77000002A1FD01F434F60336080229200934213
:10A7800030D2DA085C090123A340446823434360C4
:10A79000D3001B189A68CB608A609960D16028004A
:10A7A000FFF7F4FEE0BCBA46B146A846F0BD5246FB
:10A7B000002A0FD101224B44CF18BC46B468484F41
:10A7C0001A43BC425BD0F668E660B4604A606246F9
:10A7D0001360D2E762463A434A60802233609200B7
:10A7E0009342CED35C0A042C3FD89C09260039340E
:10A7F0003836E40004192268083C0327944203D148
:10A800004EE09268944203D05068B8439842F8D81A
:10A81000D468CC608A60A160D160C0E75246002A4B
:10A8200035D14B441A00B068F3681743C360986091
:10A830004F608A50B3E74B441A004346002B06D1C1
:10A840000B68C91A8C68D218CB68E3609C6001233E
:10A8500013434B60234B81601B6893429FD8224B6C
:10A8600028001968FFF7F2FE99E7142C13D9542C2D
:10A870001DD81C0B26006F346E36E400BAE7E16089
:10A88000A1604A606246CC608C60136087E71F431A
:10A890004F60336083E726005C345B36E400A9E751
:10A8A0000123B610B340466833434360B1E7AA22A0
:10A8B0005200944205D8DC0B260078347736E40049
:10A8C00098E70A4A944205D89C0C26007D347C36D1
:10A8D000E4008FE7FE247E26A4008BE7B03C002036
:10A8E000B83C0020A83C00204C4500205405000046
:10A8F000F8B5C0460000000001B40248844601BC1F
:10A90000604700BF5515002001B40248844601BCD1
:10A91000604700BF6D0A002001B40248844601BCB4
:10A92000604700BF4103002001B40248844601BCD7
:10A93000604700BFFD39002001B40248844601BCD5
:10A94000604700BFD50F002001B40248844601BC17
:10A95000604700BF652E002001B40248844601BC58
:10A96000604700BFFD39002001B40248844601BCA5
:10A97000604700BF6520002001B40248844601BC46
:10A98000604700BFB502002001B40248844601BC04
:10A99000604700BF1D02002001B40248844601BC8C
:10A9A000604700BF8539002001B40248844601BCDD
:10A9B000604700BFF936002001B40248844601BC5C
:10A9C000604700BF4520002001B40248844601BC16
:10A9D000604700BF4136002001B40248844601BCF4
:10A9E000604700BFA936002001B40248844601BC7C
:10A9F000604700BFD901002001B40248844601BC71
:10AA0000604700BF693600202D260010592600102F
:10AA10003D2800106D310010E12E00109130001023
:10AA2000652700107526001095260010A926001035
:10AA300085130010B12600103D170010CD25001021
:08AA400019100010B102001012
:10AA480053797374656D20636C6F636B206F662038
:10AA58002575206B487A2063616E6E6F742062657D
:10AA68002065786163746C792061636869657665CF
:10AA7800640000005B253034783A253034785D5B1B
:10AA880025755D2048494420496E74657266616386
:10AA98006525752C2050726F746F636F6C203D2094
:10AAA80025730D0A000000004572726F723A206328
:10AAB800616E6E6F7420726571756573742072654E
:10AAC800706F72740D0A00005B25755D204849445B
:10AAD80020496E7465726661636525752069732007
:10AAE800756E6D6F756E7465640D0A004E6F6E65D8
:10AAF800000000004B6579626F617264000000001D
:10AB08004D6F75736500000054696E7955534200A6
:10AB180054696E795553422044657669636500002F
:10AB280031323334353637383930313200000000AD
:10AB380054696E7955534220434443000A2A2A2A0D
:10AB48002050414E4943202A2A2A0A000A000000C0
:10AB58004E6F207370696E6C6F636B7320617265E2
:10AB680020617661696C61626C650000486172649D
:10AB78007761726520616C61726D20256420616C5B
:10AB8800726561647920636C61696D6564000000B9
:10AB98004861726420617373657274006D697373C0
:10ABA800696E6720646F75626C652066756E637484
:10ABB800696F6E004F7574206F66206D656D6F72DA
:10ABC8007900000052656C6561736500626F6F748F
:10ABD800325F77323571303830000000322E322E35
:10ABE800300000007069636F5F7700005553425F63
:10ABF8004445564943455F414E445F4B4559424F92
:10AC0800415244004E6F76202033203230323500D6
:10AC1800666E692B00000000666E69006E616E004A
:10AC2800666E692D0000000063616E6E6F742066A9
:10AC3800696E6420657020307830300D00000000A7
:10AC48006E6F20656E64706F696E74203078253081
:10AC580032580D0A0000000050494F203120534D52
:10AC680020282564202D20342920616C72656164B8
:10AC78007920636C61696D656400000050494F205C
:10AC88003020534D20256420616C72656164792001
:10AC9800636C61696D656400444D41206368616E51
:10ACA8006E656C20256420697320616C726561642F
:10ACB8007920636C61696D6564000000556E686198
:10ACC8006E646C65642049525120307825780A00FA
:10ACD800657020253032582077617320616C726569
:10ACE80061647920617661696C61626C650000005D
:10ACF80043616E277420636F6E74696E7565207882
:10AD0800666572206F6E20696E616374697665206E
:10AD18006570202530325800000000000001020054
:10AD280000000000FFFF0000F4AA0010FCAA0010B9
:10AD380008AB001009040000090264000301008048
:10AD480032080B000202020000090400000102029E
:10AD58000004052400200105240100010424020642
:10AD680005240600010705810308001009040100F5
:10AD7800020A0000000705020240000007058202DF
:10AD8800400000090402000103000000092111012C
:10AD9800000122D6000705830310000105010906FA
:10ADA800A1018501050719E029E715002501950886
:10ADB80075018102950175088101050819012905A8
:10ADC8009505750191029501750391010507190013
:10ADD8002AFF00150026FF00950675088100C005AA
:10ADE800010902A10185020901A10005091901292A
:10ADF80005150025019505750181029501750381E9
:10AE0800010501093009311581257F9502750881F1
:10AE18000609381581257F950175088106050C0AF4
:10AE280038021581257F950175088106C0C0050186
:10AE38000905A101850305010930093109320935E0
:10AE4800093309341581257F9506750881020501A6
:10AE58000939150125083500463B0195017508811A
:10AE68000205091901292015002501952075018180
:10AE780002C0000012010002EF020140FECA0540B4
:10AE8800000101020301000006005250D3F0754290
:10AE9800CCAB001006005250E182887FD4AB001082
:10AEA80006005250ABB36053E4AB0010060052509A
:10AEB800BBFF3CB6ECAB001006005250861C0302E8
:10AEC800F4AB0010060052505422A29D0CAC0010A6
:10AED80005005250DE65F4685CF40010343F001041
:10AEE800E43E0010E43E00102C3F0010E43E001049
:10AEF800E43E0010E43E0010E43E0010E43E001082
:10AF0800E43E0010E43E0010243F0010E43E001030
:10AF18001C3F0010E43E0010E43E0010143F0010F7
:10AF2800544100104A3F0010444100104A3F0010AD
:10AF38002E4100104A3F00104A3F00104A3F0010BF
:10AF48004A3F00104A3F00104A3F00104A3F001095
:10AF58003C3F00104A3F00104A3F00104A3F001093
:10AF68004A3F00104A3F00103C3F0010F2410010D9
:10AF78009E3E00109E3E00109E3E00109E3E001019
:10AF88009E3E00109E3E00109E3E00109E3E001009
:10AF98009E3E00109E3E00109E3E00109E3E0010F9
:10AFA8009E3E00109E3E00109E3E00109E3E0010E9
:10AFB8009E3E00109E3E00109E3E00109E3E0010D9
:10AFC8009E3E00109E3E00109E3E00109E3E0010C9
:10AFD8009E3E00109E3E00109E3E00109E3E0010B9
:10AFE8009E3E00109E3E00109E3E001068410010DC
:10AFF800C0410010684100109E3E00109E3E0010A7
:10B008009E3E00109E3E00109E3E00109E3E001088
:10B018009E3E00109E3E00109E3E00109E3E001078
:10B028009E3E00109E3E00109E3E00109E3E001068
:10B038009E3E00109E3E0010024400109E3E0010EE
:10B048009E3E00109E3E00109E3E00109E3E001048
:10B058009E3E00109E3E00109E3E00109E3E001038
:10B06800024400100442001002440010684100101D
:10B07800C041001068410010000000000000F03FCF
:10B0880000000000000024400000000000005940BB
:10B098000000000000408F40000000000088C3400E
:10B0A80000000000006AF8400000000080842E4183
:10B0B80000000000D01263410000000084D79741CF
:10B0C8000000000065CDCD410D0A0000DCB0001085
:10B0D8000AFF000046E0C4206600C700281061404F
:10B0E80029A02518E1408100F8B000100AFF0000EF
:10B0F80046E0C4206600C7002800614029A025005A
:10B10800E140810014B1001011FF000022C0C110FD
:10B1180003C104C1CC10CC10CC10CC10CC10CC1076
:10B1280026B14010C3B104C00140CA000610000097
:10B1380040B1001011FF000022C0C10003C104C1CA
:10B14800CC00CC00CC00CC00CC00CC0026A1400028
:10B15800C3A104C00140CA000600000068610010D5
:10B16800D062001020630010A8620010BA620010BC
:10B178009862001008620010B4610010A861001005
:10B188008A6600107066001040640010AA660010FD
:10B1980040640010586600104466001040640010B7
:10B1A8003066001036650010406400101669001003
:10B1B80008690010FC68001040640010406400102A
:10B1C800E668001008690010406400104064001030
:10B1D8004064001040640010406400104064001097
:10B1E800406400109C680010C6370020C637002055
:10B1F80010380020303800207438002086380020AD
:10B20800BC37002000000000716E0010ED6E0010C9
:10B218001D6F0010696F00100D700010F5700010A0
:10B228000000000000000000D5720010E972001054
:10B23800ED720010017300108D7300102575001059
:10B24800000000009E7300108874001076740010CF
:10B25800647400109E7300109E7300109E7300109B
:10B268009E7300109E730010267400100A7400105C
:10B27800F6730010C6890010C68900102A860010CF
:10B2880066860010C6890010BC860010D68600109D
:10B29800F2860010828700100C8800106088001069
:10B2A8009E880010F488001000000000ED9900103E
:10B2B800019A0010959C0010F19D0010059A00104D
:10B2C800359B00100000000005950010199500102E
:10B2D8001D950010BD950010119600107195001075
:08B2E800A006000000000900AF
:10B2F00090AE00109CAE0010A8AE0010B4AE0010CE
:0CB30000C0AE0010CCAE0010D8AE0010A3
:10B30C00F0B54E4657464546DE460B68E0B59946C5
:10B31C00012387B000249A461C4D009003AE019186
:10B32C0003E00134BC35202C23D053464A46A340BD
:10B33C001A42F6D02B00BA3B5A781F79D2B22B881E
:10B34C0090460021082230009B4603F0A9FC022302
:10B35C0073704346B370009B012173715B463000E0
:10B36C00FFB201343771B360BC3503F02BFC202CD9
:10B37C00DBD14A46019F3B6893433B6007B0F0BC6E
:10B38C00BB46B246A946A046F0BDC046665A002050
:10B39C0070B544001F4B24182401E4186569461C41
:10B3AC0084B0F6B2AB060CD42B0611D46B0616D4B3
:10B3BC00EB071BD4AB0723D46369AB43636104B0C5
:10B3CC0070BD210000201831FFF79AFF2B06EDD538
:10B3DC00210002202031FFF793FF6B06E8D52100F6
:10B3EC0001201C31FFF78CFFEB07E3D5002301A8EC
:10B3FC00437083800121067003F0E4FBAB07DBD5BF
:10B40C00012301A84370002301210670838003F0FF
:10B41C00D9FBD1E72C710020D02330B500251B06B9
:10B42C0000245D5705E0BFF35F8F1C6081F310882B
:10B43C0020BF0268EFF3108172B61368002BFCD0AA
:10B44C00BFF35F8F027903687F2AECD90571BFF3D4
:10B45C005F8F00221A6081F3108830BDF0B5C646AC
:10B46C00150000B504001E000268EFF3108172B6DF
:10B47C001368002BFCD0BFF35F8F0423E3562268C4
:10B48C00002B2BDBBFF35F8F0020106081F3108843
:10B49C00D02212061278002752B290469A420ED150
:10B4AC00002080BCB846F0BDBFF35F8F176081F3FE
:10B4BC0010882800310003F0C3FB0028F0D122686B
:10B4CC00EFF3108172B61368002BFCD0BFF35F8FC3
:10B4DC00237922687F2BE7D9434602E0D0231B0651
:10B4EC001B682371BFF35F8F0023136081F31088F7
:10B4FC000120D6E7F0B5C64600B50D00040003F0F8
:10B50C00F7FBFA2206000F0000232800002192000E
:10B51C0003F056FC36184F41002F02DA0126174F64
:10B52C007642D0231B061B68002598460AE0BFF321
:10B53C005F8F156081F310883000390003F080FBB9
:10B54C00002818D12268EFF3108172B61368002B13
:10B55C00FCD0BFF35F8F237922687F2BE7D943465A
:10B56C002371BFF35F8F0023136081F310880120D8
:10B57C0080BCB846F0BD0020FAE7C046FFFFFF7F55
:10B58C000268EFF3108172B61368002BFCD0BFF386
:10B59C005F8FFF2303710368BFF35F8F00221A6074
:10B5AC0081F3108840BF70479A421CD24B005B1845
:10B5BC00DB00C018DC300168194B194080231143A3
:10B5CC009B030B4303600168164B1940530119434D
:10B5DC0080231B050B4303600368134992020B4045
:10B5EC001343036070474A005218D2008018DC30B5
:10B5FC0001680B4A11408022194392030A430260EE
:10B60C000168084A11405A011143802212050A436D
:10B61C000260026804499B020A4013430360E1E79D
:10B62C00E0FF0FFC1FFCFFE3FF83FFFFF0B5574665
:10B63C004E464546DE464A214822036CE0B58468F6
:10B64C001D6803682D88A4001C1983B0A564415C97
:10B65C00825A090212041143012291464268C568BC
:10B66C009446A022D2059246876AAD015544BA464B
:10B67C00C827624688466146BB4652005118C9002D
:10B68C002E4E59188B445F46019646463E605646F0
:10B69C00D8310E604946019F196304312F60E9616E
:10B6AC000125196B0D42FBD06146012618318E40E5
:10B6BC009E6099680E42FCD0012166460D00B54093
:10B6CC006244AC4659254155073DAA46023DA94660
:10B6DC00C56B66462D68C7692D88B940AB461D6899
:10B6EC00D200B5431D605D46A56454464D46045DCD
:10B6FC00455B9A182D0424022C43C83214601A6836
:10B70C00542532431A6002697B001468DB198C43A0
:10B71C0014605624455B045DDB00D31820022D0415
:10B72C00C8332843186013680B43136003B0F0BC94
:10B73C00BB46B246A946A046F0BDC0469C7100204F
:10B74C000123F0B54546DE4657464E469846030063
:10B75C000122E0B5043383B000900193062400234A
:10B76C0000209446B7E04346002B00D10FE20323A0
:10B77C0000241E43F6B206239B46AB08994606707E
:10B78C004B460227D8B20B5C6E1C9B000818DBB230
:10B79C00B6B2174200D0C9E1002C00D109E2032453
:10B7AC0023430024A346DBB2037006239946B30857
:10B7BC00984643460420DCB20B5D751C9B000C19AB
:10B7CC00DBB2ADB2104200D08DE15846002800D15A
:10B7DC0002E20320034300208146DBB223700623E0
:10B7EC009A46A8080824C0B20B5C6E1C9B00081873
:10B7FC00DBB2B6B2144200D051E14C46002C00D161
:10B80C00FEE1032423430024A246DBB2037006238B
:10B81C009846B408E4B20B5D751C9B000C19DBB2A6
:10B82C00ADB2D00600D516E15046002800D1FBE1A0
:10B83C000320034300208046DBB223700623994685
:10B84C00A808C0B20B5C6E1C9B000818DBB2B6B229
:10B85C00940600D5DBE04446002C00D111E2032411
:10B86C0023430024A146DBB2037006239A46B40896
:10B87C00E4B20B5D751C9B000C19DBB2ADB250062B
:10B88C0000D5A1E04846002800D1E0E103200343A5
:10B89C0000208246DBB2237006239846A808C0B26B
:10B8AC000E5C6B1CB600D409F6B20A189BB2002CC5
:10B8BC0041D15046002800D1CFE10320064300209F
:10B8CC008046F6B2062416709808009A019D013243
:10B8DC000092954252D00127C0B2009A0E5C1278A9
:10B8EC00B6005D1C0818F6B2ADB2174200D13AE7AB
:10B8FC00AF08B946FFB2BA46671EBB4647468A44F4
:10B90C00002F00D196E16446264306705846002865
:10B91C000FD1504603240078800020430024C0B28D
:10B92C005546023328709DB206239B46AB089946B8
:10B93C0026E7444624E79808C4B2A1465746444635
:10B94C008944013C002F00D18DE167463E431670BF
:10B95C00002C37D14B4603221B789B00134300224B
:10B96C009046DBB24A4602351370009AABB2019D89
:10B97C0001320624980800929542ACD10224C0B240
:10B98C000A5C012692000A545A1C9205120E885C1D
:10B99C000233800020439BB2885403251800820890
:10B9AC00D2B28B5C441C9B0033438B54A0B22C4210
:10B9BC00F5D18308D8B203B0F0BCBB46B246A94659
:10B9CC00A046F0BDD04680E7A808C7B2BB46012709
:10B9DC007F425744B8464F468B44002F00D156E166
:10B9EC0067463B4323704346002B00D05CE15B462B
:10B9FC0003201B789B00034300208246DBB2584691
:10BA0C00037006230236B5B29846A80847E7B40877
:10BA1C00E7B2BB4601277F424F44BA4647468B44A8
:10BA2C00002F00D1F2E067463B4303705346002BD6
:10BA3C000FD15B4603201B789B00034300208146FB
:10BA4C00DBB25846037006230235AEB29A46B408F0
:10BA5C000EE7C1460CE7A808C7B2BB4601277F42D8
:10BA6C004744B94657468B44002F00D1BAE067468D
:10BA7C003B4323704B46002B0FD15B4603201B78B6
:10BA8C009B00034300208046DBB25846037006231C
:10BA9C000236B5B29946A808D3E6D046D1E6B4082A
:10BAAC00E7B2BB4601277F425744B8464F468B440A
:10BABC00002F00D183E067463B4303704346002BC5
:10BACC000FD15B4603201B789B000343002082466A
:10BADC00DBB25846037006230235AEB29846B40862
:10BAEC0098E6CA4696E6A808C7B2B84601277F4230
:10BAFC004F44BA465F468844002F4DD067463B43BF
:10BB0C0023705346002B0FD1434603201B789B0018
:10BB1C00034300208146DBB2404603700623023605
:10BB2C00B5B29A46A8085DE6D9465BE6B708B846B2
:10BB3C00FFB2BA4601277F425F44B9468A44002CC3
:10BB4C0018D067463B4303704B46002B10D153462D
:10BB5C0003201B789B00034300208346DBB2504636
:10BB6C00037006230235AEB29946B308984620E618
:10BB7C00A3461EE603273B4303705B46012BF7D11C
:10BB8C00534660461B789B000343DBB2E7E76346F2
:10BB9C001E430124F6B2EEE503273B4323704B46CC
:10BBAC00012BC1D1434660461B789B000343DBB29B
:10BBBC00B2E7644623430124DBB2A346F4E5032732
:10BBCC003B4303705346012B8BD15B4660461B787D
:10BBDC009B000343DBB27CE7604603430120DBB2EE
:10BBEC008146FBE503273B4323704346012B00D0E2
:10BBFC0053E75B4660461B789B000343DBB244E78C
:10BC0C00644623430124DBB2A246FFE503273B43F2
:10BC1C0003704B46012B00D01BE75B4660461B783C
:10BC2C009B000343DBB20CE7604603430120DBB20D
:10BC3C00804602E603273E430670012C00D078E6CE
:10BC4C0050466546007880002843C0B268E66046DE
:10BC5C0003430120DBB282461DE660460643012009
:10BC6C00F6B280462EE603273E4316704246012A62
:10BC7C0000D0A7E64B4662461B789B001343DBB211
:10BC8C0070E6644623430124DBB2A146ECE50327AE
:10BC9C003B4323705346012B06D15B4660461B7811
:10BCAC009B000343DBB2AAE6CA46F8E50123F0B5D4
:10BCBC004546DE4657464E46984603000122E0B5FF
:10BCCC00023383B000900193062400230020944695
:10BCDC00B7E04346002B00D10DE2032300241E43A2
:10BCEC00F6B206239B46AB08994606704B460227D4
:10BCFC00D8B20B5C6E1C9B000818DBB2B6B21742B4
:10BD0C0000D0C7E1002C00D107E203242343002418
:10BD1C00A346DBB2037006239946B3089846434604
:10BD2C000420DCB20B5D751C9B000C19DBB2ADB2B0
:10BD3C00104200D08BE15846002800D100E20320CD
:10BD4C00034300208146DBB2237006239A46A808E1
:10BD5C000824C0B20B5C6E1C9B000818DBB2B6B298
:10BD6C00144200D04FE14C46002C00D1FCE10324DE
:10BD7C0023430024A246DBB2037006239846B40882
:10BD8C00E4B20B5D751C9B000C19DBB2ADB2D00696
:10BD9C0000D514E15046002800D1F9E103200343FB
:10BDAC0000208046DBB2237006239946A808C0B257
:10BDBC000B5C6E1C9B000818DBB2B6B2940600D567
:10BDCC00D9E04446002C00D10FE203242343002485
:10BDDC00A146DBB2037006239A46B408E4B20B5DAD
:10BDEC00751C9B000C19DBB2ADB2500600D59FE060
:10BDFC004846002800D1DEE10320034300208246A0
:10BE0C00DBB2237006239846A808C0B20E5C6B1CEC
:10BE1C00B600D409F6B20A189BB2002C41D1504698
:10BE2C00002800D1CDE10320064300208046F6B265
:10BE3C00062416709808009A019D013200929542D2
:10BE4C0052D00127C0B2009A0E5C1278B6005D1C6D
:10BE5C000818F6B2ADB2174200D13AE7AF08B946AE
:10BE6C00FFB2BA46671EBB4647468A44002F00D134
:10BE7C0094E1644626430670584600280FD150467C
:10BE8C0003240078800020430024C0B255460233BE
:10BE9C0028709DB206239B46AB08994626E744467C
:10BEAC0024E79808C4B2A146574644468944013C4D
:10BEBC00002F00D18BE167463E431670002C35D124
:10BECC004B4603221B789B00134300229046DBB2A7
:10BEDC004A4602351370009AABB2019D013206241A
:10BEEC00980800929542ACD10224C0B20A5C01269B
:10BEFC0092000A545A1C9205120E885C0233800080
:10BF0C0020439BB28854032518008208D2B28B5C64
:10BF1C00441C9B0033438B54A0B22C42F5D103B08C
:10BF2C00F0BCBB46B246A946A046F0BDD04682E75F
:10BF3C00A808C7B2BB4601277F425744B8464F46B4
:10BF4C008B44002F00D156E167463B432370434698
:10BF5C00002B00D05CE15B4603201B789B00034365
:10BF6C0000208246DBB25846037006230236B5B277
:10BF7C009846A80849E7B408E7B2BB4601277F42B8
:10BF8C004F44BA4647468B44002F00D1F2E0674637
:10BF9C003B4303705346002B0FD15B4603201B78A9
:10BFAC009B00034300208146DBB2584603700623F6
:10BFBC000235AEB29A46B40810E7C1460EE7A8089F
:10BFCC00C7B2BB4601277F424744B94657468B440C
:10BFDC00002F00D1BAE067463B4323704B46002B41
:10BFEC000FD15B4603201B789B0003430020804647
:10BFFC00DBB25846037006230236B5B29946A80840
:10C00C00D5E6D046D3E6B408E7B2BB4601277F425B
:10C01C005744B8464F468B44002F00D183E0674607
:10C02C003B4303704346002B0FD15B4603201B7828
:10C03C009B00034300208246DBB258460370062364
:10C04C000235AEB29846B4089AE6CA4698E6A808F5
:10C05C00C7B2B84601277F424F44BA465F46884470
:10C06C00002F4DD067463B4323705346002B0FD116
:10C07C00434603201B789B00034300208146DBB220
:10C08C004046037006230236B5B29A46A8085FE60E
:10C09C00D9465DE6B708B846FFB2BA4601277F42DB
:10C0AC005F44B9468A44002C18D067463B43037062
:10C0BC004B46002B10D1534603201B789B000343A7
:10C0CC0000208346DBB25046037006230235AEB225
:10C0DC009946B308984622E6A34620E603273B433D
:10C0EC0003705B46012BF7D1534660461B789B00CF
:10C0FC000343DBB2E7E763461E430124F6B2F0E5E7
:10C10C0003273B4323704B46012BC1D1434660466A
:10C11C001B789B000343DBB2B2E764462343012444
:10C12C00DBB2A346F6E503273B4303705346012BD2
:10C13C008BD15B4660461B789B000343DBB27CE7EC
:10C14C00604603430120DBB28146FDE503273B43F8
:10C15C0023704346012B00D053E75B4660461B78A7
:10C16C009B000343DBB244E7644623430124DBB268
:10C17C00A24601E603273B4303704B46012B00D03C
:10C18C001BE75B4660461B789B000343DBB20CE766
:10C19C00604603430120DBB2804604E603273E439E
:10C1AC000670012C00D07AE6504665460078800077
:10C1BC002843C0B26AE6604603430120DBB28246E4
:10C1CC001FE6604606430120F6B2804630E60327A0
:10C1DC003E4316704246012A00D0A7E64B46624603
:10C1EC001B789B001343DBB272E6644623430124A5
:10C1FC00DBB2A146EEE503273B4323705346012BEC
:10C20C0006D15B4660461B789B000343DBB2AAE673
:10C21C00CA46FAE5F0B5DE4657464E464546E0B509
:10C22C0085B002900391002900D1AFE200230121D7
:10C23C000193013398460624002300208C46B7E076
:10C24C004346002B00D112E2032300241E43F6B216
:10C25C0006239B46AB08994606704B460227D8B27C
:10C26C00135C6E1C9B001018DBB2B6B20F4200D0F0
:10C27C00CCE1002C00D10CE2032423430024A34680
:10C28C00DBB2037006239946B30898464346042054
:10C29C00DCB2135D751C9B001419DBB2ADB2084205
:10C2AC0000D090E15846002800D105E2032003435A
:10C2BC0000208146DBB2237006239A46A808082486
:10C2CC00C0B2135C6E1C9B001018DBB2B6B20C42F1
:10C2DC0000D054E14C46002C00D101E2032423434E
:10C2EC000024A246DBB2037006239846B408E4B2DD
:10C2FC00135D751C9B001419DBB2ADB2C80600D5DA
:10C30C0019E15046002800D1FEE103200343002030
:10C31C008046DBB2237006239946A808C0B2135C92
:10C32C006E1C9B001018DBB2B6B28C0600D5DEE09A
:10C33C004446002C00D114E2032423430024A146DC
:10C34C00DBB2037006239A46B408E4B2135D751C85
:10C35C009B001419DBB2ADB2480600D5A4E04846E8
:10C36C00002800D1E3E10320034300208246DBB226
:10C37C00237006239846A808C0B2165C6B1CB60046
:10C38C00CC09F6B211189BB2002C42D150460028B1
:10C39C0000D1D2E10320064300208046F6B20624E9
:10C3AC000E7098080199039D01310191A94253DA4D
:10C3BC000127019DC0B20299165C495DB6005D1C57
:10C3CC001018F6B2ADB20F4200D139E7AF08B9463A
:10C3DC00FFB2BA46671EBB4647469244002F00D1B7
:10C3EC0098E1644626430670584600280FD1504603
:10C3FC0003240078800020430024C0B25546023349
:10C40C0028709DB206239B46AB08994625E7444607
:10C41C0023E79808C4B2A146574644469144013CD0
:10C42C00002F00D18FE167463E430E70002C39D1AE
:10C43C004B4603211B789B000B4300218846DBB243
:10C44C00494602350B700199ABB2039D01310624AC
:10C45C0098080191A942ABDB591C8905C0B2090EA1
:10C46C000233101851189BB2022704780126A4003D
:10C47C000470087803258000384308701800810880
:10C48C00C9B2535C441C9B0033435354A0B22C429E
:10C49C00F5D18308D8B205B0F0BCBB46B246A9466C
:10C4AC00A046F0BDD0467DE7A808C7B2BB46012721
:10C4BC007F425744B8464F469344002F00D156E173
:10C4CC0067463B4323704346002B00D05CE15B4640
:10C4DC0003201B789B00034300208246DBB25846A6
:10C4EC00037006230236B5B29846A80844E7B40890
:10C4FC00E7B2BB4601277F424F44BA4647469344B6
:10C50C00002F00D1F2E067463B4303705346002BEB
:10C51C000FD15B4603201B789B0003430020814610
:10C52C00DBB25846037006230235AEB29A46B40805
:10C53C000BE7C14609E7A808C7B2BB4601277F42F3
:10C54C004744B94657469344002F00D1BAE067469A
:10C55C003B4323704B46002B0FD15B4603201B78CB
:10C56C009B00034300208046DBB258460370062331
:10C57C000236B5B29946A808D0E6D046CEE6B40845
:10C58C00E7B2BB4601277F425744B8464F46934417
:10C59C00002F00D183E067463B4303704346002BDA
:10C5AC000FD15B4603201B789B000343002082467F
:10C5BC00DBB25846037006230235AEB29846B40877
:10C5CC0095E6CA4693E6A808C7B2B84601277F424B
:10C5DC004F44BA465F469044002F4DD067463B43CC
:10C5EC0023705346002B0FD1434603201B789B002E
:10C5FC00034300208146DBB240460370062302361B
:10C60C00B5B29A46A8085AE6D94658E6B708B846CD
:10C61C00FFB2BA4601277F425F44B9469244002CD0
:10C62C0018D067463B4303704B46002B10D1534642
:10C63C0003201B789B00034300208346DBB250464B
:10C64C00037006230235AEB29946B30898461DE630
:10C65C00A3461BE603273B4303705B46012BF7D134
:10C66C00534660461B789B000343DBB2E7E7634607
:10C67C001E430124F6B2EBE503273B4323704B46E4
:10C68C00012BC1D1434660461B789B000343DBB2B0
:10C69C00B2E7644623430124DBB2A346F1E503274A
:10C6AC003B4303705346012B8BD15B4660461B7892
:10C6BC009B000343DBB27CE7604603430120DBB203
:10C6CC008146F8E503273B4323704346012B00D0FA
:10C6DC0053E75B4660461B789B000343DBB244E7A1
:10C6EC00644623430124DBB2A246FCE503273B430B
:10C6FC0003704B46012B00D01BE75B4660461B7852
:10C70C009B000343DBB20CE7604603430120DBB222
:10C71C008046FFE503273E430670012C00D076E6E9
:10C72C0050466546007880002843C0B266E66046F5
:10C73C0003430120DBB282461AE660460643012021
:10C74C00F6B280462BE603273E430E704146012984
:10C75C0000D0A7E64B4661461B789B000B43DBB22F
:10C76C006EE6644623430124DBB2A146E9E50327C8
:10C77C003B4323705346012B06D15B4660461B7826
:10C78C009B000343DBB2AAE6CA46F5E51100100094
:10C79C00022369E6F0B5DE46574645464E46E0B5FF
:10C7AC008FB00400150002928B460022C16B00680A
:10C7BC0002F06EFA0023A360236862689846AB7897
:10C7CC00EF789246DAB29146FFB2203B00D594E264
:10C7DC0001229A401300012148460A008240380089
:10C7EC00203800D585E28140194301910121B940DF
:10C7FC00ED4D11434544404600912D0D514602F03C
:10C80C0067FA063501220021484602F0E9FAEDB23A
:10C81C0001220021380002F0E3FA2900484602F018
:10C82C0027FA2900380002F023FA80235B020A93CE
:10C83C008123DB010B938023DB050D93DB4B052060
:10C84C000C9302F0C5FA02F003FAD94902F098FAF7
:10C85C00EC21890502F084FA061C02F079FA85B203
:10C86C000020002D0ED0280002F0F2F9011C301C23
:10C87C0002F056FA8721C90502F042FA02F068FA72
:10C88C00C0B200022D040543012251460AAB4046BA
:10C89C000A9502F08DFA3B004A4651464046FEF797
:10C8AC0083FE52460123934042461268A568134307
:10C8BC00424613605B46DB7B291D5A1E9341802246
:10C8CC00120194461F22DB020235634411402A40B8
:10C8DC0019431A435B46A16262621B7B20697F2B62
:10C8EC0000D9FBE1B34902F0FBF98046434661698C
:10C8FC00A3618A465946029B20699A78DB7803909B
:10C90C00097BDDB249B28946D1B204919A4200D377
:10C91C0064E100230A0000935146023302F0A0F9AF
:10C92C00049E01220021300002F05AFA012200215B
:10C93C00280002F055FA0121300002F029FA2800F3
:10C94C00012102F025FA434642460633D2011B036D
:10C95C0013434A460593002A00DB47E1C023802697
:10C96C001B03F8270C93002306AD10220AA92800FC
:10C97C0076027F020D930A960B9702F081F9059BC4
:10C98C00102229006B600AA802F07AF90AA9102279
:10C99C00280002F075F90021F823AE685B05B44657
:10C9AC00854E994631406B68844E42463340844EE6
:10C9BC00F820B046664647463E40B046814E0003DE
:10C9CC00B446464667463E43AE60049EF703384085
:10C9DC0001434846E96031060140039E0B436B60FE
:10C9EC0051462B00300002F0E3F953460121B446C6
:10C9FC0099401F225B005344DB0073486344D833D7
:10CA0C001860336820698B433360A3691340E36279
:10CA1C006E4B23635B465B7B7F2B00D963E16C49D8
:10CA2C0002F05EF902000390029922628B78DBB26D
:10CA3C000493CB78DBB205931300033209331B0349
:10CA4C00D2011A435B465B7B92465BB298465B46CF
:10CA5C009B799B46236999464346002B00DB03E1F7
:10CA6C00C02380261B03F8270C93002310220AA94D
:10CA7C00280076027F020D930A960B9702F000F9BC
:10CA8C005346102229006B600AA802F0F9F8102214
:10CA9C0028000AA902F0F4F80022049BAE68D9031E
:10CAAC00059BB4461806F8231B031940F8235B05B5
:10CABC00184080238046404E1804324011436B6866
:10CACC003E4AE9601340424613436B606346414A59
:10CADC001A400243AA60052002F07AF902F0B8F875
:10CAEC003D4902F04DF9EC21890502F039F98246F5
:10CAFC0002F02EF983B2984642460023002A0ED04B
:10CB0C00404602F0A5F8011C504602F009F98721B5
:10CB1C00C90502F0F5F802F01BF9C3B21B0242463C
:10CB2C001004184359462B00039A0690484602F00D
:10CB3C003FF95A46012393404A461268029E13431A
:10CB4C004A461360B278F37861682068D2B2DBB2DF
:10CB5C00FEF72AFD616922694B005B18DB00D318D4
:10CB6C00CC33B57815481968E4692D060140294382
:10CB7C00196063001B19DB00D3181C00CC34F1784E
:10CB8C002268090602400A432260DC33B1780A4865
:10CB9C001A68C90302400A431A600FB0F0BCBB46C6
:10CBAC00B246A946A046F0BD0000E0AF000006501A
:10CBBC00001B374CD4B00010FF7FF0FFFFFFFFE0ED
:10CBCC00FFFF0A3E00008580EBA0000020E0000083
:10CBDC000CB10010FFFF0AFE001BB74C00232A000B
:10CBEC0000935146023302F03BF899E6180080237B
:10CBFC005B020693C02319034A4B802218400300A2
:10CC0C00D205134307934B460891099206AD203B7E
:10CC1C0079D401229A4013001F004A460193012344
:10CC2C0093401E005146002203980093002302F00B
:10CC3C004FF832000096039E3B005146300001979E
:10CC4C0002F03EF8384B4846F118090D0631C9B2CE
:10CC5C0002F00EF84B46F8229B02D2011340E96811
:10CC6C00324A1140194397E680235B020693C02396
:10CC7C0050461903403B9A052A4B184043466860BE
:10CC8C000891EA60203B45D401229A4092465346D3
:10CC9C00424601930123934059461E004846002208
:10CCAC000093002302F014F85346320001935946C6
:10CCBC004846009602F004F81B4940464944090DC9
:10CCCC000631C9B201F0D4FF4346F8229B02D201CF
:10CCDC0013401649EA680A401A43DEE6144901F08B
:10CCEC00FFFF804602E6134901F0FAFF02000390B1
:10CCFC009AE62020C01BC14076E54B462022D21A72
:10CD0C000123D34067E54A4620239B1A0122DA40CF
:10CD1C00130081E7424620239B1A0122DA409246F7
:10CD2C00B5E7C046FFFFFF9F0000E0AFFF83FFFFAA
:10CD3C00F0B0001038B10010F8B5DE464E4657463C
:10CD4C0045465823E0B5C35C04000E009346002B07
:10CD5C0037D10123D82598469C46A023AA4667685C
:10CD6C00DB0599467B002168D819C000081882445D
:10CD7C005546A06AE2682860584692014A441660FB
:10CD8C00D06142460A6360460A6B1042FBD05922BE
:10CD9C000863A25C002A0CD0DB19DB00CB18D4335F
:10CDAC001A68022AFCD9F0BCBB46B246A946A0467A
:10CDBC00F8BDDA19D2008B18D4331A68012AF2D8CC
:10CDCC00FBE7FEF733FCC4E7F0B50400F020DE46C9
:10CDDC0057464E464546C000DB0103407F20E0B578
:10CDEC00024085B015006F461D4301303870280095
:10CDFC00797001F031F801AEBD70C0002D0A054309
:10CE0C0031006846FD70FEF79BFC5823E35C8346BB
:10CE1C00002B38D10123D82598469C46A023AA463E
:10CE2C006768DB0599467B002068DA19D200821806
:10CE3C0092445546A26AE1682A605A4689014944DF
:10CE4C000E60CA61424602636146026B1142FBD01E
:10CE5C0059220163A25C002A0DD0DB19DB00C31838
:10CE6C00D4331A68022AFCD905B0F0BCBB46B246D2
:10CE7C00A946A046F0BDDA19D2008318D4331A683B
:10CE8C00012AF1D8FBE72000FEF7D0FBC2E7C04631
:10CE9C000121F0B50E004569C646AE4002692B1D56
:10CEAC0099406B005B191568DB00B54300B5C76A88
:10CEBC001560056BD0180B4B80249C4680462406CD
:10CECC00604404600460802043468001D83310180D
:10CEDC0001601F601D6013683343136080BCB8464B
:10CEEC00F0BDC046D0100000F0B54646D6464F46C1
:10CEFC005922C0B5825C082351424A41304C5242FF
:10CF0C009A430826A56A0C3203E00369196B0E429A
:10CF1C0009D1A36A5B1B9342F7D90020E0BCBA4647
:10CF2C00B146A846F0BDA66AA26A0021921B072A48
:10CF3C00F3D8042290460B329446214A9246022999
:10CF4C001ED144461A6B144210D15246926A921B5F
:10CF5C00072A0BD802292FD10424194D03E0AA6A01
:10CF6C00921B072A02D81A6B1442F8D00D00022D1E
:10CF7C00D3D15A23C35C802BCFD1253BC05CCDE7EA
:10CF8C005A274269DC68D500B9460435EC4067463F
:10CF9C0045180832A9444D1C92002DB22742D0D01E
:10CFAC0049469A58120E0A705246966A926A921B19
:10CFBC00072ADCD82900C2E70D002900BFE7C046CC
:10CFCC0000400540F0B54546DE4657464E465923CF
:10CFDC00E0B587B00591C35C8046002B00D0B4E06F
:10CFEC00002203249246A14B986A082546469F4985
:10CFFC0003E03269136B1D420CD18B6A1B1AA342DE
:10D00C00F7D90120404207B0F0BCBB46B246A94656
:10D01C00A046F0BD8B6A04209C467369B046DE00C6
:10D02C0008339B0001930023834691489149039058
:10D03C005A200436B146029300240B000F270E0031
:10D04C001500404404904846EA68C240174222D07A
:10D05C00019AAA58120E7F2C28DD8448806A8446D7
:10D06C001002090A0143FF2072400240039852004B
:10D07C00105ACA4392B2D31A5A425341320ADBB203
:10D08C0050400293330006004846EA680134C2401F
:10D09C0024B21742DCD158462A6B10420ED160469E
:10D0AC00724A926A121A072ACDD9AAE70498025535
:10D0BC006E48806A8446012CD2DCE5E75346002B8F
:10D0CC0001D0033BFDD2059BD22B4CD1032C98DD18
:10D0DC00029B002B00D194E758234246D35C002BD3
:10D0EC003DD105218C4604398A464146C868A021A9
:10D0FC0043464746C90589465A681B685500A91816
:10D10C00C900BF6A5918D8310F6080015A49484488
:10D11C0001606146C161514601261963196B0E42CB
:10D12C00FCD0592140461E63AA18D200415C9B18C2
:10D13C00D433002904D11A68012AFCD9201F62E7D4
:10D14C001A68022AFCD9201F5DE75023C25A0C240E
:10D15C0053009B18454A5B009A46906A45E7404647
:10D16C00FEF764FABDE742465823D35C059A5A2A67
:10D17C0030D0002B68D1424641461068926ACC6888
:10D18C009446A02101224346C9056646894692462B
:10D19C005B68A4015A00D118C9004118D8310E603F
:10D1AC0036494C442160052751460125E76101634E
:10D1BC00016B0D42FCD0592144460563615C00298A
:10D1CC0039D0D318DB00C318D4331A68022A00D91B
:10D1DC0017E7FAE7002B44D1424640461168926AA1
:10D1EC00C4689446A02001224346C0056646814689
:10D1FC0092465B68A4015A00D018C0000818D830B9
:10D20C0006601F484C442060052750460125E76105
:10D21C000863086B0542FCD0592044460D63205C22
:10D22C00002815D0D318DB00CB18D4331A68022A87
:10D23C0000D9E6E6FAE7D218D2008318D4331A687C
:10D24C00012A00D9DDE6FAE74046FEF7EFF992E74E
:10D25C00D218D2008B18D4331A68012A00D9D0E620
:10D26C00FAE74046FEF7E2F9B6E7C0460040054053
:10D27C00442C0020FFFF000004530020BC7200204F
:10D28C007C57002000224B7910B50C791B022343EC
:10D29C00C3808B780371CB7803728B794372827263
:10D2AC00C27210BDF0B5437B150004000E0093B0A4
:10D2BC00DAB2002B3ED1B433C1500433C552023321
:10D2CC00C252B12200238354C278002A08D1437180
:10D2DC00002301220120A373E373627313B0F0BD2A
:10D2EC00C3889D4201D3C588ADB2E37A01AF013B3F
:10D2FC005A1E934178225B4213404B337B70802340
:10D30C003B706B462A00981D310001F0B9FC2900D6
:10D31C00300001F045FD22000300291D7D19AB7082
:10D32C0038001B0AC9B21032EB70FEF773FFB02342
:10D33C00E054CDE70020D1E730B501250278134C3D
:10D34C0053009B18124A1B019B18124A821A921006
:10D35C0062432C0094405A690A435A6120290DD02B
:10D36C00402905D0802906D11A6A22431A6202E0AC
:10D37C00DA692243DA610023437330BD9A69224390
:10D38C009A61C378002BF6D14571F4E7CF467D67DF
:10D39C002C710020AC590020B423F0B5C558040002
:10D3AC006D1893B0C5500120BA22E37A4340E37262
:10D3BC00A35ACB189BB2A352E2888A4203D8B82254
:10D3CC00A25A934206D320002021FFF7B5FF00207C
:10D3DC0013B0F0BDE17800292AD0D21AE38896B2B6
:10D3EC009E4201D3E688B6B2E37A01AF013B5A1EE6
:10D3FC00934178225B4213404B337B7080233B700C
:10D40C006B463200981D290001F03AFC31002800CF
:10D41C0001F0C6FC22000300311DBE19B3703800A8
:10D42C001B0AC9B21032F370FEF7F4FEB023E054BD
:10D43C000120CDE7FC21002005FF000000D7A273DE
:10D44C0080F3A26B83F000001022002005FF000087
:10D45C0000C7A27380F3A26B83F00000242200208B
:10D46C0005FF000000CFA26B80EBA27383E80000E5
:10D47C003822002005FF000000C7A26B80EBA273CE
:10D48C0083E800009A421CD24B005B18DB00C018EA
:10D49C00DC300168194B1940802311439B030B436B
:10D4AC0003600168164B19405301194380231B0577
:10D4BC000B4303600368134992020B401343036050
:10D4CC0070474A005218D2008018DC3001680B4AB1
:10D4DC0011408022194392030A4302600168084AF2
:10D4EC0011405A011143802212050A43026002685E
:10D4FC0004499B020A4013430360E1E7E0FF0FFC81
:10D50C001FFCFFE3FF83FFFF012270B5010083784E
:10D51C001000D024984024066368034058424341CD
:10D52C00C87882401000626802405042424152006A
:10D53C00012013431AD1284A906A936A9842FCD06E
:10D54C0001200400D0258B782D069C406B6823406D
:10D55C005C426341CC78A04004006868204044429F
:10D56C006041400003430120002B00D070BD906A45
:10D57C00194A936A9842FCD0012200200223887336
:10D58C00CA734A69154C1A43154B4A61C91A0911D9
:10D59C008B005B181A019B181A029B181D045D194D
:10D5AC00BC236D006D185B01EDB2E61802E0BC34D3
:10D5BC00A6420FD02378AB42F9D1E388002BF6D0EA
:10D5CC00637B002BF3D020004021BC34FFF7B4FE6A
:10D5DC00A642EFD10020C9E700400540AC5900201D
:10D5EC002C710020F0B557464E464546DE462C4B76
:10D5FC00E0B55E695968B04680268B46012083B041
:10D60C007602019607005E4659220021B740482554
:10D61C004A2499541968BA460A68BA430A605A5B94
:10D62C001C5D120424021443A1464246040094409B
:10D63C004E22944672004E465A44D2008A18C83282
:10D64C00166056460A68DD6932430A604146A840B6
:10D65C001A69490016684144A643C900166051185E
:10D66C00019EC8310E6011684C270C431460116880
:10D67C00814311606146595CDB5B09021B04194351
:10D68C006B005B19DB00D318C8331960136818439F
:10D69C00106003B0F0BCBB46B246A946A046F0BD34
:10D6AC00A0570020037B002B07D006480649074AE9
:10D6BC00074BD86319645A64704704480549014AFA
:10D6CC00F6E7C046DC2B0020C82B0020042C0020E1
:10D6DC00A0570020F02B0020F8B5B822BA23865AA8
:10D6EC00C25AC388B61AB6B204009E4201D3C68889
:10D6FC00B6B22D4D2800FFF7CBFB62782379E121E0
:10D70C002800D2B2DBB2FFF75FFBB0232100E25C52
:10D71C0010312800FFF710FB1E221E212B691A6303
:10D72C001A6B1142FCD101272800FFF7DDFB3A00F0
:10D73C006B695B209A40130029690A689A430A6056
:10D74C002A5CDB43D22A15D05A2A09D01E2A1AD1B8
:10D75C0080212000FFF7F0FD6B6929699F40FB4396
:10D76C00B1220020A0540A6813400B605A220023F7
:10D77C00AB52F8BD31002000FFF70EFE6B69296932
:10D78C009F40FB43ECE7B120225C0132D2B2225421
:10D79C00022AE8D940212000FFF7CEFD6B692969E8
:10D7AC009F40FB43DFE7C046A0570020F8B50500BB
:10D7BC00EB7A7826013B5A1E9341294C5B422000A0
:10D7CC001E40FFF765FB6A782B796921D2B2DBB278
:10D7DC002000FFF7F9FA1E221E2123694B361A632B
:10D7EC001A6B1142FCD1D2212000FFF7EBFB5B231B
:10D7FC000700E35C00280FDBB34220D0B1230022EA
:10D80C002169EA54012260690B68824093430B60E2
:10D81C005A220023A352F8BD5A2BEFD01E2B1AD03C
:10D82C00B12221690B6BAB5C0133DBB2AB54022B25
:10D83C00E8D940212800FFF77FFD2169E2E7B423F6
:10D84C0021003A00E8585C3101F01AFA2800B9B20C
:10D85C00FFF7A2FDD2E780212800FFF76DFDCDE791
:10D86C00A057002070B50400214D2800FFF710FBD5
:10D87C00627800232D212800D2B2FFF7A5FA0023ED
:10D88C00B0222100A25C1031E3722800FFF754FA99
:10D89C001E231E2229690B6316000B6B1E401A42B5
:10D8AC00FAD12800FFF720FB01226B6929699A4005
:10D8BC000B6893430B60D2280CD1BA230822202189
:10D8CC00E2522000FFF738FDB123E6545B2300221F
:10D8DC00EA5470BD2D23B122E372A35C0133DBB299
:10D8EC00A354022BF2D940212000FFF725FDEDE7D0
:10D8FC00A0570020F0B580270025BF01002A0BD0CF
:10D90C006E00EC188E5B1234A4000135BE4200D2BE
:10D91C00F6182650AA42F3D8F0BDC046F8B5DE463C
:10D92C0057464E464546592300223A4CE0B5060070
:10D93C00E254FFF7B7FE384980228C4667682068AE
:10D94C007D00ED19ED0043196344E16B12061A607A
:10D95C001A600A79A3680968FFF7CCFF4A234822AA
:10D96C00E35CA25A451912041B0213432A00C83265
:10D97C001360B278F3783900D2B2DBB2FFF782FDD4
:10D98C008022520294464C22636AD8352B6063691C
:10D99C0093465A00D218E36925699846CC239946D8
:10D9AC00B378D2001B069A46AA1891444B465146AE
:10D9BC001B681A4FC8323B400B4349460B60634609
:10D9CC001360CC22434694465B004344DB00EB18C7
:10D9DC009C4462466146F57812682D063A402A430B
:10D9EC000A60B5781E0059464E20DC3632680C4F62
:10D9FC00ED033A402A433260225C615A1202090458
:10DA0C00C8330A431A60F0BCBB46B246A946A046CE
:10DA1C00F8BDC046A0570020D0100000FFFFFFE06B
:10DA2C00FF7FF0FFF8B5DE4657464E464546592374
:10DA3C0001223A4CE0B50600E254FFF733FE3849B8
:10DA4C0080228C46676820687D00ED19ED00431933
:10DA5C006344616C12061A601A600A79A36809683B
:10DA6C00FFF748FF52235022E35CA25A45191204D7
:10DA7C001B0213432A00C8321360B278F3783900C2
:10DA8C00D2B2DBB2FFF7FEFC802252029446542243
:10DA9C00636AD8352B60636993465A00D218E369E0
:10DAAC0025699846CC239946F378D2001B069A46F2
:10DABC00AA1891444B4651461B681A4FC8323B403A
:10DACC000B4349460B6063461360CC224346944695
:10DADC005B004344DB00EB189C4462466146B5781E
:10DAEC0012682D063A402A430A60F5781E00594602
:10DAFC005620DC3632680C4FED033A402A43326034
:10DB0C00225C615A12020904C8330A431A60F0BC41
:10DB1C00BB46B246A946A046F8BDC046A057002059
:10DB2C00D0100000FFFFFFE0FF7FF0FF437B10B53C
:10DB3C00002B02D0FFF7F2FE10BDFFF773FFFBE7DF
:10DB4C00F8B5DE4657464E464546A34BE0B51B7826
:10DB5C00002B00D1B5E0A14D2B78002B06D0AB7B70
:10DB6C00002B03D0EB7B002B00D1FBE09C4B9A46A7
:10DB7C009C4B9B463023EB5C002B1CD03E23EB5C78
:10DB8C00002B18D03F23EB5C002B14D12C0030342D
:10DB9C002000FFF7B9FC00280DD02000FFF7C6FFCE
:10DBAC003D23EB5C002B00D105E1534659461A7816
:10DBBC008D48FFF7C1F82B78A846002B0BD0002618
:10DBCC0043469B7B002B04D04346DB7B002B00D1D0
:10DBDC0088E0012E07D030239C46E04443461B7856
:10DBEC000126002BECD12B78002B22D0AB7B002B09
:10DBFC001FD101210A00D020AB7800069A4043685F
:10DC0C00EC781A4053425A4143680800A040034044
:10DC1C00584243415B001343013BDAB2012A08D856
:10DC2C005A425341DBB26B73A973E9736B690B43B3
:10DC3C006B613023EB5C002B27D03E216B5C002BFF
:10DC4C0023D101200600D0223233EB5C12069E4019
:10DC5C00332453682C5D33400600A64052685C4266
:10DC6C00634132405442624152001343013BDAB2E9
:10DC7C00012A0AD85A4253413D22DBB2AB543F230E
:10DC8C006854E8546B6C03436B646B69002B22D1B2
:10DC9C006B6C002B1BD1554B554D1A6801321A6019
:10DCAC001C686405600DA87000F0D6F8640FC00005
:10DCBC0004435A4604212800EC70FEF7ABFA534695
:10DCCC001870F0BCBB46B246A946A046F8BD012070
:10DCDC00FDF75EFBDFE70020FDF75AFB6B6C002BBA
:10DCEC00D9D0F4E74046FFF721FFBC23414C5B0140
:10DCFC00E71803E0BC34A74200D16AE723789E42C0
:10DD0C00F8D1E388002BF5D00322237A1A409146F0
:10DD1C00032A3ED0637B002BECD0E37B002BE9D1B4
:10DD2C000121A378A173002B02D058232E4AD15481
:10DD3C002379002B02D1E37A2D2B48D023792000B4
:10DD4C005BB2002B2DDBFFF7C7FC4B46032B03D13B
:10DD5C00637A013BDBB2A372A378002B24D100239E
:10DD6C00A373C7E72800FFF7CFFB002800D1FDE61F
:10DD7C002800FFF7DBFE6B7B002B22D0184B1A48D8
:10DD8C009A46184B9B46534659461A78FEF7D4FFD1
:10DD9C00F0E6A37A002BBDD0A37A013BDBB2A372D1
:10DDAC00A8E7FFF703FDD0E7582300210E4AD15412
:10DDBC00FFF718FCD3E701220F490B48FEF7BCFF15
:10DDCC00F9E601220C490848FEF7B6FFCEE6200022
:10DDDC00FFF748FDC0E7C046CC7200202C71002034
:10DDEC00CB720020B0720020A0570020AC72002033
:10DDFC00603C0020AC5900207057002010B5FFF794
:10DE0C009FFE012010BDC046D02B002005FF000056
:10DE1C0000D7A27380F3A26B83F00000E42B0020E8
:10DE2C0005FF000000C7A27380F3A26B83F0000013
:10DE3C00F82B002005FF000000CFA26B80EBA27333
:10DE4C0083E800000C2C002005FF000000C7A26B2B
:10DE5C0080EBA27383E800001F2330B51F2114242C
:10DE6C005840C507ED174308054A2C400B4063404A
:10DE7C00D35C800901404B40D05C1F23584030BD1F
:10DE8C00442E00200000C1C081C1400101C3C00369
:10DE9C00800241C201C6C006800741C70005C1C54A
:10DEAC0081C4400401CCC00C800D41CD000FC1CF0A
:10DEBC0081CE400E000AC1CA81CB400B01C9C009FA
:10DECC00800841C801D8C018801941D9001BC1DB9A
:10DEDC0081DA401A001EC1DE81DF401F01DDC01D4A
:10DEEC00801C41DC0014C1D481D5401501D7C0176A
:10DEFC00801641D601D2C012801341D30011C1D17A
:10DF0C0081D0401001F0C030803141F10033C1F3B9
:10DF1C0081F240320036C1F681F7403701F5C03549
:10DF2C00803441F4003CC1FC81FD403D01FFC03F09
:10DF3C00803E41FE01FAC03A803B41FB0039C1F9F9
:10DF4C0081F840380028C1E881E9402901EBC02B59
:10DF5C00802A41EA01EEC02E802F41EF002DC1ED49
:10DF6C0081EC402C01E4C024802541E50027C1E769
:10DF7C0081E640260022C1E281E3402301E1C02179
:10DF8C00802041E001A0C060806141A10063C1A379
:10DF9C0081A240620066C1A681A7406701A5C06549
:10DFAC00806441A4006CC1AC81AD406D01AFC06F09
:10DFBC00806E41AE01AAC06A806B41AB0069C1A9F9
:10DFCC0081A840680078C1B881B9407901BBC07B99
:10DFDC00807A41BA01BEC07E807F41BF007DC1BD49
:10DFEC0081BC407C01B4C074807541B50077C1B769
:10DFFC0081B640760072C1B281B3407301B1C07179
:10E00C00807041B00050C190819140510193C05338
:10E01C00805241920196C056805741970055C19548
:10E02C0081944054019CC05C805D419D005FC19F08
:10E03C00819E405E005AC19A819B405B0199C059F8
:10E04C00805841980188C04880494189004BC18B58
:10E05C00818A404A004EC18E818F404F018DC04D48
:10E06C00804C418C0044C184818540450187C04768
:10E07C00804641860182C042804341830041C18178
:10E08C0081804040000B161D050E13180A011C1749
:10E09C000F041912141F0209111A070C1E1508037C
:10E0AC001B100D060022154B10B59A60DA601A6130
:10E0BC005A619A61DA611A625A629A62DA621A6376
:10E0CC005A639A63DA631A645A649A64DA641A6556
:10E0DC005A659A65DA651A665A669A66DA661A6736
:10E0EC005A679A67DA67F03292000021044800F010
:10E0FC00D7FD044B044A1A6010BDC04600001050F6
:10E10C00B05300208457002080011050F0B54E46CB
:10E11C004546DE465746E0B5214B00249E6D012551
:10E12C0085B0002E22D01F4B9A46012399461E4BD8
:10E13C00984601E0202C19D02A00230001342F002E
:10E14C003240E4B26D00002AF4D0524697654A463C
:10E15C005B085B0022409B185B01434418009B4604
:10E16C0000F01EFC002808D1BE43E3D105B0F0BC82
:10E17C00BB46B246A946A046F0BD5B46E0219A7864
:10E18C00DB8A01A883600023C90001800121027190
:10E19C00437100F025FC584600F0A0FBE4E7C046B4
:10E1AC000000115000301150705300209823F0B52E
:10E1BC00C646C84A00B5D55880232E009B021024B1
:10E1CC0084B01E401D4274D0C34BC44C9A6AC44BDD
:10E1DC0000261A603B23E35C022B00D14FE17B232A
:10E1EC00E35C022B00D1F3E0BB23E35C022B00D1F8
:10E1FC00FAE0FB23E35C022B00D101E13C23FF336B
:10E20C00E35C022B00D12DE17C23FF33E35C022B7A
:10E21C0000D10EE1BC23FF33E35C022B00D13FE1C4
:10E22C00FC23FF33E35C022B00D1F5E0AD4BE35C48
:10E23C00022B00D174E1AC4BE35C022B00D105E165
:10E24C00AA4BE35C022B00D175E1A94BE35C022BDA
:10E25C0000D132E1A74BE35C022B00D1A0E1A64B2D
:10E26C00E35C022B00D171E1A44BE35C022B00D1E7
:10E27C00A1E1A34BE35C022B00D17FE1002E08D17E
:10E28C00A04B1B78002B04D180219F4A903389022C
:10E29C00D150C02269468F4B92009B6C80265B0547
:10E2AC008A805B0D012101A8029300F099FB974C29
:10E2BC00B602EB0600D57FE080235B021D4231D015
:10E2CC001E43012302249846844FBB7E002B14D09E
:10E2DC0000F04EFD012800D972E0C0220021380068
:10E2EC00920100F001FB380000F0F8FA00F040FD5C
:10E2FC00012802D9844B5C661C664346FB702037B0
:10E30C00012C22D1C0236A46DB009380804A02ABE9
:10E31C0003CA03C3012101A800F062FB80227A4BDF
:10E32C0092021A6580235B011D4210D18023DB0110
:10E33C001D4223D180231B021D422FD1AE4200D09F
:10E34C00C0E104B080BCB846F0BD0124BDE7002498
:10E35C001E43604B1C60FFF7A5FE80236A465B00E2
:10E36C0093801472012101A800F03AFB8022664BC5
:10E37C0012031A658023DB011D42DBD01E43802370
:10E38C006A46DB009380012101A800F029FB1022D2
:10E39C005D4B1A6580231B021D42CFD01E43A02368
:10E3AC006A46DB009380012101A800F019FB802252
:10E3BC00554B12011A65C1E7FFF7A8FE26007BE753
:10E3CC00544B444A1C66536E2340A342FBD184E752
:10E3DC007833E75C002F00D106E70233E25C002AB9
:10E3EC0000D00DE13E00FFE6B833E75C002F00D112
:10E3FC00FFE60233E25C002A00D0F9E03E00F8E6CA
:10E40C00F833E75C002F00D1F8E60233E25C002A17
:10E41C0000D041E13E00F1E6F933FF33E75C002F19
:10E42C0000D103E70233E25C002A00D02BE13E006E
:10E43C00FCE67933FF33E75C002F00D1EAE60233C8
:10E44C00E25C002A00D015E13E00E3E6324BE75CCB
:10E45C00002F00D1F4E60233E25C002A00D001E187
:10E46C003E00EDE63933FF33E75C002F00D1CBE6FD
:10E47C000233E25C002A00D0EBE03E00C4E6383305
:10E48C00E65C002E00D1AAE60233E25C002A00D141
:10E49C00A5E6200000222030E25400F04DFA9EE662
:10E4AC00B933FF33E75C002F00D1B9E60233E25CED
:10E4BC00002A00D0C4E03E00B2E6184BE75C002F07
:10E4CC0000D1C7E60233E25C002A00D0B0E03E0087
:10E4DC00C0E6C046000011500040054070530020BB
:10E4EC00445300203B0200007B020000BB020000F2
:10E4FC00FB0200003B0300007B030000BB03000099
:10E50C00FB030000C7720020003011501000020005
:10E51C0000001050002011507A020000FA02000096
:10E52C006B4BE75C002F00D185E60233E25C002ADE
:10E53C0076D13E007FE6674BE75C002F00D184E686
:10E54C000233E25C002A63D13E007EE6624BE75C5C
:10E55C00002F00D188E60233E25C002A00D0A3E051
:10E56C005E4BE35C022B30D15D4BE35C002B27D17F
:10E57C005C4BE35C022B00D08BE63E005A4BE35C19
:10E58C00002B00D17AE6FF239B00E25C002A00D12D
:10E59C007FE60022E2541C3BE01800F0CDF978E64F
:10E5AC00524BE75C002F00D159E60233E25C002AA3
:10E5BC0016D13E0053E64A4BE35C002B00D158E6E3
:10E5CC00EF239B00E25C002A75D1464BE35C022BE7
:10E5DC0000D05EE6444BE35C002B00D159E6D2E759
:10E5EC000022E2541C3BE01800F0A6F93E0036E68F
:10E5FC0020000022A030E2543E0000F09DF9F8E526
:10E60C00200000226030E2543E0000F095F9EBE56A
:10E61C000022E2541C3BE01800F08EF93E0014E698
:10E62C000022E2541C3BE01800F086F93E0002E6A2
:10E63C000022E2541C3BE01800F07EF93E0009E693
:10E64C0020000022A130FF30E2543E0000F074F9AB
:10E65C00E6E5200000222130FF30E2543E0000F0BD
:10E66C006BF9D1E50022E2541C3BE01800F064F990
:10E67C003E00E5E5200000226130FF30E2543E0010
:10E68C0000F05AF9C6E520000022E130FF30E254D8
:10E69C003E0000F051F9C9E520000022E030E254C0
:10E6AC003E0000F049F9A9E50022E2541C3BE018B9
:10E6BC0000F042F954E70022E2541C3BE01800F051
:10E6CC003BF982E731000A48694000F021FBC04663
:10E6DC003A020000BA0200007A030000BB030000FB
:10E6EC00BA030000FB030000FA0300003A03000029
:10E6FC00C4AC0010F0B5C64600B50200838A008B8E
:10E70C008C46011C984200D9191CD4788025200015
:10E71C00461EB04189B2ED000D434003284301254C
:10E72C006C405B1AD47054789BB29382002C31D11C
:10E73C006446D568A4014E1E2D19B04614690029F3
:10E74C0023D0062E32D92B0023439B072ED1631CDA
:10E75C00EB1A022B2AD900238F08BF00E658EE5083
:10E76C0004339F42FAD14346ED19DB1BE419B9423D
:10E77C0009D026782E70002B05D066786E70012B90
:10E78C0001D0A378AB701469938A64181461802249
:10E79C0012021043002B02D18023DB011843634685
:10E7AC00002B00D0000480BCB846F0BD0023E65C12
:10E7BC00EE5401339942FAD1E5E7C0468368F0B5CF
:10E7CC001A680400002900D0120C63789205900D91
:10E7DC00002B08D1E38AC318E382238B834201D92F
:10E7EC000023A382F0BDE368890125695E18471EEA
:10E7FC00002822D0062F26D901315B18EB1A022BE8
:10E80C0021D92B0033439B071DD10023120E9200FC
:10E81C00F158E95004339A42FAD1BF1AAD18B61820
:10E82C00904209D032782A70002F05D072786A7025
:10E83C00012F01D0B278AA702569E38A2D18C3186C
:10E84C00E3822561C9E70022B35CAB5401329042EC
:10E85C00FAD12569F1E7C04610B5040083680021A0
:10E86C001B68FFF7ABFF63681B685B0002D5238B4B
:10E87C00834200D010BD01212000FFF79FFFF9E774
:10E88C00084A0300126C0020920703D49A78D2092C
:10E89C00012A00D07047D87E023843425841C0B29A
:10E8AC00F8E7C0460000115010B5FFF7E9FF00284B
:10E8BC000CD00749074B8C46074A9B6A1268634485
:10E8CC009B1A0020C6229A424041C0B210BDC046DD
:10E8DC00E0FCFFFF004005404453002000238376FA
:10E8EC00436103617047C04610B58368002901D0AD
:10E8FC001C682140002A12D08024E40011432242DB
:10E90C000DD01A6822420CD1084A0A401A60084AF3
:10E91C00126C920703D40C23033BFDD2836819605D
:10E92C0010BD8178034800F0F3F9C046FFFBFFFFF0
:10E93C0000001150D8AC0010436870B50021802540
:10E94C0004001E68FFF7D6FE124B6D011A6C0543CE
:10E95C00A37892070ED55B060ED00F4B1E4080237A
:10E96C009B05334362680021136020002A00FFF7E7
:10E97C00BBFF70BDDB09F0D0A38A002BEDD00121C9
:10E98C002000FFF7B7FEA023044ADB053240054305
:10E99C001343E7E700001150FFFFFFAFFFFFFFDF5E
:10E9AC0070B5857E0400002D14D0FFF755FFA38AA7
:10E9BC00002B01D1280070BD2000FFF775FF002847
:10E9CC0003D0012300252377F4E72000FFF7B4FFE1
:10E9DC000025EFE78178014800F09AF9F8AC0010B7
:10E9EC00F0B5CE46474680B5437805000E0085B09D
:10E9FC00062B08D86C4A9B00D3589F466B4A137859
:10EA0C000133DBB213706A4B1C686269EFF310813F
:10EA1C0072B61368002BFCD0BFF35F8FA16120008E
:10EA2C00290000F08DF96269A369BFF35F8F0021A3
:10EA3C00116083F31088002804D105B0C0BCB9461E
:10EA4C00B046F0BD32006978287800F071F9F4E72F
:10EA5C000121584B1A788A431A701A7801318A436B
:10EA6C001A7000225A701A7802318A431A70CAE757
:10EA7C005149524F894652490024002388463A781E
:10EA8C0012E043461B6861015B18002B06D0DB6962
:10EA9C00002B03D06968287898473A780134E4B29F
:10EAAC00511C2300A14217DBA242EAD89B1A5B013E
:10EABC004B44ECE73F4B1A78D207BED504211A78A9
:10EACC000A431A709FE73B4B1A78D207B5D504213D
:10EADC001A788A431A7096E7364F3B785B072BD52A
:10EAEC0004223B78002193433B706B460632981D01
:10EAFC0000F0D6F82B7801AC2370052363702C4BF7
:10EB0C001B6898465A69EFF3108172B61368002B94
:10EB1C00FCD0BFF35F8F434640469961210000F063
:10EB2C000FF943465A699B69BFF35F8F002111604F
:10EB3C0083F31088002831D1FB78DB0700D47CE705
:10EB4C006B460A220021981D00F0AAF82B7801AC24
:10EB5C002370032363706B686360154B1D686A69CF
:10EB6C00EFF3108172B61368002BFCD0BFF35F8FEC
:10EB7C00A9612800210000F0E3F86A69AB69BFF3D2
:10EB8C005F8F0021116083F31088002800D154E7B7
:10EB9C0032006178207800F0CBF84EE732006178D3
:10EBAC00207800F0C5F8C7E7F0B10010C87200205B
:10EBBC00B04E0020584E00200CB20010C472002041
:10EBCC008C46002070B5437804000E00012B1FD03A
:10EBDC00184B1D686A69EFF3108172B61368002B2D
:10EBEC00FCD0BFF35F8FA9612800210000F0A8F8CA
:10EBFC006A69AB69BFF35F8F0021116083F31088E2
:10EC0C00002804D032006178207800F051F870BDF3
:10EC1C00094B01781A789142DAD101795A789142EC
:10EC2C00D6D141799A789142D2D11021DA788A439F
:10EC3C00DA70CDE738520020044A00207047C046F5
:10EC4C0001B40248844601BC604700BFED1A0010B5
:10EC5C0001B40248844601BC604700BF2930001053
:10EC6C0001B40248844601BC604700BF595B0010E8
:10EC7C0001B40248844601BC604700BF810D0010FE
:10EC8C0001B40248844601BC604700BF89310010C2
:10EC9C0001B40248844601BC604700BF55590010BE
:10ECAC0001B40248844601BC604700BF7D310010AE
:10ECBC0001B40248844601BC604700BFD17F0010FC
:10ECCC0001B40248844601BC604700BFAD5A001035
:10ECDC0001B40248844601BC604700BF055A0010CD
:10ECEC0001B40248844601BC604700BF5D58001067
:10ECFC0001B40248844601BC604700BF491D0010A6
:10ED0C0001B40248844601BC604700BF1B300010B0
:10ED1C0001B40248844601BC604700BF990E001044
:10ED2C0001B40248844601BC604700BFE72F0010C5
:10ED3C0001B40248844601BC604700BF0560001066
:10ED4C0001B40248844601BC604700BF89790010B9
:10ED5C0001B40248844601BC604700BF7930001002
:10ED6C0001B40248844601BC604700BFED2F00107F
:10ED7C0001B40248844601BC604700BF8D0E0010F0
:10ED8C0001B40248844601BC604700BFF32F001059
:10ED9C0001B40248844601BC604700BFDD0D001081
:10EDAC0001B40248844601BC604700BFA556001060
:10EDBC0001B40248844601BC604700BF0D5C0010E2
:10EDCC0001B40248844601BC604700BFAD2F00105F
:10EDDC0001B40248844601BC604700BF5D200010AE
:10EDEC0001B40248844601BC604700BFB50D001059
:10EDFC003CAD001010AB001018AB001028AB00108D
:10EE0C0038AB001000000000000102000000000000
:10EE1C00FFFF0000100000000000000000000100D7
:10EE2C0000000000000000000000020000000000D4
:10EE3C0000000000000003000000000000000000C3
:10EE4C000000FF000000000001B5486801318E464B
:10EE5C000047704609380149884701BDC1120010AE
:10EE6C000000000000000000000000000000000096
:10EE7C0000000000804200200000000000000000A4
:10EE8C00503300004C330000543300005233000068
:10EE9C004D5300004D430000533400004334000038
:10EEAC0080A50010B44E002010000C0000000000E3
:10EEBC000000000000000000000000000000000046
:10EECC00FF0000003C52002010000C00000000006D
:10EEDC000000000000000000000000000000000026
:10EEEC00FF000000FFFFFFFF000002000000000019
:10EEFC000000000000000000B03C0020B03C0020EE
:10EF0C00B83C0020B83C0020C03C0020C03C002095
:10EF1C00C83C0020C83C0020D03C0020D03C002045
:10EF2C00D83C0020D83C0020E03C0020E03C0020F5
:10EF3C00E83C0020E83C0020F03C0020F03C0020A5
:10EF4C00F83C0020F83C0020003D0020003D002053
:10EF5C00083D0020083D0020103D0020103D002001
:10EF6C00183D0020183D0020203D0020203D0020B1
:10EF7C00283D0020283D0020303D0020303D002061
:10EF8C00383D0020383D0020403D0020403D002011
:10EF9C00483D0020483D0020503D0020503D0020C1
:10EFAC00583D0020583D0020603D0020603D002071
:10EFBC00683D0020683D0020703D0020703D002021
:10EFCC00783D0020783D0020803D0020803D0020D1
:10EFDC00883D0020883D0020903D0020903D002081
:10EFEC00983D0020983D0020A03D0020A03D002031
:10EFFC00A83D0020A83D0020B03D0020B03D0020E1
:10F00C00B83D0020B83D0020C03D0020C03D002090
:10F01C00C83D0020C83D0020D03D0020D03D002040
:10F02C00D83D0020D83D0020E03D0020E03D0020F0
:10F03C00E83D0020E83D0020F03D0020F03D0020A0
:10F04C00F83D0020F83D0020003E0020003E00204E
:10F05C00083E0020083E0020103E0020103E0020FC
:10F06C00183E0020183E0020203E0020203E0020AC
:10F07C00283E0020283E0020303E0020303E00205C
:10F08C00383E0020383E0020403E0020403E00200C
:10F09C00483E0020483E0020503E0020503E0020BC
:10F0AC00583E0020583E0020603E0020603E00206C
:10F0BC00683E0020683E0020703E0020703E00201C
:10F0CC00783E0020783E0020803E0020803E0020CC
:10F0DC00883E0020883E0020903E0020903E00207C
:10F0EC00983E0020983E0020A03E0020A03E00202C
:10F0FC00A83E0020A83E0020B03E0020B03E0020DC
:10F10C00B83E0020B83E0020C03E0020C03E00208B
:10F11C00C83E0020C83E0020D03E0020D03E00203B
:10F12C00D83E0020D83E0020E03E0020E03E0020EB
:10F13C00E83E0020E83E0020F03E0020F03E00209B
:10F14C00F83E0020F83E0020003F0020003F002049
:10F15C00083F0020083F0020103F0020103F0020F7
:10F16C00183F0020183F0020203F0020203F0020A7
:10F17C00283F0020283F0020303F0020303F002057
:10F18C00383F0020383F0020403F0020403F002007
:10F19C00483F0020483F0020503F0020503F0020B7
:10F1AC00583F0020583F0020603F0020603F002067
:10F1BC00683F0020683F0020703F0020703F002017
:10F1CC00783F0020783F0020803F0020803F0020C7
:10F1DC00883F0020883F0020903F0020903F002077
:10F1EC00983F0020983F0020A03F0020A03F002027
:10F1FC00A83F0020A83F0020B03F0020B03F0020D7
:10F20C00B83F0020B83F0020C03F0020C03F002086
:10F21C00C83F0020C83F0020D03F0020D03F002036
:10F22C00D83F0020D83F0020E03F0020E03F0020E6
:10F23C00E83F0020E83F0020F03F0020F03F002096
:10F24C00F83F0020F83F0020004000200040002044
:10F25C0008400020084000201040002010400020F2
:10F26C0018400020184000202040002020400020A2
:10F27C002840002028400020304000203040002052
:10F28C003840002038400020404000204040002002
:10F29C0048400020484000205040002050400020B2
:10F2AC005840002058400020604000206040002062
:10F2BC006840002068400020704000207040002012
:10F2CC0078400020784000208040002080400020C2
:10F2DC008840002088400020904000209040002072
:10F2EC009840002098400020A0400020A040002022
:10F2FC00A8400020A8400020C040002000000000D2
:10F30C000000000050450020B84500202046002099
:10F31C0000000000000000000000000000000000E1
:10F32C0000000000000000000000000000000000D1
:10F33C0000000000000000000000000000000000C1
:10F34C0000000000000000000000000000000000B1
:10F35C0000000000000000000000000000000000A1
:10F36C000000000000000000000000000000000091
:10F37C000000000000000000000000000000000081
:10F38C000000000000000000000000000000000071
:10F39C000000000000000000010000000000000060
:10F3AC000E33CDAB34126DE6ECDE05000B00000025
:10F3BC000000000000000000000000000000000041
:10F3CC000000000000000000000000000000000031
:10F3DC000000000000000000000000000000000021
:10F3EC000000000000000000000000000000000011
:10F3FC000000000000000000000000000000000001
:10F40C0000000000000000000000000000000000F0
:10F41C0000000000000000000000000000000000E0
:10F42C0000000000000000000000000000000000D0
:10F43C0000000000000000000000000000000000C0
:10F44C0000000000000000000000000000000000B0
:04000005100001E9FD
:00000001FF
